id,cell_lines,drug,label
0,SIDM01111,Erlotinib,0
1,SIDM01179,Erlotinib,0
2,SIDM00877,Erlotinib,0
3,SIDM00953,Erlotinib,0
4,SIDM00951,Erlotinib,0
5,SIDM00632,Erlotinib,0
6,SIDM00927,Erlotinib,0
7,SIDM00391,Erlotinib,0
8,SIDM00417,Erlotinib,0
9,SIDM01009,Erlotinib,0
10,SIDM00395,Erlotinib,0
11,SIDM00829,Erlotinib,0
12,SIDM00791,Erlotinib,0
13,SIDM00121,Erlotinib,0
14,SIDM00145,Erlotinib,0
15,SIDM00087,Erlotinib,0
16,SIDM00900,Erlotinib,0
17,SIDM00954,Erlotinib,0
18,SIDM00515,Erlotinib,0
19,SIDM00886,Erlotinib,0
20,SIDM00949,Erlotinib,0
21,SIDM00948,Erlotinib,0
22,SIDM01001,Erlotinib,0
23,SIDM01049,Erlotinib,0
24,SIDM01047,Erlotinib,0
25,SIDM01042,Erlotinib,0
26,SIDM01057,Erlotinib,0
27,SIDM00227,Erlotinib,0
28,SIDM00671,Erlotinib,0
29,SIDM00661,Erlotinib,0
30,SIDM01013,Erlotinib,0
31,SIDM01012,Erlotinib,0
32,SIDM01005,Erlotinib,0
33,SIDM00785,Erlotinib,0
34,SIDM01019,Erlotinib,0
35,SIDM00308,Erlotinib,0
36,SIDM00327,Erlotinib,0
37,SIDM00329,Erlotinib,0
38,SIDM00346,Erlotinib,0
39,SIDM00342,Erlotinib,0
40,SIDM00340,Erlotinib,0
41,SIDM00526,Erlotinib,0
42,SIDM00387,Erlotinib,0
43,SIDM00388,Erlotinib,0
44,SIDM00441,Erlotinib,0
45,SIDM00438,Erlotinib,0
46,SIDM01023,Erlotinib,0
47,SIDM00429,Erlotinib,0
48,SIDM00641,Erlotinib,0
49,SIDM00580,Erlotinib,0
50,SIDM00457,Erlotinib,0
51,SIDM00451,Erlotinib,0
52,SIDM00447,Erlotinib,0
53,SIDM00403,Erlotinib,0
54,SIDM01086,Erlotinib,0
55,SIDM00380,Erlotinib,0
56,SIDM01107,Erlotinib,0
57,SIDM00390,Erlotinib,0
58,SIDM01154,Erlotinib,0
59,SIDM01172,Erlotinib,0
60,SIDM00412,Erlotinib,0
61,SIDM01018,Erlotinib,0
62,SIDM00286,Erlotinib,0
63,SIDM01248,Erlotinib,0
64,SIDM00907,Erlotinib,0
65,SIDM00287,Erlotinib,0
66,SIDM01089,Erlotinib,0
67,SIDM00895,Erlotinib,0
68,SIDM00896,Erlotinib,0
69,SIDM00332,Erlotinib,0
70,SIDM00938,Erlotinib,0
71,SIDM01064,Erlotinib,0
72,SIDM00312,Erlotinib,0
73,SIDM00410,Erlotinib,0
74,SIDM00963,Erlotinib,0
75,SIDM00289,Erlotinib,0
76,SIDM00330,Erlotinib,0
77,SIDM00419,Erlotinib,0
78,SIDM01176,Erlotinib,0
79,SIDM00462,Erlotinib,0
80,SIDM00944,Erlotinib,0
81,SIDM00993,Erlotinib,0
82,SIDM00946,Erlotinib,0
83,SIDM01048,Erlotinib,0
84,SIDM01058,Erlotinib,0
85,SIDM01071,Erlotinib,0
86,SIDM00428,Erlotinib,0
87,SIDM01036,Erlotinib,0
88,SIDM01015,Erlotinib,0
89,SIDM01004,Erlotinib,0
90,SIDM01034,Erlotinib,0
91,SIDM00313,Erlotinib,0
92,SIDM00338,Erlotinib,0
93,SIDM00434,Erlotinib,0
94,SIDM00443,Erlotinib,0
95,SIDM00461,Erlotinib,0
96,SIDM00458,Erlotinib,0
97,SIDM00450,Erlotinib,0
98,SIDM00448,Erlotinib,0
99,SIDM00415,Erlotinib,0
100,SIDM00404,Erlotinib,0
101,SIDM00422,Erlotinib,0
102,SIDM00421,Erlotinib,0
103,SIDM00416,Erlotinib,0
104,SIDM00413,Erlotinib,0
105,SIDM00395,Rapamycin,0
106,SIDM00124,Rapamycin,0
107,SIDM00387,Rapamycin,0
108,SIDM01089,Rapamycin,0
109,SIDM00332,Rapamycin,0
110,SIDM00944,Rapamycin,0
111,SIDM01111,PHA-665752,0
112,SIDM00706,PHA-665752,0
113,SIDM01131,PHA-665752,0
114,SIDM00877,PHA-665752,0
115,SIDM00953,PHA-665752,0
116,SIDM00632,PHA-665752,0
117,SIDM00927,PHA-665752,0
118,SIDM00391,PHA-665752,0
119,SIDM00417,PHA-665752,0
120,SIDM01009,PHA-665752,0
121,SIDM00395,PHA-665752,0
122,SIDM00829,PHA-665752,0
123,SIDM00791,PHA-665752,0
124,SIDM00121,PHA-665752,0
125,SIDM00145,PHA-665752,0
126,SIDM00087,PHA-665752,0
127,SIDM00900,PHA-665752,0
128,SIDM00952,PHA-665752,0
129,SIDM00954,PHA-665752,0
130,SIDM00515,PHA-665752,0
131,SIDM00886,PHA-665752,0
132,SIDM00949,PHA-665752,0
133,SIDM00948,PHA-665752,0
134,SIDM01001,PHA-665752,0
135,SIDM01049,PHA-665752,0
136,SIDM01047,PHA-665752,0
137,SIDM01042,PHA-665752,0
138,SIDM00227,PHA-665752,0
139,SIDM01073,PHA-665752,0
140,SIDM00594,PHA-665752,0
141,SIDM00671,PHA-665752,0
142,SIDM00661,PHA-665752,0
143,SIDM01013,PHA-665752,0
144,SIDM01012,PHA-665752,0
145,SIDM01005,PHA-665752,0
146,SIDM00785,PHA-665752,0
147,SIDM01019,PHA-665752,0
148,SIDM01020,PHA-665752,0
149,SIDM00308,PHA-665752,0
150,SIDM00327,PHA-665752,0
151,SIDM00329,PHA-665752,0
152,SIDM00346,PHA-665752,0
153,SIDM00342,PHA-665752,0
154,SIDM00340,PHA-665752,0
155,SIDM00526,PHA-665752,0
156,SIDM00387,PHA-665752,0
157,SIDM00388,PHA-665752,0
158,SIDM00441,PHA-665752,0
159,SIDM00438,PHA-665752,0
160,SIDM00431,PHA-665752,0
161,SIDM01023,PHA-665752,0
162,SIDM00580,PHA-665752,0
163,SIDM00457,PHA-665752,0
164,SIDM00451,PHA-665752,0
165,SIDM00447,PHA-665752,0
166,SIDM00403,PHA-665752,0
167,SIDM00396,PHA-665752,0
168,SIDM00380,PHA-665752,0
169,SIDM01107,PHA-665752,0
170,SIDM00390,PHA-665752,0
171,SIDM01172,PHA-665752,0
172,SIDM00424,PHA-665752,0
173,SIDM00412,PHA-665752,0
174,SIDM01018,PHA-665752,0
175,SIDM00286,PHA-665752,0
176,SIDM01248,PHA-665752,0
177,SIDM00907,PHA-665752,0
178,SIDM00287,PHA-665752,0
179,SIDM00962,PHA-665752,0
180,SIDM01089,PHA-665752,0
181,SIDM00895,PHA-665752,0
182,SIDM00332,PHA-665752,0
183,SIDM00938,PHA-665752,0
184,SIDM01064,PHA-665752,0
185,SIDM00312,PHA-665752,0
186,SIDM00410,PHA-665752,0
187,SIDM00963,PHA-665752,0
188,SIDM00289,PHA-665752,0
189,SIDM00330,PHA-665752,0
190,SIDM00419,PHA-665752,0
191,SIDM00462,PHA-665752,0
192,SIDM00944,PHA-665752,0
193,SIDM00993,PHA-665752,0
194,SIDM00946,PHA-665752,0
195,SIDM01048,PHA-665752,0
196,SIDM01058,PHA-665752,0
197,SIDM01071,PHA-665752,0
198,SIDM00428,PHA-665752,0
199,SIDM01036,PHA-665752,0
200,SIDM01015,PHA-665752,0
201,SIDM01004,PHA-665752,0
202,SIDM01034,PHA-665752,0
203,SIDM00313,PHA-665752,0
204,SIDM00338,PHA-665752,0
205,SIDM00437,PHA-665752,0
206,SIDM00434,PHA-665752,0
207,SIDM00443,PHA-665752,0
208,SIDM00460,PHA-665752,0
209,SIDM00458,PHA-665752,0
210,SIDM00450,PHA-665752,0
211,SIDM00415,PHA-665752,0
212,SIDM00404,PHA-665752,0
213,SIDM00407,PHA-665752,0
214,SIDM00423,PHA-665752,0
215,SIDM00421,PHA-665752,0
216,SIDM00416,PHA-665752,0
217,SIDM00413,PHA-665752,0
218,SIDM01111,MG-132,0
219,SIDM00706,MG-132,0
220,SIDM00877,MG-132,0
221,SIDM00632,MG-132,0
222,SIDM00395,MG-132,0
223,SIDM00124,MG-132,0
224,SIDM00087,MG-132,0
225,SIDM00948,MG-132,0
226,SIDM00981,MG-132,0
227,SIDM01012,MG-132,0
228,SIDM01005,MG-132,0
229,SIDM00387,MG-132,0
230,SIDM00438,MG-132,0
231,SIDM00580,MG-132,0
232,SIDM00447,MG-132,0
233,SIDM01086,MG-132,0
234,SIDM00380,MG-132,0
235,SIDM01107,MG-132,0
236,SIDM01154,MG-132,0
237,SIDM01172,MG-132,0
238,SIDM00412,MG-132,0
239,SIDM00907,MG-132,0
240,SIDM01089,MG-132,0
241,SIDM00332,MG-132,0
242,SIDM00410,MG-132,0
243,SIDM00963,MG-132,0
244,SIDM00391,Paclitaxel,0
245,SIDM01013,Paclitaxel,0
246,SIDM01012,Paclitaxel,0
247,SIDM01005,Paclitaxel,0
248,SIDM00380,Paclitaxel,0
249,SIDM01154,Paclitaxel,0
250,SIDM01089,Paclitaxel,0
251,SIDM00332,Paclitaxel,0
252,SIDM00289,Paclitaxel,0
253,SIDM00944,Paclitaxel,0
254,SIDM00391,AZ628,0
255,SIDM00286,AZ628,0
256,SIDM00332,AZ628,0
257,SIDM00953,Sorafenib,0
258,SIDM00124,Sorafenib,0
259,SIDM00632,Tozasertib,0
260,SIDM00391,Tozasertib,0
261,SIDM00395,Tozasertib,0
262,SIDM00124,Tozasertib,0
263,SIDM00954,Tozasertib,0
264,SIDM00515,Tozasertib,0
265,SIDM00886,Tozasertib,0
266,SIDM00948,Tozasertib,0
267,SIDM01049,Tozasertib,0
268,SIDM01042,Tozasertib,0
269,SIDM00661,Tozasertib,0
270,SIDM01013,Tozasertib,0
271,SIDM01012,Tozasertib,0
272,SIDM01005,Tozasertib,0
273,SIDM00785,Tozasertib,0
274,SIDM00327,Tozasertib,0
275,SIDM00438,Tozasertib,0
276,SIDM00380,Tozasertib,0
277,SIDM01107,Tozasertib,0
278,SIDM00390,Tozasertib,0
279,SIDM01154,Tozasertib,0
280,SIDM01172,Tozasertib,0
281,SIDM00424,Tozasertib,0
282,SIDM00412,Tozasertib,0
283,SIDM01248,Tozasertib,0
284,SIDM00907,Tozasertib,0
285,SIDM01089,Tozasertib,0
286,SIDM00896,Tozasertib,0
287,SIDM00332,Tozasertib,0
288,SIDM01064,Tozasertib,0
289,SIDM00410,Tozasertib,0
290,SIDM00963,Tozasertib,0
291,SIDM00419,Tozasertib,0
292,SIDM00462,Tozasertib,0
293,SIDM00944,Tozasertib,0
294,SIDM01048,Tozasertib,0
295,SIDM00313,Tozasertib,0
296,SIDM00338,Tozasertib,0
297,SIDM00415,Tozasertib,0
298,SIDM00413,Tozasertib,0
299,SIDM01111,Imatinib,0
300,SIDM00706,Imatinib,0
301,SIDM01131,Imatinib,0
302,SIDM01179,Imatinib,0
303,SIDM00877,Imatinib,0
304,SIDM00953,Imatinib,0
305,SIDM00951,Imatinib,0
306,SIDM00632,Imatinib,0
307,SIDM00339,Imatinib,0
308,SIDM00927,Imatinib,0
309,SIDM00391,Imatinib,0
310,SIDM00417,Imatinib,0
311,SIDM01009,Imatinib,0
312,SIDM00395,Imatinib,0
313,SIDM00829,Imatinib,0
314,SIDM00121,Imatinib,0
315,SIDM00145,Imatinib,0
316,SIDM00087,Imatinib,0
317,SIDM00900,Imatinib,0
318,SIDM01076,Imatinib,0
319,SIDM00952,Imatinib,0
320,SIDM00954,Imatinib,0
321,SIDM00515,Imatinib,0
322,SIDM00886,Imatinib,0
323,SIDM00949,Imatinib,0
324,SIDM00948,Imatinib,0
325,SIDM00981,Imatinib,0
326,SIDM01001,Imatinib,0
327,SIDM01049,Imatinib,0
328,SIDM01042,Imatinib,0
329,SIDM00227,Imatinib,0
330,SIDM01073,Imatinib,0
331,SIDM00594,Imatinib,0
332,SIDM00671,Imatinib,0
333,SIDM00661,Imatinib,0
334,SIDM01013,Imatinib,0
335,SIDM01012,Imatinib,0
336,SIDM01005,Imatinib,0
337,SIDM01003,Imatinib,0
338,SIDM00785,Imatinib,0
339,SIDM01019,Imatinib,0
340,SIDM01020,Imatinib,0
341,SIDM00308,Imatinib,0
342,SIDM00327,Imatinib,0
343,SIDM00329,Imatinib,0
344,SIDM00342,Imatinib,0
345,SIDM00340,Imatinib,0
346,SIDM00387,Imatinib,0
347,SIDM00388,Imatinib,0
348,SIDM00441,Imatinib,0
349,SIDM00438,Imatinib,0
350,SIDM00433,Imatinib,0
351,SIDM01023,Imatinib,0
352,SIDM00657,Imatinib,0
353,SIDM00429,Imatinib,0
354,SIDM00641,Imatinib,0
355,SIDM00580,Imatinib,0
356,SIDM00457,Imatinib,0
357,SIDM00451,Imatinib,0
358,SIDM00447,Imatinib,0
359,SIDM00403,Imatinib,0
360,SIDM00396,Imatinib,0
361,SIDM00380,Imatinib,0
362,SIDM01107,Imatinib,0
363,SIDM00390,Imatinib,0
364,SIDM01172,Imatinib,0
365,SIDM00424,Imatinib,0
366,SIDM00412,Imatinib,0
367,SIDM01018,Imatinib,0
368,SIDM00286,Imatinib,0
369,SIDM00907,Imatinib,0
370,SIDM00287,Imatinib,0
371,SIDM00985,Imatinib,0
372,SIDM01089,Imatinib,0
373,SIDM00895,Imatinib,0
374,SIDM00446,Imatinib,0
375,SIDM00332,Imatinib,0
376,SIDM00938,Imatinib,0
377,SIDM01064,Imatinib,0
378,SIDM00312,Imatinib,0
379,SIDM00410,Imatinib,0
380,SIDM00963,Imatinib,0
381,SIDM00289,Imatinib,0
382,SIDM00330,Imatinib,0
383,SIDM00419,Imatinib,0
384,SIDM00462,Imatinib,0
385,SIDM00944,Imatinib,0
386,SIDM00993,Imatinib,0
387,SIDM00946,Imatinib,0
388,SIDM01048,Imatinib,0
389,SIDM01058,Imatinib,0
390,SIDM01071,Imatinib,0
391,SIDM00428,Imatinib,0
392,SIDM01036,Imatinib,0
393,SIDM01034,Imatinib,0
394,SIDM00313,Imatinib,0
395,SIDM00338,Imatinib,0
396,SIDM00434,Imatinib,0
397,SIDM00443,Imatinib,0
398,SIDM00460,Imatinib,0
399,SIDM00458,Imatinib,0
400,SIDM00450,Imatinib,0
401,SIDM00415,Imatinib,0
402,SIDM00404,Imatinib,0
403,SIDM00407,Imatinib,0
404,SIDM00423,Imatinib,0
405,SIDM00422,Imatinib,0
406,SIDM00421,Imatinib,0
407,SIDM00416,Imatinib,0
408,SIDM00413,Imatinib,0
409,SIDM00706,NVP-TAE684,0
410,SIDM00395,NVP-TAE684,0
411,SIDM00791,NVP-TAE684,0
412,SIDM00124,NVP-TAE684,0
413,SIDM00886,NVP-TAE684,0
414,SIDM00948,NVP-TAE684,0
415,SIDM01049,NVP-TAE684,0
416,SIDM01042,NVP-TAE684,0
417,SIDM00671,NVP-TAE684,0
418,SIDM00661,NVP-TAE684,0
419,SIDM01013,NVP-TAE684,0
420,SIDM01012,NVP-TAE684,0
421,SIDM00387,NVP-TAE684,0
422,SIDM00438,NVP-TAE684,0
423,SIDM00380,NVP-TAE684,0
424,SIDM01107,NVP-TAE684,0
425,SIDM01154,NVP-TAE684,0
426,SIDM01172,NVP-TAE684,0
427,SIDM00424,NVP-TAE684,0
428,SIDM00907,NVP-TAE684,0
429,SIDM01089,NVP-TAE684,0
430,SIDM00332,NVP-TAE684,0
431,SIDM00938,NVP-TAE684,0
432,SIDM01064,NVP-TAE684,0
433,SIDM00410,NVP-TAE684,0
434,SIDM00963,NVP-TAE684,0
435,SIDM01071,NVP-TAE684,0
436,SIDM00413,NVP-TAE684,0
437,SIDM01111,Crizotinib,0
438,SIDM00706,Crizotinib,0
439,SIDM01131,Crizotinib,0
440,SIDM01179,Crizotinib,0
441,SIDM00953,Crizotinib,0
442,SIDM00632,Crizotinib,0
443,SIDM00339,Crizotinib,0
444,SIDM00927,Crizotinib,0
445,SIDM00417,Crizotinib,0
446,SIDM00395,Crizotinib,0
447,SIDM00829,Crizotinib,0
448,SIDM00121,Crizotinib,0
449,SIDM00900,Crizotinib,0
450,SIDM00954,Crizotinib,0
451,SIDM00515,Crizotinib,0
452,SIDM00886,Crizotinib,0
453,SIDM00948,Crizotinib,0
454,SIDM01001,Crizotinib,0
455,SIDM01049,Crizotinib,0
456,SIDM01042,Crizotinib,0
457,SIDM00227,Crizotinib,0
458,SIDM00594,Crizotinib,0
459,SIDM00671,Crizotinib,0
460,SIDM00661,Crizotinib,0
461,SIDM01013,Crizotinib,0
462,SIDM01012,Crizotinib,0
463,SIDM01005,Crizotinib,0
464,SIDM00785,Crizotinib,0
465,SIDM01019,Crizotinib,0
466,SIDM00308,Crizotinib,0
467,SIDM00327,Crizotinib,0
468,SIDM00329,Crizotinib,0
469,SIDM00342,Crizotinib,0
470,SIDM00340,Crizotinib,0
471,SIDM00387,Crizotinib,0
472,SIDM00388,Crizotinib,0
473,SIDM00441,Crizotinib,0
474,SIDM00438,Crizotinib,0
475,SIDM00580,Crizotinib,0
476,SIDM00451,Crizotinib,0
477,SIDM00447,Crizotinib,0
478,SIDM01086,Crizotinib,0
479,SIDM00380,Crizotinib,0
480,SIDM01107,Crizotinib,0
481,SIDM01154,Crizotinib,0
482,SIDM01172,Crizotinib,0
483,SIDM00424,Crizotinib,0
484,SIDM00412,Crizotinib,0
485,SIDM01018,Crizotinib,0
486,SIDM00286,Crizotinib,0
487,SIDM00907,Crizotinib,0
488,SIDM00287,Crizotinib,0
489,SIDM01089,Crizotinib,0
490,SIDM00895,Crizotinib,0
491,SIDM00896,Crizotinib,0
492,SIDM00446,Crizotinib,0
493,SIDM00332,Crizotinib,0
494,SIDM00938,Crizotinib,0
495,SIDM01064,Crizotinib,0
496,SIDM00410,Crizotinib,0
497,SIDM00963,Crizotinib,0
498,SIDM00289,Crizotinib,0
499,SIDM00330,Crizotinib,0
500,SIDM00419,Crizotinib,0
501,SIDM00462,Crizotinib,0
502,SIDM00944,Crizotinib,0
503,SIDM01048,Crizotinib,0
504,SIDM01058,Crizotinib,0
505,SIDM01071,Crizotinib,0
506,SIDM01036,Crizotinib,0
507,SIDM00338,Crizotinib,0
508,SIDM00415,Crizotinib,0
509,SIDM00416,Crizotinib,0
510,SIDM00413,Crizotinib,0
511,SIDM01111,Saracatinib,0
512,SIDM00706,Saracatinib,0
513,SIDM01131,Saracatinib,0
514,SIDM00953,Saracatinib,0
515,SIDM00632,Saracatinib,0
516,SIDM00391,Saracatinib,0
517,SIDM00417,Saracatinib,0
518,SIDM00395,Saracatinib,0
519,SIDM00829,Saracatinib,0
520,SIDM00124,Saracatinib,0
521,SIDM00121,Saracatinib,0
522,SIDM00087,Saracatinib,0
523,SIDM00952,Saracatinib,0
524,SIDM00954,Saracatinib,0
525,SIDM00886,Saracatinib,0
526,SIDM00949,Saracatinib,0
527,SIDM00948,Saracatinib,0
528,SIDM01001,Saracatinib,0
529,SIDM01049,Saracatinib,0
530,SIDM01042,Saracatinib,0
531,SIDM00227,Saracatinib,0
532,SIDM01073,Saracatinib,0
533,SIDM00594,Saracatinib,0
534,SIDM00671,Saracatinib,0
535,SIDM00661,Saracatinib,0
536,SIDM01013,Saracatinib,0
537,SIDM01012,Saracatinib,0
538,SIDM01005,Saracatinib,0
539,SIDM01003,Saracatinib,0
540,SIDM00785,Saracatinib,0
541,SIDM01019,Saracatinib,0
542,SIDM01020,Saracatinib,0
543,SIDM00327,Saracatinib,0
544,SIDM00342,Saracatinib,0
545,SIDM00340,Saracatinib,0
546,SIDM00387,Saracatinib,0
547,SIDM00388,Saracatinib,0
548,SIDM00441,Saracatinib,0
549,SIDM00438,Saracatinib,0
550,SIDM00433,Saracatinib,0
551,SIDM01023,Saracatinib,0
552,SIDM00429,Saracatinib,0
553,SIDM00580,Saracatinib,0
554,SIDM00457,Saracatinib,0
555,SIDM00447,Saracatinib,0
556,SIDM01086,Saracatinib,0
557,SIDM00396,Saracatinib,0
558,SIDM01107,Saracatinib,0
559,SIDM00390,Saracatinib,0
560,SIDM01154,Saracatinib,0
561,SIDM01172,Saracatinib,0
562,SIDM00424,Saracatinib,0
563,SIDM00412,Saracatinib,0
564,SIDM01018,Saracatinib,0
565,SIDM00286,Saracatinib,0
566,SIDM00907,Saracatinib,0
567,SIDM00287,Saracatinib,0
568,SIDM01089,Saracatinib,0
569,SIDM00895,Saracatinib,0
570,SIDM00896,Saracatinib,0
571,SIDM00446,Saracatinib,0
572,SIDM00332,Saracatinib,0
573,SIDM00938,Saracatinib,0
574,SIDM01064,Saracatinib,0
575,SIDM00312,Saracatinib,0
576,SIDM00410,Saracatinib,0
577,SIDM00963,Saracatinib,0
578,SIDM00289,Saracatinib,0
579,SIDM00330,Saracatinib,0
580,SIDM00419,Saracatinib,0
581,SIDM00462,Saracatinib,0
582,SIDM00944,Saracatinib,0
583,SIDM00993,Saracatinib,0
584,SIDM00946,Saracatinib,0
585,SIDM01048,Saracatinib,0
586,SIDM01058,Saracatinib,0
587,SIDM01071,Saracatinib,0
588,SIDM00428,Saracatinib,0
589,SIDM01036,Saracatinib,0
590,SIDM00313,Saracatinib,0
591,SIDM00338,Saracatinib,0
592,SIDM00434,Saracatinib,0
593,SIDM00461,Saracatinib,0
594,SIDM00460,Saracatinib,0
595,SIDM00458,Saracatinib,0
596,SIDM00450,Saracatinib,0
597,SIDM00415,Saracatinib,0
598,SIDM00423,Saracatinib,0
599,SIDM00422,Saracatinib,0
600,SIDM00421,Saracatinib,0
601,SIDM00416,Saracatinib,0
602,SIDM00413,Saracatinib,0
603,SIDM00706,Z-LLNle-CHO,0
604,SIDM00395,Z-LLNle-CHO,0
605,SIDM00515,Z-LLNle-CHO,0
606,SIDM01012,Z-LLNle-CHO,0
607,SIDM00380,Z-LLNle-CHO,0
608,SIDM01107,Z-LLNle-CHO,0
609,SIDM01154,Z-LLNle-CHO,0
610,SIDM00332,Z-LLNle-CHO,0
611,SIDM00963,Z-LLNle-CHO,0
612,SIDM00428,Z-LLNle-CHO,0
613,SIDM01111,Dasatinib,0
614,SIDM00706,Dasatinib,0
615,SIDM01131,Dasatinib,0
616,SIDM00877,Dasatinib,0
617,SIDM00953,Dasatinib,0
618,SIDM00632,Dasatinib,0
619,SIDM00391,Dasatinib,0
620,SIDM00417,Dasatinib,0
621,SIDM00395,Dasatinib,0
622,SIDM00829,Dasatinib,0
623,SIDM00121,Dasatinib,0
624,SIDM00087,Dasatinib,0
625,SIDM00954,Dasatinib,0
626,SIDM00515,Dasatinib,0
627,SIDM00886,Dasatinib,0
628,SIDM00949,Dasatinib,0
629,SIDM01001,Dasatinib,0
630,SIDM00594,Dasatinib,0
631,SIDM00671,Dasatinib,0
632,SIDM00661,Dasatinib,0
633,SIDM01012,Dasatinib,0
634,SIDM01005,Dasatinib,0
635,SIDM01003,Dasatinib,0
636,SIDM00785,Dasatinib,0
637,SIDM01019,Dasatinib,0
638,SIDM01020,Dasatinib,0
639,SIDM00327,Dasatinib,0
640,SIDM00342,Dasatinib,0
641,SIDM00340,Dasatinib,0
642,SIDM00387,Dasatinib,0
643,SIDM00441,Dasatinib,0
644,SIDM00431,Dasatinib,0
645,SIDM00580,Dasatinib,0
646,SIDM01086,Dasatinib,0
647,SIDM00380,Dasatinib,0
648,SIDM01107,Dasatinib,0
649,SIDM00390,Dasatinib,0
650,SIDM01154,Dasatinib,0
651,SIDM01172,Dasatinib,0
652,SIDM00424,Dasatinib,0
653,SIDM00412,Dasatinib,0
654,SIDM01018,Dasatinib,0
655,SIDM00286,Dasatinib,0
656,SIDM01089,Dasatinib,0
657,SIDM00895,Dasatinib,0
658,SIDM00896,Dasatinib,0
659,SIDM00332,Dasatinib,0
660,SIDM00938,Dasatinib,0
661,SIDM01064,Dasatinib,0
662,SIDM00312,Dasatinib,0
663,SIDM00410,Dasatinib,0
664,SIDM00963,Dasatinib,0
665,SIDM00289,Dasatinib,0
666,SIDM00330,Dasatinib,0
667,SIDM00419,Dasatinib,0
668,SIDM00462,Dasatinib,0
669,SIDM00944,Dasatinib,0
670,SIDM01048,Dasatinib,0
671,SIDM01071,Dasatinib,0
672,SIDM00428,Dasatinib,0
673,SIDM00313,Dasatinib,0
674,SIDM00338,Dasatinib,0
675,SIDM00461,Dasatinib,0
676,SIDM00458,Dasatinib,0
677,SIDM00450,Dasatinib,0
678,SIDM00415,Dasatinib,0
679,SIDM00422,Dasatinib,0
680,SIDM00421,Dasatinib,0
681,SIDM00413,Dasatinib,0
682,SIDM01111,GNF-2,0
683,SIDM00706,GNF-2,0
684,SIDM01131,GNF-2,0
685,SIDM01179,GNF-2,0
686,SIDM00877,GNF-2,0
687,SIDM00953,GNF-2,0
688,SIDM00951,GNF-2,0
689,SIDM00632,GNF-2,0
690,SIDM00339,GNF-2,0
691,SIDM00927,GNF-2,0
692,SIDM00391,GNF-2,0
693,SIDM00417,GNF-2,0
694,SIDM01009,GNF-2,0
695,SIDM00395,GNF-2,0
696,SIDM00829,GNF-2,0
697,SIDM00121,GNF-2,0
698,SIDM00145,GNF-2,0
699,SIDM00087,GNF-2,0
700,SIDM00900,GNF-2,0
701,SIDM01076,GNF-2,0
702,SIDM00954,GNF-2,0
703,SIDM00515,GNF-2,0
704,SIDM00886,GNF-2,0
705,SIDM00949,GNF-2,0
706,SIDM00948,GNF-2,0
707,SIDM00981,GNF-2,0
708,SIDM01001,GNF-2,0
709,SIDM01049,GNF-2,0
710,SIDM01042,GNF-2,0
711,SIDM01057,GNF-2,0
712,SIDM00227,GNF-2,0
713,SIDM01073,GNF-2,0
714,SIDM00594,GNF-2,0
715,SIDM00671,GNF-2,0
716,SIDM00661,GNF-2,0
717,SIDM01013,GNF-2,0
718,SIDM01012,GNF-2,0
719,SIDM01005,GNF-2,0
720,SIDM01003,GNF-2,0
721,SIDM00785,GNF-2,0
722,SIDM01019,GNF-2,0
723,SIDM01020,GNF-2,0
724,SIDM00308,GNF-2,0
725,SIDM00327,GNF-2,0
726,SIDM00329,GNF-2,0
727,SIDM00342,GNF-2,0
728,SIDM00340,GNF-2,0
729,SIDM00637,GNF-2,0
730,SIDM00387,GNF-2,0
731,SIDM00388,GNF-2,0
732,SIDM00441,GNF-2,0
733,SIDM00438,GNF-2,0
734,SIDM00431,GNF-2,0
735,SIDM01023,GNF-2,0
736,SIDM00657,GNF-2,0
737,SIDM00429,GNF-2,0
738,SIDM00641,GNF-2,0
739,SIDM00580,GNF-2,0
740,SIDM00457,GNF-2,0
741,SIDM00451,GNF-2,0
742,SIDM00403,GNF-2,0
743,SIDM01086,GNF-2,0
744,SIDM00396,GNF-2,0
745,SIDM00380,GNF-2,0
746,SIDM01107,GNF-2,0
747,SIDM00390,GNF-2,0
748,SIDM01154,GNF-2,0
749,SIDM01172,GNF-2,0
750,SIDM00424,GNF-2,0
751,SIDM00412,GNF-2,0
752,SIDM01018,GNF-2,0
753,SIDM00286,GNF-2,0
754,SIDM01248,GNF-2,0
755,SIDM00907,GNF-2,0
756,SIDM00287,GNF-2,0
757,SIDM01089,GNF-2,0
758,SIDM00895,GNF-2,0
759,SIDM00896,GNF-2,0
760,SIDM00446,GNF-2,0
761,SIDM00332,GNF-2,0
762,SIDM00938,GNF-2,0
763,SIDM01064,GNF-2,0
764,SIDM00312,GNF-2,0
765,SIDM00963,GNF-2,0
766,SIDM00289,GNF-2,0
767,SIDM00330,GNF-2,0
768,SIDM00419,GNF-2,0
769,SIDM00462,GNF-2,0
770,SIDM00944,GNF-2,0
771,SIDM00993,GNF-2,0
772,SIDM00946,GNF-2,0
773,SIDM01048,GNF-2,0
774,SIDM01058,GNF-2,0
775,SIDM01071,GNF-2,0
776,SIDM00428,GNF-2,0
777,SIDM01036,GNF-2,0
778,SIDM01034,GNF-2,0
779,SIDM00313,GNF-2,0
780,SIDM00338,GNF-2,0
781,SIDM00437,GNF-2,0
782,SIDM00434,GNF-2,0
783,SIDM00443,GNF-2,0
784,SIDM00461,GNF-2,0
785,SIDM00460,GNF-2,0
786,SIDM00458,GNF-2,0
787,SIDM00450,GNF-2,0
788,SIDM00415,GNF-2,0
789,SIDM00404,GNF-2,0
790,SIDM00407,GNF-2,0
791,SIDM00423,GNF-2,0
792,SIDM00422,GNF-2,0
793,SIDM00421,GNF-2,0
794,SIDM00413,GNF-2,0
795,SIDM01012,CGP-60474,0
796,SIDM00380,CGP-60474,0
797,SIDM01107,CGP-60474,0
798,SIDM01154,CGP-60474,0
799,SIDM01089,CGP-60474,0
800,SIDM00332,CGP-60474,0
801,SIDM00963,CGP-60474,0
802,SIDM00944,CGP-60474,0
803,SIDM01013,CGP-082996,0
804,SIDM01107,WH-4-023,0
805,SIDM00632,BI-2536,0
806,SIDM00395,BI-2536,0
807,SIDM00124,BI-2536,0
808,SIDM00515,BI-2536,0
809,SIDM01013,BI-2536,0
810,SIDM01012,BI-2536,0
811,SIDM00785,BI-2536,0
812,SIDM00380,BI-2536,0
813,SIDM01107,BI-2536,0
814,SIDM01154,BI-2536,0
815,SIDM00424,BI-2536,0
816,SIDM00412,BI-2536,0
817,SIDM01089,BI-2536,0
818,SIDM00332,BI-2536,0
819,SIDM00410,BI-2536,0
820,SIDM00289,BI-2536,0
821,SIDM00944,BI-2536,0
822,SIDM00706,CMK,0
823,SIDM00124,CMK,0
824,SIDM00886,CMK,0
825,SIDM01013,CMK,0
826,SIDM01012,CMK,0
827,SIDM00580,CMK,0
828,SIDM01107,CMK,0
829,SIDM00963,CMK,0
830,SIDM00944,CMK,0
831,SIDM00632,JW-7-52-1,0
832,SIDM00124,JW-7-52-1,0
833,SIDM00515,JW-7-52-1,0
834,SIDM01012,JW-7-52-1,0
835,SIDM00380,JW-7-52-1,0
836,SIDM01154,JW-7-52-1,0
837,SIDM01089,JW-7-52-1,0
838,SIDM00332,JW-7-52-1,0
839,SIDM00410,JW-7-52-1,0
840,SIDM00632,A-443654,0
841,SIDM00395,A-443654,0
842,SIDM00124,A-443654,0
843,SIDM00515,A-443654,0
844,SIDM01013,A-443654,0
845,SIDM01012,A-443654,0
846,SIDM01005,A-443654,0
847,SIDM00785,A-443654,0
848,SIDM00380,A-443654,0
849,SIDM01107,A-443654,0
850,SIDM01154,A-443654,0
851,SIDM01172,A-443654,0
852,SIDM00412,A-443654,0
853,SIDM01089,A-443654,0
854,SIDM01064,A-443654,0
855,SIDM00410,A-443654,0
856,SIDM00289,A-443654,0
857,SIDM00944,A-443654,0
858,SIDM00515,GW843682X,0
859,SIDM01013,GW843682X,0
860,SIDM01012,GW843682X,0
861,SIDM00785,GW843682X,0
862,SIDM00380,GW843682X,0
863,SIDM01107,GW843682X,0
864,SIDM01154,GW843682X,0
865,SIDM00424,GW843682X,0
866,SIDM00412,GW843682X,0
867,SIDM01089,GW843682X,0
868,SIDM00410,GW843682X,0
869,SIDM00124,Parthenolide,0
870,SIDM01107,Parthenolide,0
871,SIDM00124,GSK319347A,0
872,SIDM01107,GSK319347A,0
873,SIDM01111,Lapatinib,0
874,SIDM00706,Lapatinib,0
875,SIDM01131,Lapatinib,0
876,SIDM01179,Lapatinib,0
877,SIDM00877,Lapatinib,0
878,SIDM00953,Lapatinib,0
879,SIDM00951,Lapatinib,0
880,SIDM00632,Lapatinib,0
881,SIDM00927,Lapatinib,0
882,SIDM00391,Lapatinib,0
883,SIDM00417,Lapatinib,0
884,SIDM01009,Lapatinib,0
885,SIDM00395,Lapatinib,0
886,SIDM00829,Lapatinib,0
887,SIDM00791,Lapatinib,0
888,SIDM00121,Lapatinib,0
889,SIDM00087,Lapatinib,0
890,SIDM00900,Lapatinib,0
891,SIDM01076,Lapatinib,0
892,SIDM00954,Lapatinib,0
893,SIDM00515,Lapatinib,0
894,SIDM00886,Lapatinib,0
895,SIDM00949,Lapatinib,0
896,SIDM00948,Lapatinib,0
897,SIDM01001,Lapatinib,0
898,SIDM01049,Lapatinib,0
899,SIDM01047,Lapatinib,0
900,SIDM01057,Lapatinib,0
901,SIDM00227,Lapatinib,0
902,SIDM01073,Lapatinib,0
903,SIDM00594,Lapatinib,0
904,SIDM00671,Lapatinib,0
905,SIDM00661,Lapatinib,0
906,SIDM01013,Lapatinib,0
907,SIDM01012,Lapatinib,0
908,SIDM01005,Lapatinib,0
909,SIDM01003,Lapatinib,0
910,SIDM00785,Lapatinib,0
911,SIDM01019,Lapatinib,0
912,SIDM00308,Lapatinib,0
913,SIDM00327,Lapatinib,0
914,SIDM00329,Lapatinib,0
915,SIDM00346,Lapatinib,0
916,SIDM00342,Lapatinib,0
917,SIDM00340,Lapatinib,0
918,SIDM00526,Lapatinib,0
919,SIDM00387,Lapatinib,0
920,SIDM00441,Lapatinib,0
921,SIDM00438,Lapatinib,0
922,SIDM01023,Lapatinib,0
923,SIDM00657,Lapatinib,0
924,SIDM00641,Lapatinib,0
925,SIDM00580,Lapatinib,0
926,SIDM00457,Lapatinib,0
927,SIDM00447,Lapatinib,0
928,SIDM01086,Lapatinib,0
929,SIDM00396,Lapatinib,0
930,SIDM00380,Lapatinib,0
931,SIDM01107,Lapatinib,0
932,SIDM00390,Lapatinib,0
933,SIDM01154,Lapatinib,0
934,SIDM01172,Lapatinib,0
935,SIDM00412,Lapatinib,0
936,SIDM01018,Lapatinib,0
937,SIDM00286,Lapatinib,0
938,SIDM01248,Lapatinib,0
939,SIDM00907,Lapatinib,0
940,SIDM00287,Lapatinib,0
941,SIDM00962,Lapatinib,0
942,SIDM01089,Lapatinib,0
943,SIDM00895,Lapatinib,0
944,SIDM00896,Lapatinib,0
945,SIDM00446,Lapatinib,0
946,SIDM00332,Lapatinib,0
947,SIDM00938,Lapatinib,0
948,SIDM00312,Lapatinib,0
949,SIDM00410,Lapatinib,0
950,SIDM00289,Lapatinib,0
951,SIDM00330,Lapatinib,0
952,SIDM00419,Lapatinib,0
953,SIDM01176,Lapatinib,0
954,SIDM00462,Lapatinib,0
955,SIDM00944,Lapatinib,0
956,SIDM00994,Lapatinib,0
957,SIDM00993,Lapatinib,0
958,SIDM00946,Lapatinib,0
959,SIDM01048,Lapatinib,0
960,SIDM01058,Lapatinib,0
961,SIDM01071,Lapatinib,0
962,SIDM00428,Lapatinib,0
963,SIDM01036,Lapatinib,0
964,SIDM01015,Lapatinib,0
965,SIDM01004,Lapatinib,0
966,SIDM01034,Lapatinib,0
967,SIDM00313,Lapatinib,0
968,SIDM00338,Lapatinib,0
969,SIDM00437,Lapatinib,0
970,SIDM00443,Lapatinib,0
971,SIDM00461,Lapatinib,0
972,SIDM00460,Lapatinib,0
973,SIDM00458,Lapatinib,0
974,SIDM00450,Lapatinib,0
975,SIDM00448,Lapatinib,0
976,SIDM00415,Lapatinib,0
977,SIDM00422,Lapatinib,0
978,SIDM00421,Lapatinib,0
979,SIDM00416,Lapatinib,0
980,SIDM00413,Lapatinib,0
981,SIDM01111,GSK269962A,0
982,SIDM01179,GSK269962A,0
983,SIDM00953,GSK269962A,0
984,SIDM00632,GSK269962A,0
985,SIDM00391,GSK269962A,0
986,SIDM00124,GSK269962A,0
987,SIDM00900,GSK269962A,0
988,SIDM00954,GSK269962A,0
989,SIDM00515,GSK269962A,0
990,SIDM01042,GSK269962A,0
991,SIDM01073,GSK269962A,0
992,SIDM00671,GSK269962A,0
993,SIDM01012,GSK269962A,0
994,SIDM01005,GSK269962A,0
995,SIDM01019,GSK269962A,0
996,SIDM01020,GSK269962A,0
997,SIDM00327,GSK269962A,0
998,SIDM00340,GSK269962A,0
999,SIDM00526,GSK269962A,0
1000,SIDM00438,GSK269962A,0
1001,SIDM01023,GSK269962A,0
1002,SIDM01086,GSK269962A,0
1003,SIDM00380,GSK269962A,0
1004,SIDM01107,GSK269962A,0
1005,SIDM01154,GSK269962A,0
1006,SIDM01172,GSK269962A,0
1007,SIDM00424,GSK269962A,0
1008,SIDM01248,GSK269962A,0
1009,SIDM00332,GSK269962A,0
1010,SIDM01064,GSK269962A,0
1011,SIDM00410,GSK269962A,0
1012,SIDM00963,GSK269962A,0
1013,SIDM00330,GSK269962A,0
1014,SIDM00944,GSK269962A,0
1015,SIDM01048,GSK269962A,0
1016,SIDM01058,GSK269962A,0
1017,SIDM01004,GSK269962A,0
1018,SIDM00313,GSK269962A,0
1019,SIDM00338,GSK269962A,0
1020,SIDM00448,GSK269962A,0
1021,SIDM00415,GSK269962A,0
1022,SIDM00413,GSK269962A,0
1023,SIDM00124,Doxorubicin,0
1024,SIDM00947,Doxorubicin,0
1025,SIDM01012,Doxorubicin,0
1026,SIDM01107,Doxorubicin,0
1027,SIDM00832,Doxorubicin,0
1028,SIDM00411,Doxorubicin,0
1029,SIDM00332,Doxorubicin,0
1030,SIDM00944,Doxorubicin,0
1031,SIDM00950,Doxorubicin,0
1032,SIDM00338,Doxorubicin,0
1033,SIDM01085,Gemcitabine,0
1034,SIDM00874,Gemcitabine,0
1035,SIDM00124,Gemcitabine,0
1036,SIDM00941,Gemcitabine,0
1037,SIDM00954,Gemcitabine,0
1038,SIDM00930,Gemcitabine,0
1039,SIDM00947,Gemcitabine,0
1040,SIDM01056,Gemcitabine,0
1041,SIDM01013,Gemcitabine,0
1042,SIDM01012,Gemcitabine,0
1043,SIDM01033,Gemcitabine,0
1044,SIDM00340,Gemcitabine,0
1045,SIDM00272,Gemcitabine,0
1046,SIDM01107,Gemcitabine,0
1047,SIDM00832,Gemcitabine,0
1048,SIDM00411,Gemcitabine,0
1049,SIDM00957,Gemcitabine,0
1050,SIDM00343,Gemcitabine,0
1051,SIDM01089,Gemcitabine,0
1052,SIDM00943,Gemcitabine,0
1053,SIDM00332,Gemcitabine,0
1054,SIDM00935,Gemcitabine,0
1055,SIDM00963,Gemcitabine,0
1056,SIDM00330,Gemcitabine,0
1057,SIDM01040,Gemcitabine,0
1058,SIDM01067,Gemcitabine,0
1059,SIDM00929,Gemcitabine,0
1060,SIDM00944,Gemcitabine,0
1061,SIDM00950,Gemcitabine,0
1062,SIDM01062,Gemcitabine,0
1063,SIDM00415,Gemcitabine,0
1064,SIDM01013,Vinorelbine,0
1065,SIDM01107,Vinorelbine,0
1066,SIDM01111,Bicalutamide,0
1067,SIDM00807,Bicalutamide,0
1068,SIDM01085,Bicalutamide,0
1069,SIDM00982,Bicalutamide,0
1070,SIDM00512,Bicalutamide,0
1071,SIDM00706,Bicalutamide,0
1072,SIDM01131,Bicalutamide,0
1073,SIDM01179,Bicalutamide,0
1074,SIDM00877,Bicalutamide,0
1075,SIDM00874,Bicalutamide,0
1076,SIDM00990,Bicalutamide,0
1077,SIDM00986,Bicalutamide,0
1078,SIDM00939,Bicalutamide,0
1079,SIDM00942,Bicalutamide,0
1080,SIDM00953,Bicalutamide,0
1081,SIDM00951,Bicalutamide,0
1082,SIDM00632,Bicalutamide,0
1083,SIDM01032,Bicalutamide,0
1084,SIDM01028,Bicalutamide,0
1085,SIDM01025,Bicalutamide,0
1086,SIDM01024,Bicalutamide,0
1087,SIDM00345,Bicalutamide,0
1088,SIDM00339,Bicalutamide,0
1089,SIDM00927,Bicalutamide,0
1090,SIDM00391,Bicalutamide,0
1091,SIDM00417,Bicalutamide,0
1092,SIDM01009,Bicalutamide,0
1093,SIDM00395,Bicalutamide,0
1094,SIDM00934,Bicalutamide,0
1095,SIDM00088,Bicalutamide,0
1096,SIDM00120,Bicalutamide,0
1097,SIDM00783,Bicalutamide,0
1098,SIDM00789,Bicalutamide,0
1099,SIDM00829,Bicalutamide,0
1100,SIDM00136,Bicalutamide,0
1101,SIDM00791,Bicalutamide,0
1102,SIDM00097,Bicalutamide,0
1103,SIDM00148,Bicalutamide,0
1104,SIDM00124,Bicalutamide,0
1105,SIDM00903,Bicalutamide,0
1106,SIDM00121,Bicalutamide,0
1107,SIDM00145,Bicalutamide,0
1108,SIDM00146,Bicalutamide,0
1109,SIDM00941,Bicalutamide,0
1110,SIDM00087,Bicalutamide,0
1111,SIDM00987,Bicalutamide,0
1112,SIDM00900,Bicalutamide,0
1113,SIDM00997,Bicalutamide,0
1114,SIDM00983,Bicalutamide,0
1115,SIDM00999,Bicalutamide,0
1116,SIDM01076,Bicalutamide,0
1117,SIDM00954,Bicalutamide,0
1118,SIDM00515,Bicalutamide,0
1119,SIDM00284,Bicalutamide,0
1120,SIDM00940,Bicalutamide,0
1121,SIDM00930,Bicalutamide,0
1122,SIDM00931,Bicalutamide,0
1123,SIDM00886,Bicalutamide,0
1124,SIDM00867,Bicalutamide,0
1125,SIDM00949,Bicalutamide,0
1126,SIDM00948,Bicalutamide,0
1127,SIDM00947,Bicalutamide,0
1128,SIDM00981,Bicalutamide,0
1129,SIDM01001,Bicalutamide,0
1130,SIDM01056,Bicalutamide,0
1131,SIDM01051,Bicalutamide,0
1132,SIDM01049,Bicalutamide,0
1133,SIDM01047,Bicalutamide,0
1134,SIDM01042,Bicalutamide,0
1135,SIDM00860,Bicalutamide,0
1136,SIDM01055,Bicalutamide,0
1137,SIDM01057,Bicalutamide,0
1138,SIDM00227,Bicalutamide,0
1139,SIDM01043,Bicalutamide,0
1140,SIDM01073,Bicalutamide,0
1141,SIDM00594,Bicalutamide,0
1142,SIDM00671,Bicalutamide,0
1143,SIDM00661,Bicalutamide,0
1144,SIDM00828,Bicalutamide,0
1145,SIDM01060,Bicalutamide,0
1146,SIDM01059,Bicalutamide,0
1147,SIDM01218,Bicalutamide,0
1148,SIDM01013,Bicalutamide,0
1149,SIDM01012,Bicalutamide,0
1150,SIDM01003,Bicalutamide,0
1151,SIDM00785,Bicalutamide,0
1152,SIDM01019,Bicalutamide,0
1153,SIDM01020,Bicalutamide,0
1154,SIDM00308,Bicalutamide,0
1155,SIDM01033,Bicalutamide,0
1156,SIDM01031,Bicalutamide,0
1157,SIDM01030,Bicalutamide,0
1158,SIDM01029,Bicalutamide,0
1159,SIDM01027,Bicalutamide,0
1160,SIDM01026,Bicalutamide,0
1161,SIDM00327,Bicalutamide,0
1162,SIDM00329,Bicalutamide,0
1163,SIDM00346,Bicalutamide,0
1164,SIDM00342,Bicalutamide,0
1165,SIDM00340,Bicalutamide,0
1166,SIDM00637,Bicalutamide,0
1167,SIDM00272,Bicalutamide,0
1168,SIDM00628,Bicalutamide,0
1169,SIDM00337,Bicalutamide,0
1170,SIDM00336,Bicalutamide,0
1171,SIDM00526,Bicalutamide,0
1172,SIDM00335,Bicalutamide,0
1173,SIDM00334,Bicalutamide,0
1174,SIDM00386,Bicalutamide,0
1175,SIDM00387,Bicalutamide,0
1176,SIDM00388,Bicalutamide,0
1177,SIDM00441,Bicalutamide,0
1178,SIDM00438,Bicalutamide,0
1179,SIDM00431,Bicalutamide,0
1180,SIDM01023,Bicalutamide,0
1181,SIDM00657,Bicalutamide,0
1182,SIDM00429,Bicalutamide,0
1183,SIDM00641,Bicalutamide,0
1184,SIDM00580,Bicalutamide,0
1185,SIDM00457,Bicalutamide,0
1186,SIDM00463,Bicalutamide,0
1187,SIDM00451,Bicalutamide,0
1188,SIDM00447,Bicalutamide,0
1189,SIDM00403,Bicalutamide,0
1190,SIDM01086,Bicalutamide,0
1191,SIDM00402,Bicalutamide,0
1192,SIDM00401,Bicalutamide,0
1193,SIDM00396,Bicalutamide,0
1194,SIDM01110,Bicalutamide,0
1195,SIDM01107,Bicalutamide,0
1196,SIDM00392,Bicalutamide,0
1197,SIDM01103,Bicalutamide,0
1198,SIDM00390,Bicalutamide,0
1199,SIDM01154,Bicalutamide,0
1200,SIDM00420,Bicalutamide,0
1201,SIDM00832,Bicalutamide,0
1202,SIDM01172,Bicalutamide,0
1203,SIDM01191,Bicalutamide,0
1204,SIDM00424,Bicalutamide,0
1205,SIDM00412,Bicalutamide,0
1206,SIDM00411,Bicalutamide,0
1207,SIDM01018,Bicalutamide,0
1208,SIDM00479,Bicalutamide,0
1209,SIDM00477,Bicalutamide,0
1210,SIDM00286,Bicalutamide,0
1211,SIDM01248,Bicalutamide,0
1212,SIDM00957,Bicalutamide,0
1213,SIDM00343,Bicalutamide,0
1214,SIDM00988,Bicalutamide,0
1215,SIDM00907,Bicalutamide,0
1216,SIDM00287,Bicalutamide,0
1217,SIDM00985,Bicalutamide,0
1218,SIDM00962,Bicalutamide,0
1219,SIDM00798,Bicalutamide,0
1220,SIDM00810,Bicalutamide,0
1221,SIDM00928,Bicalutamide,0
1222,SIDM01089,Bicalutamide,0
1223,SIDM01087,Bicalutamide,0
1224,SIDM00943,Bicalutamide,0
1225,SIDM00937,Bicalutamide,0
1226,SIDM00895,Bicalutamide,0
1227,SIDM00896,Bicalutamide,0
1228,SIDM00980,Bicalutamide,0
1229,SIDM00995,Bicalutamide,0
1230,SIDM00989,Bicalutamide,0
1231,SIDM00933,Bicalutamide,0
1232,SIDM00446,Bicalutamide,0
1233,SIDM00332,Bicalutamide,0
1234,SIDM00932,Bicalutamide,0
1235,SIDM01052,Bicalutamide,0
1236,SIDM00499,Bicalutamide,0
1237,SIDM00996,Bicalutamide,0
1238,SIDM00964,Bicalutamide,0
1239,SIDM00938,Bicalutamide,0
1240,SIDM00935,Bicalutamide,0
1241,SIDM01064,Bicalutamide,0
1242,SIDM00312,Bicalutamide,0
1243,SIDM00410,Bicalutamide,0
1244,SIDM00963,Bicalutamide,0
1245,SIDM00344,Bicalutamide,0
1246,SIDM00289,Bicalutamide,0
1247,SIDM00330,Bicalutamide,0
1248,SIDM01045,Bicalutamide,0
1249,SIDM01040,Bicalutamide,0
1250,SIDM01072,Bicalutamide,0
1251,SIDM01069,Bicalutamide,0
1252,SIDM01067,Bicalutamide,0
1253,SIDM01066,Bicalutamide,0
1254,SIDM00333,Bicalutamide,0
1255,SIDM00442,Bicalutamide,0
1256,SIDM00453,Bicalutamide,0
1257,SIDM00426,Bicalutamide,0
1258,SIDM00394,Bicalutamide,0
1259,SIDM00419,Bicalutamide,0
1260,SIDM01176,Bicalutamide,0
1261,SIDM00462,Bicalutamide,0
1262,SIDM00936,Bicalutamide,0
1263,SIDM00929,Bicalutamide,0
1264,SIDM00944,Bicalutamide,0
1265,SIDM00950,Bicalutamide,0
1266,SIDM01002,Bicalutamide,0
1267,SIDM01068,Bicalutamide,0
1268,SIDM01062,Bicalutamide,0
1269,SIDM00994,Bicalutamide,0
1270,SIDM00993,Bicalutamide,0
1271,SIDM00946,Bicalutamide,0
1272,SIDM01048,Bicalutamide,0
1273,SIDM00341,Bicalutamide,0
1274,SIDM00455,Bicalutamide,0
1275,SIDM01058,Bicalutamide,0
1276,SIDM01071,Bicalutamide,0
1277,SIDM00428,Bicalutamide,0
1278,SIDM01036,Bicalutamide,0
1279,SIDM01015,Bicalutamide,0
1280,SIDM01004,Bicalutamide,0
1281,SIDM01034,Bicalutamide,0
1282,SIDM00313,Bicalutamide,0
1283,SIDM00338,Bicalutamide,0
1284,SIDM00437,Bicalutamide,0
1285,SIDM00434,Bicalutamide,0
1286,SIDM00443,Bicalutamide,0
1287,SIDM00461,Bicalutamide,0
1288,SIDM00460,Bicalutamide,0
1289,SIDM00458,Bicalutamide,0
1290,SIDM00450,Bicalutamide,0
1291,SIDM00448,Bicalutamide,0
1292,SIDM00415,Bicalutamide,0
1293,SIDM00404,Bicalutamide,0
1294,SIDM00405,Bicalutamide,0
1295,SIDM00406,Bicalutamide,0
1296,SIDM00407,Bicalutamide,0
1297,SIDM00423,Bicalutamide,0
1298,SIDM00422,Bicalutamide,0
1299,SIDM00421,Bicalutamide,0
1300,SIDM00416,Bicalutamide,0
1301,SIDM00413,Bicalutamide,0
1302,SIDM01085,Midostaurin,0
1303,SIDM00512,Midostaurin,0
1304,SIDM00706,Midostaurin,0
1305,SIDM01131,Midostaurin,0
1306,SIDM00874,Midostaurin,0
1307,SIDM00953,Midostaurin,0
1308,SIDM01009,Midostaurin,0
1309,SIDM00395,Midostaurin,0
1310,SIDM00791,Midostaurin,0
1311,SIDM00097,Midostaurin,0
1312,SIDM00087,Midostaurin,0
1313,SIDM00900,Midostaurin,0
1314,SIDM00983,Midostaurin,0
1315,SIDM00954,Midostaurin,0
1316,SIDM00515,Midostaurin,0
1317,SIDM00930,Midostaurin,0
1318,SIDM00948,Midostaurin,0
1319,SIDM01049,Midostaurin,0
1320,SIDM01047,Midostaurin,0
1321,SIDM01042,Midostaurin,0
1322,SIDM00671,Midostaurin,0
1323,SIDM00661,Midostaurin,0
1324,SIDM01218,Midostaurin,0
1325,SIDM01013,Midostaurin,0
1326,SIDM01012,Midostaurin,0
1327,SIDM01019,Midostaurin,0
1328,SIDM01033,Midostaurin,0
1329,SIDM00327,Midostaurin,0
1330,SIDM00340,Midostaurin,0
1331,SIDM00272,Midostaurin,0
1332,SIDM00335,Midostaurin,0
1333,SIDM00641,Midostaurin,0
1334,SIDM00580,Midostaurin,0
1335,SIDM00401,Midostaurin,0
1336,SIDM01107,Midostaurin,0
1337,SIDM00390,Midostaurin,0
1338,SIDM00832,Midostaurin,0
1339,SIDM00424,Midostaurin,0
1340,SIDM00411,Midostaurin,0
1341,SIDM00479,Midostaurin,0
1342,SIDM00477,Midostaurin,0
1343,SIDM00286,Midostaurin,0
1344,SIDM00957,Midostaurin,0
1345,SIDM00343,Midostaurin,0
1346,SIDM01089,Midostaurin,0
1347,SIDM00937,Midostaurin,0
1348,SIDM00332,Midostaurin,0
1349,SIDM00499,Midostaurin,0
1350,SIDM01064,Midostaurin,0
1351,SIDM00963,Midostaurin,0
1352,SIDM00330,Midostaurin,0
1353,SIDM01040,Midostaurin,0
1354,SIDM00419,Midostaurin,0
1355,SIDM00462,Midostaurin,0
1356,SIDM00944,Midostaurin,0
1357,SIDM00950,Midostaurin,0
1358,SIDM01062,Midostaurin,0
1359,SIDM00993,Midostaurin,0
1360,SIDM01048,Midostaurin,0
1361,SIDM00455,Midostaurin,0
1362,SIDM01071,Midostaurin,0
1363,SIDM00313,Midostaurin,0
1364,SIDM00338,Midostaurin,0
1365,SIDM00450,Midostaurin,0
1366,SIDM00448,Midostaurin,0
1367,SIDM00415,Midostaurin,0
1368,SIDM01111,CHIR-99021,0
1369,SIDM00807,CHIR-99021,0
1370,SIDM01085,CHIR-99021,0
1371,SIDM00982,CHIR-99021,0
1372,SIDM00512,CHIR-99021,0
1373,SIDM00706,CHIR-99021,0
1374,SIDM01179,CHIR-99021,0
1375,SIDM00877,CHIR-99021,0
1376,SIDM00874,CHIR-99021,0
1377,SIDM00990,CHIR-99021,0
1378,SIDM00986,CHIR-99021,0
1379,SIDM00939,CHIR-99021,0
1380,SIDM00942,CHIR-99021,0
1381,SIDM00953,CHIR-99021,0
1382,SIDM00632,CHIR-99021,0
1383,SIDM01032,CHIR-99021,0
1384,SIDM01028,CHIR-99021,0
1385,SIDM01025,CHIR-99021,0
1386,SIDM01024,CHIR-99021,0
1387,SIDM00345,CHIR-99021,0
1388,SIDM00339,CHIR-99021,0
1389,SIDM00927,CHIR-99021,0
1390,SIDM00417,CHIR-99021,0
1391,SIDM01009,CHIR-99021,0
1392,SIDM00395,CHIR-99021,0
1393,SIDM00934,CHIR-99021,0
1394,SIDM00088,CHIR-99021,0
1395,SIDM00120,CHIR-99021,0
1396,SIDM00789,CHIR-99021,0
1397,SIDM00829,CHIR-99021,0
1398,SIDM00136,CHIR-99021,0
1399,SIDM00791,CHIR-99021,0
1400,SIDM00097,CHIR-99021,0
1401,SIDM00903,CHIR-99021,0
1402,SIDM00145,CHIR-99021,0
1403,SIDM00146,CHIR-99021,0
1404,SIDM00087,CHIR-99021,0
1405,SIDM00987,CHIR-99021,0
1406,SIDM00900,CHIR-99021,0
1407,SIDM00983,CHIR-99021,0
1408,SIDM00999,CHIR-99021,0
1409,SIDM00954,CHIR-99021,0
1410,SIDM00284,CHIR-99021,0
1411,SIDM00940,CHIR-99021,0
1412,SIDM00931,CHIR-99021,0
1413,SIDM00886,CHIR-99021,0
1414,SIDM00949,CHIR-99021,0
1415,SIDM00948,CHIR-99021,0
1416,SIDM00947,CHIR-99021,0
1417,SIDM00981,CHIR-99021,0
1418,SIDM01001,CHIR-99021,0
1419,SIDM01051,CHIR-99021,0
1420,SIDM01049,CHIR-99021,0
1421,SIDM01047,CHIR-99021,0
1422,SIDM01042,CHIR-99021,0
1423,SIDM00860,CHIR-99021,0
1424,SIDM01055,CHIR-99021,0
1425,SIDM01057,CHIR-99021,0
1426,SIDM00227,CHIR-99021,0
1427,SIDM01073,CHIR-99021,0
1428,SIDM00671,CHIR-99021,0
1429,SIDM00661,CHIR-99021,0
1430,SIDM00828,CHIR-99021,0
1431,SIDM01059,CHIR-99021,0
1432,SIDM01218,CHIR-99021,0
1433,SIDM01013,CHIR-99021,0
1434,SIDM01012,CHIR-99021,0
1435,SIDM00785,CHIR-99021,0
1436,SIDM01019,CHIR-99021,0
1437,SIDM01020,CHIR-99021,0
1438,SIDM01031,CHIR-99021,0
1439,SIDM01026,CHIR-99021,0
1440,SIDM00327,CHIR-99021,0
1441,SIDM00329,CHIR-99021,0
1442,SIDM00346,CHIR-99021,0
1443,SIDM00340,CHIR-99021,0
1444,SIDM00272,CHIR-99021,0
1445,SIDM00628,CHIR-99021,0
1446,SIDM00336,CHIR-99021,0
1447,SIDM00335,CHIR-99021,0
1448,SIDM00334,CHIR-99021,0
1449,SIDM00387,CHIR-99021,0
1450,SIDM00388,CHIR-99021,0
1451,SIDM00441,CHIR-99021,0
1452,SIDM00438,CHIR-99021,0
1453,SIDM01023,CHIR-99021,0
1454,SIDM00641,CHIR-99021,0
1455,SIDM00580,CHIR-99021,0
1456,SIDM00463,CHIR-99021,0
1457,SIDM00451,CHIR-99021,0
1458,SIDM00403,CHIR-99021,0
1459,SIDM01110,CHIR-99021,0
1460,SIDM01107,CHIR-99021,0
1461,SIDM00392,CHIR-99021,0
1462,SIDM01103,CHIR-99021,0
1463,SIDM01154,CHIR-99021,0
1464,SIDM00832,CHIR-99021,0
1465,SIDM01172,CHIR-99021,0
1466,SIDM01191,CHIR-99021,0
1467,SIDM00424,CHIR-99021,0
1468,SIDM00412,CHIR-99021,0
1469,SIDM00411,CHIR-99021,0
1470,SIDM01018,CHIR-99021,0
1471,SIDM00477,CHIR-99021,0
1472,SIDM00957,CHIR-99021,0
1473,SIDM00343,CHIR-99021,0
1474,SIDM00988,CHIR-99021,0
1475,SIDM01082,CHIR-99021,0
1476,SIDM00907,CHIR-99021,0
1477,SIDM00962,CHIR-99021,0
1478,SIDM00810,CHIR-99021,0
1479,SIDM01089,CHIR-99021,0
1480,SIDM00943,CHIR-99021,0
1481,SIDM00937,CHIR-99021,0
1482,SIDM00895,CHIR-99021,0
1483,SIDM00896,CHIR-99021,0
1484,SIDM00980,CHIR-99021,0
1485,SIDM00995,CHIR-99021,0
1486,SIDM00933,CHIR-99021,0
1487,SIDM00332,CHIR-99021,0
1488,SIDM00932,CHIR-99021,0
1489,SIDM01052,CHIR-99021,0
1490,SIDM00499,CHIR-99021,0
1491,SIDM00938,CHIR-99021,0
1492,SIDM00935,CHIR-99021,0
1493,SIDM01064,CHIR-99021,0
1494,SIDM00312,CHIR-99021,0
1495,SIDM00247,CHIR-99021,0
1496,SIDM00410,CHIR-99021,0
1497,SIDM00963,CHIR-99021,0
1498,SIDM00289,CHIR-99021,0
1499,SIDM00330,CHIR-99021,0
1500,SIDM01045,CHIR-99021,0
1501,SIDM01040,CHIR-99021,0
1502,SIDM01072,CHIR-99021,0
1503,SIDM01069,CHIR-99021,0
1504,SIDM01067,CHIR-99021,0
1505,SIDM01066,CHIR-99021,0
1506,SIDM00333,CHIR-99021,0
1507,SIDM00453,CHIR-99021,0
1508,SIDM00426,CHIR-99021,0
1509,SIDM00394,CHIR-99021,0
1510,SIDM00419,CHIR-99021,0
1511,SIDM00462,CHIR-99021,0
1512,SIDM00944,CHIR-99021,0
1513,SIDM00950,CHIR-99021,0
1514,SIDM01068,CHIR-99021,0
1515,SIDM01062,CHIR-99021,0
1516,SIDM01048,CHIR-99021,0
1517,SIDM00341,CHIR-99021,0
1518,SIDM00455,CHIR-99021,0
1519,SIDM01058,CHIR-99021,0
1520,SIDM01071,CHIR-99021,0
1521,SIDM00428,CHIR-99021,0
1522,SIDM01036,CHIR-99021,0
1523,SIDM01015,CHIR-99021,0
1524,SIDM01004,CHIR-99021,0
1525,SIDM00313,CHIR-99021,0
1526,SIDM00338,CHIR-99021,0
1527,SIDM00437,CHIR-99021,0
1528,SIDM00434,CHIR-99021,0
1529,SIDM00443,CHIR-99021,0
1530,SIDM00461,CHIR-99021,0
1531,SIDM00450,CHIR-99021,0
1532,SIDM00448,CHIR-99021,0
1533,SIDM00415,CHIR-99021,0
1534,SIDM00423,CHIR-99021,0
1535,SIDM00422,CHIR-99021,0
1536,SIDM00421,CHIR-99021,0
1537,SIDM00416,CHIR-99021,0
1538,SIDM00413,CHIR-99021,0
1539,SIDM00512,Ponatinib,0
1540,SIDM00706,Ponatinib,0
1541,SIDM01131,Ponatinib,0
1542,SIDM00877,Ponatinib,0
1543,SIDM00874,Ponatinib,0
1544,SIDM00990,Ponatinib,0
1545,SIDM00942,Ponatinib,0
1546,SIDM00953,Ponatinib,0
1547,SIDM00632,Ponatinib,0
1548,SIDM00927,Ponatinib,0
1549,SIDM00391,Ponatinib,0
1550,SIDM01009,Ponatinib,0
1551,SIDM00395,Ponatinib,0
1552,SIDM00934,Ponatinib,0
1553,SIDM00088,Ponatinib,0
1554,SIDM00097,Ponatinib,0
1555,SIDM00903,Ponatinib,0
1556,SIDM00121,Ponatinib,0
1557,SIDM00146,Ponatinib,0
1558,SIDM00087,Ponatinib,0
1559,SIDM00954,Ponatinib,0
1560,SIDM00515,Ponatinib,0
1561,SIDM00930,Ponatinib,0
1562,SIDM00931,Ponatinib,0
1563,SIDM00886,Ponatinib,0
1564,SIDM00948,Ponatinib,0
1565,SIDM01056,Ponatinib,0
1566,SIDM01042,Ponatinib,0
1567,SIDM00860,Ponatinib,0
1568,SIDM00671,Ponatinib,0
1569,SIDM00661,Ponatinib,0
1570,SIDM01218,Ponatinib,0
1571,SIDM01013,Ponatinib,0
1572,SIDM01012,Ponatinib,0
1573,SIDM01020,Ponatinib,0
1574,SIDM01033,Ponatinib,0
1575,SIDM00340,Ponatinib,0
1576,SIDM00272,Ponatinib,0
1577,SIDM00628,Ponatinib,0
1578,SIDM00386,Ponatinib,0
1579,SIDM00387,Ponatinib,0
1580,SIDM00463,Ponatinib,0
1581,SIDM00447,Ponatinib,0
1582,SIDM00401,Ponatinib,0
1583,SIDM01107,Ponatinib,0
1584,SIDM00392,Ponatinib,0
1585,SIDM00832,Ponatinib,0
1586,SIDM01172,Ponatinib,0
1587,SIDM00411,Ponatinib,0
1588,SIDM00479,Ponatinib,0
1589,SIDM00477,Ponatinib,0
1590,SIDM00286,Ponatinib,0
1591,SIDM00957,Ponatinib,0
1592,SIDM00343,Ponatinib,0
1593,SIDM00988,Ponatinib,0
1594,SIDM01089,Ponatinib,0
1595,SIDM01087,Ponatinib,0
1596,SIDM00943,Ponatinib,0
1597,SIDM00937,Ponatinib,0
1598,SIDM00980,Ponatinib,0
1599,SIDM00499,Ponatinib,0
1600,SIDM00938,Ponatinib,0
1601,SIDM00312,Ponatinib,0
1602,SIDM00963,Ponatinib,0
1603,SIDM00330,Ponatinib,0
1604,SIDM01045,Ponatinib,0
1605,SIDM01072,Ponatinib,0
1606,SIDM01067,Ponatinib,0
1607,SIDM00394,Ponatinib,0
1608,SIDM00419,Ponatinib,0
1609,SIDM00462,Ponatinib,0
1610,SIDM00936,Ponatinib,0
1611,SIDM00929,Ponatinib,0
1612,SIDM00944,Ponatinib,0
1613,SIDM00950,Ponatinib,0
1614,SIDM01002,Ponatinib,0
1615,SIDM01068,Ponatinib,0
1616,SIDM01062,Ponatinib,0
1617,SIDM00993,Ponatinib,0
1618,SIDM01048,Ponatinib,0
1619,SIDM00455,Ponatinib,0
1620,SIDM01058,Ponatinib,0
1621,SIDM01071,Ponatinib,0
1622,SIDM01036,Ponatinib,0
1623,SIDM00313,Ponatinib,0
1624,SIDM00458,Ponatinib,0
1625,SIDM00448,Ponatinib,0
1626,SIDM00415,Ponatinib,0
1627,SIDM00422,Ponatinib,0
1628,SIDM00421,Ponatinib,0
1629,SIDM00413,Ponatinib,0
1630,SIDM00832,AZD6482,0
1631,SIDM01085,PF-562271,0
1632,SIDM00706,PF-562271,0
1633,SIDM00990,PF-562271,0
1634,SIDM00953,PF-562271,0
1635,SIDM00632,PF-562271,0
1636,SIDM01024,PF-562271,0
1637,SIDM00789,PF-562271,0
1638,SIDM00097,PF-562271,0
1639,SIDM00124,PF-562271,0
1640,SIDM00515,PF-562271,0
1641,SIDM00886,PF-562271,0
1642,SIDM00948,PF-562271,0
1643,SIDM01049,PF-562271,0
1644,SIDM01042,PF-562271,0
1645,SIDM01013,PF-562271,0
1646,SIDM01012,PF-562271,0
1647,SIDM00327,PF-562271,0
1648,SIDM00346,PF-562271,0
1649,SIDM00438,PF-562271,0
1650,SIDM01107,PF-562271,0
1651,SIDM00832,PF-562271,0
1652,SIDM00957,PF-562271,0
1653,SIDM00343,PF-562271,0
1654,SIDM01089,PF-562271,0
1655,SIDM00943,PF-562271,0
1656,SIDM00332,PF-562271,0
1657,SIDM00963,PF-562271,0
1658,SIDM00330,PF-562271,0
1659,SIDM01045,PF-562271,0
1660,SIDM01067,PF-562271,0
1661,SIDM00419,PF-562271,0
1662,SIDM00462,PF-562271,0
1663,SIDM00944,PF-562271,0
1664,SIDM01062,PF-562271,0
1665,SIDM00341,PF-562271,0
1666,SIDM01058,PF-562271,0
1667,SIDM00338,PF-562271,0
1668,SIDM00448,PF-562271,0
1669,SIDM00415,PF-562271,0
1670,SIDM00413,PF-562271,0
1671,SIDM01131,JQ1,0
1672,SIDM00791,JQ1,0
1673,SIDM01012,JQ1,0
1674,SIDM01107,JQ1,0
1675,SIDM00332,JQ1,0
1676,SIDM01045,JQ1,0
1677,SIDM00419,JQ1,0
1678,SIDM00944,JQ1,0
1679,SIDM01068,JQ1,0
1680,SIDM01062,JQ1,0
1681,SIDM00413,JQ1,0
1682,SIDM01111,FTI-277,0
1683,SIDM00807,FTI-277,0
1684,SIDM01085,FTI-277,0
1685,SIDM00982,FTI-277,0
1686,SIDM00512,FTI-277,0
1687,SIDM00706,FTI-277,0
1688,SIDM01131,FTI-277,0
1689,SIDM01179,FTI-277,0
1690,SIDM00877,FTI-277,0
1691,SIDM00874,FTI-277,0
1692,SIDM00990,FTI-277,0
1693,SIDM00939,FTI-277,0
1694,SIDM00942,FTI-277,0
1695,SIDM00953,FTI-277,0
1696,SIDM00951,FTI-277,0
1697,SIDM00632,FTI-277,0
1698,SIDM01032,FTI-277,0
1699,SIDM01028,FTI-277,0
1700,SIDM01025,FTI-277,0
1701,SIDM01024,FTI-277,0
1702,SIDM00339,FTI-277,0
1703,SIDM00927,FTI-277,0
1704,SIDM00391,FTI-277,0
1705,SIDM00417,FTI-277,0
1706,SIDM01009,FTI-277,0
1707,SIDM00395,FTI-277,0
1708,SIDM00934,FTI-277,0
1709,SIDM00088,FTI-277,0
1710,SIDM00120,FTI-277,0
1711,SIDM00783,FTI-277,0
1712,SIDM00829,FTI-277,0
1713,SIDM00791,FTI-277,0
1714,SIDM00097,FTI-277,0
1715,SIDM00148,FTI-277,0
1716,SIDM00124,FTI-277,0
1717,SIDM00903,FTI-277,0
1718,SIDM00121,FTI-277,0
1719,SIDM00145,FTI-277,0
1720,SIDM00146,FTI-277,0
1721,SIDM00941,FTI-277,0
1722,SIDM00087,FTI-277,0
1723,SIDM00987,FTI-277,0
1724,SIDM00900,FTI-277,0
1725,SIDM00997,FTI-277,0
1726,SIDM00999,FTI-277,0
1727,SIDM01076,FTI-277,0
1728,SIDM00954,FTI-277,0
1729,SIDM00515,FTI-277,0
1730,SIDM00940,FTI-277,0
1731,SIDM00930,FTI-277,0
1732,SIDM00886,FTI-277,0
1733,SIDM00867,FTI-277,0
1734,SIDM00948,FTI-277,0
1735,SIDM00947,FTI-277,0
1736,SIDM00981,FTI-277,0
1737,SIDM01056,FTI-277,0
1738,SIDM01051,FTI-277,0
1739,SIDM01049,FTI-277,0
1740,SIDM01047,FTI-277,0
1741,SIDM01042,FTI-277,0
1742,SIDM00860,FTI-277,0
1743,SIDM01055,FTI-277,0
1744,SIDM01057,FTI-277,0
1745,SIDM00227,FTI-277,0
1746,SIDM01043,FTI-277,0
1747,SIDM01073,FTI-277,0
1748,SIDM00594,FTI-277,0
1749,SIDM00661,FTI-277,0
1750,SIDM01060,FTI-277,0
1751,SIDM01059,FTI-277,0
1752,SIDM01218,FTI-277,0
1753,SIDM01013,FTI-277,0
1754,SIDM01012,FTI-277,0
1755,SIDM00785,FTI-277,0
1756,SIDM01019,FTI-277,0
1757,SIDM01020,FTI-277,0
1758,SIDM00308,FTI-277,0
1759,SIDM01033,FTI-277,0
1760,SIDM01031,FTI-277,0
1761,SIDM01030,FTI-277,0
1762,SIDM01029,FTI-277,0
1763,SIDM01027,FTI-277,0
1764,SIDM01026,FTI-277,0
1765,SIDM00327,FTI-277,0
1766,SIDM00346,FTI-277,0
1767,SIDM00342,FTI-277,0
1768,SIDM00340,FTI-277,0
1769,SIDM00272,FTI-277,0
1770,SIDM00628,FTI-277,0
1771,SIDM00337,FTI-277,0
1772,SIDM00526,FTI-277,0
1773,SIDM00335,FTI-277,0
1774,SIDM00334,FTI-277,0
1775,SIDM00387,FTI-277,0
1776,SIDM00388,FTI-277,0
1777,SIDM00441,FTI-277,0
1778,SIDM00438,FTI-277,0
1779,SIDM00431,FTI-277,0
1780,SIDM01023,FTI-277,0
1781,SIDM00657,FTI-277,0
1782,SIDM00429,FTI-277,0
1783,SIDM00641,FTI-277,0
1784,SIDM00580,FTI-277,0
1785,SIDM00457,FTI-277,0
1786,SIDM00463,FTI-277,0
1787,SIDM00451,FTI-277,0
1788,SIDM00447,FTI-277,0
1789,SIDM00403,FTI-277,0
1790,SIDM01086,FTI-277,0
1791,SIDM00402,FTI-277,0
1792,SIDM00401,FTI-277,0
1793,SIDM01110,FTI-277,0
1794,SIDM01107,FTI-277,0
1795,SIDM00390,FTI-277,0
1796,SIDM01154,FTI-277,0
1797,SIDM00832,FTI-277,0
1798,SIDM01172,FTI-277,0
1799,SIDM00424,FTI-277,0
1800,SIDM00412,FTI-277,0
1801,SIDM00411,FTI-277,0
1802,SIDM01018,FTI-277,0
1803,SIDM00479,FTI-277,0
1804,SIDM00477,FTI-277,0
1805,SIDM00286,FTI-277,0
1806,SIDM00957,FTI-277,0
1807,SIDM00343,FTI-277,0
1808,SIDM00988,FTI-277,0
1809,SIDM01082,FTI-277,0
1810,SIDM00907,FTI-277,0
1811,SIDM00287,FTI-277,0
1812,SIDM00985,FTI-277,0
1813,SIDM00962,FTI-277,0
1814,SIDM00798,FTI-277,0
1815,SIDM00810,FTI-277,0
1816,SIDM00928,FTI-277,0
1817,SIDM01089,FTI-277,0
1818,SIDM01087,FTI-277,0
1819,SIDM00937,FTI-277,0
1820,SIDM00895,FTI-277,0
1821,SIDM00896,FTI-277,0
1822,SIDM00980,FTI-277,0
1823,SIDM00995,FTI-277,0
1824,SIDM00989,FTI-277,0
1825,SIDM00933,FTI-277,0
1826,SIDM00446,FTI-277,0
1827,SIDM00332,FTI-277,0
1828,SIDM00932,FTI-277,0
1829,SIDM01052,FTI-277,0
1830,SIDM00499,FTI-277,0
1831,SIDM00996,FTI-277,0
1832,SIDM00964,FTI-277,0
1833,SIDM00938,FTI-277,0
1834,SIDM00935,FTI-277,0
1835,SIDM01064,FTI-277,0
1836,SIDM00312,FTI-277,0
1837,SIDM00247,FTI-277,0
1838,SIDM00963,FTI-277,0
1839,SIDM00289,FTI-277,0
1840,SIDM00330,FTI-277,0
1841,SIDM01045,FTI-277,0
1842,SIDM01040,FTI-277,0
1843,SIDM01072,FTI-277,0
1844,SIDM01067,FTI-277,0
1845,SIDM01066,FTI-277,0
1846,SIDM00333,FTI-277,0
1847,SIDM00442,FTI-277,0
1848,SIDM00453,FTI-277,0
1849,SIDM00426,FTI-277,0
1850,SIDM00394,FTI-277,0
1851,SIDM00419,FTI-277,0
1852,SIDM00462,FTI-277,0
1853,SIDM00936,FTI-277,0
1854,SIDM00929,FTI-277,0
1855,SIDM00944,FTI-277,0
1856,SIDM00950,FTI-277,0
1857,SIDM01068,FTI-277,0
1858,SIDM01062,FTI-277,0
1859,SIDM00994,FTI-277,0
1860,SIDM00993,FTI-277,0
1861,SIDM01048,FTI-277,0
1862,SIDM00341,FTI-277,0
1863,SIDM00455,FTI-277,0
1864,SIDM01058,FTI-277,0
1865,SIDM01071,FTI-277,0
1866,SIDM00428,FTI-277,0
1867,SIDM01036,FTI-277,0
1868,SIDM01015,FTI-277,0
1869,SIDM01004,FTI-277,0
1870,SIDM01034,FTI-277,0
1871,SIDM00313,FTI-277,0
1872,SIDM00338,FTI-277,0
1873,SIDM00437,FTI-277,0
1874,SIDM00434,FTI-277,0
1875,SIDM00443,FTI-277,0
1876,SIDM00461,FTI-277,0
1877,SIDM00460,FTI-277,0
1878,SIDM00458,FTI-277,0
1879,SIDM00450,FTI-277,0
1880,SIDM00448,FTI-277,0
1881,SIDM00415,FTI-277,0
1882,SIDM00389,FTI-277,0
1883,SIDM00404,FTI-277,0
1884,SIDM00405,FTI-277,0
1885,SIDM00406,FTI-277,0
1886,SIDM00407,FTI-277,0
1887,SIDM00423,FTI-277,0
1888,SIDM00422,FTI-277,0
1889,SIDM00421,FTI-277,0
1890,SIDM00416,FTI-277,0
1891,SIDM00413,FTI-277,0
1892,SIDM01111,AKT inhibitor VIII,0
1893,SIDM00807,AKT inhibitor VIII,0
1894,SIDM01085,AKT inhibitor VIII,0
1895,SIDM00512,AKT inhibitor VIII,0
1896,SIDM00706,AKT inhibitor VIII,0
1897,SIDM01131,AKT inhibitor VIII,0
1898,SIDM00953,AKT inhibitor VIII,0
1899,SIDM00632,AKT inhibitor VIII,0
1900,SIDM01028,AKT inhibitor VIII,0
1901,SIDM00927,AKT inhibitor VIII,0
1902,SIDM00417,AKT inhibitor VIII,0
1903,SIDM00395,AKT inhibitor VIII,0
1904,SIDM00934,AKT inhibitor VIII,0
1905,SIDM00829,AKT inhibitor VIII,0
1906,SIDM00791,AKT inhibitor VIII,0
1907,SIDM00124,AKT inhibitor VIII,0
1908,SIDM00903,AKT inhibitor VIII,0
1909,SIDM00146,AKT inhibitor VIII,0
1910,SIDM00941,AKT inhibitor VIII,0
1911,SIDM00087,AKT inhibitor VIII,0
1912,SIDM00997,AKT inhibitor VIII,0
1913,SIDM00954,AKT inhibitor VIII,0
1914,SIDM00515,AKT inhibitor VIII,0
1915,SIDM00940,AKT inhibitor VIII,0
1916,SIDM00930,AKT inhibitor VIII,0
1917,SIDM00931,AKT inhibitor VIII,0
1918,SIDM00886,AKT inhibitor VIII,0
1919,SIDM00867,AKT inhibitor VIII,0
1920,SIDM00948,AKT inhibitor VIII,0
1921,SIDM01051,AKT inhibitor VIII,0
1922,SIDM01049,AKT inhibitor VIII,0
1923,SIDM01047,AKT inhibitor VIII,0
1924,SIDM01042,AKT inhibitor VIII,0
1925,SIDM00860,AKT inhibitor VIII,0
1926,SIDM00227,AKT inhibitor VIII,0
1927,SIDM01043,AKT inhibitor VIII,0
1928,SIDM00828,AKT inhibitor VIII,0
1929,SIDM01059,AKT inhibitor VIII,0
1930,SIDM01218,AKT inhibitor VIII,0
1931,SIDM01013,AKT inhibitor VIII,0
1932,SIDM01012,AKT inhibitor VIII,0
1933,SIDM01033,AKT inhibitor VIII,0
1934,SIDM00327,AKT inhibitor VIII,0
1935,SIDM00329,AKT inhibitor VIII,0
1936,SIDM00346,AKT inhibitor VIII,0
1937,SIDM00526,AKT inhibitor VIII,0
1938,SIDM00335,AKT inhibitor VIII,0
1939,SIDM00387,AKT inhibitor VIII,0
1940,SIDM00438,AKT inhibitor VIII,0
1941,SIDM00641,AKT inhibitor VIII,0
1942,SIDM00580,AKT inhibitor VIII,0
1943,SIDM00401,AKT inhibitor VIII,0
1944,SIDM01110,AKT inhibitor VIII,0
1945,SIDM01107,AKT inhibitor VIII,0
1946,SIDM00392,AKT inhibitor VIII,0
1947,SIDM00832,AKT inhibitor VIII,0
1948,SIDM01172,AKT inhibitor VIII,0
1949,SIDM00424,AKT inhibitor VIII,0
1950,SIDM00411,AKT inhibitor VIII,0
1951,SIDM00286,AKT inhibitor VIII,0
1952,SIDM00957,AKT inhibitor VIII,0
1953,SIDM00343,AKT inhibitor VIII,0
1954,SIDM00907,AKT inhibitor VIII,0
1955,SIDM00287,AKT inhibitor VIII,0
1956,SIDM00962,AKT inhibitor VIII,0
1957,SIDM01089,AKT inhibitor VIII,0
1958,SIDM01087,AKT inhibitor VIII,0
1959,SIDM00943,AKT inhibitor VIII,0
1960,SIDM00995,AKT inhibitor VIII,0
1961,SIDM00332,AKT inhibitor VIII,0
1962,SIDM00964,AKT inhibitor VIII,0
1963,SIDM00935,AKT inhibitor VIII,0
1964,SIDM01064,AKT inhibitor VIII,0
1965,SIDM00312,AKT inhibitor VIII,0
1966,SIDM00247,AKT inhibitor VIII,0
1967,SIDM00289,AKT inhibitor VIII,0
1968,SIDM00330,AKT inhibitor VIII,0
1969,SIDM01045,AKT inhibitor VIII,0
1970,SIDM01072,AKT inhibitor VIII,0
1971,SIDM01066,AKT inhibitor VIII,0
1972,SIDM00419,AKT inhibitor VIII,0
1973,SIDM01176,AKT inhibitor VIII,0
1974,SIDM00929,AKT inhibitor VIII,0
1975,SIDM00944,AKT inhibitor VIII,0
1976,SIDM01002,AKT inhibitor VIII,0
1977,SIDM01068,AKT inhibitor VIII,0
1978,SIDM01062,AKT inhibitor VIII,0
1979,SIDM01048,AKT inhibitor VIII,0
1980,SIDM00341,AKT inhibitor VIII,0
1981,SIDM01058,AKT inhibitor VIII,0
1982,SIDM01036,AKT inhibitor VIII,0
1983,SIDM01015,AKT inhibitor VIII,0
1984,SIDM00313,AKT inhibitor VIII,0
1985,SIDM00338,AKT inhibitor VIII,0
1986,SIDM00448,AKT inhibitor VIII,0
1987,SIDM00415,AKT inhibitor VIII,0
1988,SIDM00421,AKT inhibitor VIII,0
1989,SIDM00413,AKT inhibitor VIII,0
1990,SIDM01085,PAC-1,0
1991,SIDM01131,PAC-1,0
1992,SIDM00874,PAC-1,0
1993,SIDM00990,PAC-1,0
1994,SIDM00986,PAC-1,0
1995,SIDM00939,PAC-1,0
1996,SIDM00942,PAC-1,0
1997,SIDM00953,PAC-1,0
1998,SIDM01024,PAC-1,0
1999,SIDM00339,PAC-1,0
2000,SIDM00927,PAC-1,0
2001,SIDM00088,PAC-1,0
2002,SIDM00120,PAC-1,0
2003,SIDM00783,PAC-1,0
2004,SIDM00829,PAC-1,0
2005,SIDM00791,PAC-1,0
2006,SIDM00097,PAC-1,0
2007,SIDM00124,PAC-1,0
2008,SIDM00903,PAC-1,0
2009,SIDM00146,PAC-1,0
2010,SIDM00999,PAC-1,0
2011,SIDM00515,PAC-1,0
2012,SIDM00940,PAC-1,0
2013,SIDM00930,PAC-1,0
2014,SIDM00931,PAC-1,0
2015,SIDM00886,PAC-1,0
2016,SIDM00867,PAC-1,0
2017,SIDM00947,PAC-1,0
2018,SIDM01047,PAC-1,0
2019,SIDM01042,PAC-1,0
2020,SIDM00860,PAC-1,0
2021,SIDM01055,PAC-1,0
2022,SIDM00227,PAC-1,0
2023,SIDM00828,PAC-1,0
2024,SIDM01218,PAC-1,0
2025,SIDM01013,PAC-1,0
2026,SIDM01012,PAC-1,0
2027,SIDM00308,PAC-1,0
2028,SIDM01033,PAC-1,0
2029,SIDM00346,PAC-1,0
2030,SIDM00272,PAC-1,0
2031,SIDM00628,PAC-1,0
2032,SIDM00334,PAC-1,0
2033,SIDM00438,PAC-1,0
2034,SIDM00401,PAC-1,0
2035,SIDM01110,PAC-1,0
2036,SIDM01107,PAC-1,0
2037,SIDM01103,PAC-1,0
2038,SIDM00832,PAC-1,0
2039,SIDM00411,PAC-1,0
2040,SIDM00479,PAC-1,0
2041,SIDM01248,PAC-1,0
2042,SIDM00957,PAC-1,0
2043,SIDM00343,PAC-1,0
2044,SIDM00988,PAC-1,0
2045,SIDM00798,PAC-1,0
2046,SIDM01089,PAC-1,0
2047,SIDM01087,PAC-1,0
2048,SIDM00937,PAC-1,0
2049,SIDM00332,PAC-1,0
2050,SIDM00964,PAC-1,0
2051,SIDM00935,PAC-1,0
2052,SIDM00963,PAC-1,0
2053,SIDM01045,PAC-1,0
2054,SIDM01040,PAC-1,0
2055,SIDM01072,PAC-1,0
2056,SIDM01067,PAC-1,0
2057,SIDM01066,PAC-1,0
2058,SIDM00453,PAC-1,0
2059,SIDM00394,PAC-1,0
2060,SIDM00419,PAC-1,0
2061,SIDM00462,PAC-1,0
2062,SIDM00929,PAC-1,0
2063,SIDM00944,PAC-1,0
2064,SIDM00950,PAC-1,0
2065,SIDM01002,PAC-1,0
2066,SIDM01048,PAC-1,0
2067,SIDM00341,PAC-1,0
2068,SIDM00455,PAC-1,0
2069,SIDM01058,PAC-1,0
2070,SIDM01036,PAC-1,0
2071,SIDM00461,PAC-1,0
2072,SIDM00421,PAC-1,0
2073,SIDM00413,PAC-1,0
2074,SIDM00124,Thapsigargin,0
2075,SIDM01013,Thapsigargin,0
2076,SIDM00327,Thapsigargin,0
2077,SIDM00580,Thapsigargin,0
2078,SIDM00832,Thapsigargin,0
2079,SIDM00332,Thapsigargin,0
2080,SIDM00932,Thapsigargin,0
2081,SIDM00929,Thapsigargin,0
2082,SIDM00944,Thapsigargin,0
2083,SIDM00413,Thapsigargin,0
2084,SIDM01085,BMS-754807,0
2085,SIDM00874,BMS-754807,0
2086,SIDM00791,BMS-754807,0
2087,SIDM00087,BMS-754807,0
2088,SIDM00886,BMS-754807,0
2089,SIDM00948,BMS-754807,0
2090,SIDM01051,BMS-754807,0
2091,SIDM01049,BMS-754807,0
2092,SIDM01042,BMS-754807,0
2093,SIDM01013,BMS-754807,0
2094,SIDM01012,BMS-754807,0
2095,SIDM01033,BMS-754807,0
2096,SIDM00327,BMS-754807,0
2097,SIDM00335,BMS-754807,0
2098,SIDM00388,BMS-754807,0
2099,SIDM00438,BMS-754807,0
2100,SIDM01107,BMS-754807,0
2101,SIDM00424,BMS-754807,0
2102,SIDM01089,BMS-754807,0
2103,SIDM00332,BMS-754807,0
2104,SIDM00963,BMS-754807,0
2105,SIDM01067,BMS-754807,0
2106,SIDM00944,BMS-754807,0
2107,SIDM01062,BMS-754807,0
2108,SIDM00313,BMS-754807,0
2109,SIDM00338,BMS-754807,0
2110,SIDM00448,BMS-754807,0
2111,SIDM00415,BMS-754807,0
2112,SIDM00422,BMS-754807,0
2113,SIDM00413,BMS-754807,0
2114,SIDM01085,Linsitinib,0
2115,SIDM00982,Linsitinib,0
2116,SIDM00706,Linsitinib,0
2117,SIDM01131,Linsitinib,0
2118,SIDM00877,Linsitinib,0
2119,SIDM00874,Linsitinib,0
2120,SIDM00990,Linsitinib,0
2121,SIDM00942,Linsitinib,0
2122,SIDM00632,Linsitinib,0
2123,SIDM01032,Linsitinib,0
2124,SIDM01024,Linsitinib,0
2125,SIDM00927,Linsitinib,0
2126,SIDM00088,Linsitinib,0
2127,SIDM00120,Linsitinib,0
2128,SIDM00783,Linsitinib,0
2129,SIDM00789,Linsitinib,0
2130,SIDM00791,Linsitinib,0
2131,SIDM00097,Linsitinib,0
2132,SIDM00124,Linsitinib,0
2133,SIDM00087,Linsitinib,0
2134,SIDM00900,Linsitinib,0
2135,SIDM00940,Linsitinib,0
2136,SIDM00930,Linsitinib,0
2137,SIDM00931,Linsitinib,0
2138,SIDM00886,Linsitinib,0
2139,SIDM00867,Linsitinib,0
2140,SIDM00949,Linsitinib,0
2141,SIDM00948,Linsitinib,0
2142,SIDM00981,Linsitinib,0
2143,SIDM01051,Linsitinib,0
2144,SIDM01049,Linsitinib,0
2145,SIDM01047,Linsitinib,0
2146,SIDM01042,Linsitinib,0
2147,SIDM00860,Linsitinib,0
2148,SIDM01043,Linsitinib,0
2149,SIDM01073,Linsitinib,0
2150,SIDM00671,Linsitinib,0
2151,SIDM00661,Linsitinib,0
2152,SIDM00828,Linsitinib,0
2153,SIDM01218,Linsitinib,0
2154,SIDM01013,Linsitinib,0
2155,SIDM01012,Linsitinib,0
2156,SIDM00785,Linsitinib,0
2157,SIDM00308,Linsitinib,0
2158,SIDM01027,Linsitinib,0
2159,SIDM01026,Linsitinib,0
2160,SIDM00327,Linsitinib,0
2161,SIDM00329,Linsitinib,0
2162,SIDM00272,Linsitinib,0
2163,SIDM00628,Linsitinib,0
2164,SIDM00526,Linsitinib,0
2165,SIDM00335,Linsitinib,0
2166,SIDM00334,Linsitinib,0
2167,SIDM00388,Linsitinib,0
2168,SIDM00641,Linsitinib,0
2169,SIDM00463,Linsitinib,0
2170,SIDM00451,Linsitinib,0
2171,SIDM00401,Linsitinib,0
2172,SIDM01107,Linsitinib,0
2173,SIDM00832,Linsitinib,0
2174,SIDM01172,Linsitinib,0
2175,SIDM00424,Linsitinib,0
2176,SIDM01018,Linsitinib,0
2177,SIDM00479,Linsitinib,0
2178,SIDM00477,Linsitinib,0
2179,SIDM01248,Linsitinib,0
2180,SIDM00957,Linsitinib,0
2181,SIDM00343,Linsitinib,0
2182,SIDM00988,Linsitinib,0
2183,SIDM01082,Linsitinib,0
2184,SIDM00287,Linsitinib,0
2185,SIDM00962,Linsitinib,0
2186,SIDM00798,Linsitinib,0
2187,SIDM01089,Linsitinib,0
2188,SIDM01087,Linsitinib,0
2189,SIDM00937,Linsitinib,0
2190,SIDM00995,Linsitinib,0
2191,SIDM00933,Linsitinib,0
2192,SIDM00332,Linsitinib,0
2193,SIDM01052,Linsitinib,0
2194,SIDM00996,Linsitinib,0
2195,SIDM00938,Linsitinib,0
2196,SIDM01064,Linsitinib,0
2197,SIDM00247,Linsitinib,0
2198,SIDM00963,Linsitinib,0
2199,SIDM01045,Linsitinib,0
2200,SIDM01072,Linsitinib,0
2201,SIDM00333,Linsitinib,0
2202,SIDM00453,Linsitinib,0
2203,SIDM00419,Linsitinib,0
2204,SIDM01176,Linsitinib,0
2205,SIDM00462,Linsitinib,0
2206,SIDM00936,Linsitinib,0
2207,SIDM00944,Linsitinib,0
2208,SIDM01058,Linsitinib,0
2209,SIDM01015,Linsitinib,0
2210,SIDM01004,Linsitinib,0
2211,SIDM00313,Linsitinib,0
2212,SIDM00338,Linsitinib,0
2213,SIDM00448,Linsitinib,0
2214,SIDM00422,Linsitinib,0
2215,SIDM00421,Linsitinib,0
2216,SIDM00416,Linsitinib,0
2217,SIDM00413,Linsitinib,0
2218,SIDM01085,Luminespib,0
2219,SIDM00706,Luminespib,0
2220,SIDM01131,Luminespib,0
2221,SIDM00953,Luminespib,0
2222,SIDM00124,Luminespib,0
2223,SIDM00832,Luminespib,0
2224,SIDM00332,Luminespib,0
2225,SIDM00936,Luminespib,0
2226,SIDM00413,Luminespib,0
2227,SIDM00413,Dacinostat,0
2228,SIDM01111,GSK1904529A,0
2229,SIDM00807,GSK1904529A,0
2230,SIDM01085,GSK1904529A,0
2231,SIDM00982,GSK1904529A,0
2232,SIDM00512,GSK1904529A,0
2233,SIDM00706,GSK1904529A,0
2234,SIDM01131,GSK1904529A,0
2235,SIDM01179,GSK1904529A,0
2236,SIDM00877,GSK1904529A,0
2237,SIDM00874,GSK1904529A,0
2238,SIDM00990,GSK1904529A,0
2239,SIDM00986,GSK1904529A,0
2240,SIDM00942,GSK1904529A,0
2241,SIDM00953,GSK1904529A,0
2242,SIDM00951,GSK1904529A,0
2243,SIDM00632,GSK1904529A,0
2244,SIDM01032,GSK1904529A,0
2245,SIDM01028,GSK1904529A,0
2246,SIDM01025,GSK1904529A,0
2247,SIDM01024,GSK1904529A,0
2248,SIDM00345,GSK1904529A,0
2249,SIDM00339,GSK1904529A,0
2250,SIDM00927,GSK1904529A,0
2251,SIDM00391,GSK1904529A,0
2252,SIDM00417,GSK1904529A,0
2253,SIDM01009,GSK1904529A,0
2254,SIDM00395,GSK1904529A,0
2255,SIDM00934,GSK1904529A,0
2256,SIDM00088,GSK1904529A,0
2257,SIDM00120,GSK1904529A,0
2258,SIDM00783,GSK1904529A,0
2259,SIDM00789,GSK1904529A,0
2260,SIDM00829,GSK1904529A,0
2261,SIDM00136,GSK1904529A,0
2262,SIDM00791,GSK1904529A,0
2263,SIDM00097,GSK1904529A,0
2264,SIDM00148,GSK1904529A,0
2265,SIDM00124,GSK1904529A,0
2266,SIDM00903,GSK1904529A,0
2267,SIDM00121,GSK1904529A,0
2268,SIDM00145,GSK1904529A,0
2269,SIDM00146,GSK1904529A,0
2270,SIDM00941,GSK1904529A,0
2271,SIDM00087,GSK1904529A,0
2272,SIDM00987,GSK1904529A,0
2273,SIDM00900,GSK1904529A,0
2274,SIDM00997,GSK1904529A,0
2275,SIDM00983,GSK1904529A,0
2276,SIDM00999,GSK1904529A,0
2277,SIDM01076,GSK1904529A,0
2278,SIDM00954,GSK1904529A,0
2279,SIDM00284,GSK1904529A,0
2280,SIDM00940,GSK1904529A,0
2281,SIDM00930,GSK1904529A,0
2282,SIDM00931,GSK1904529A,0
2283,SIDM00886,GSK1904529A,0
2284,SIDM00867,GSK1904529A,0
2285,SIDM00949,GSK1904529A,0
2286,SIDM00948,GSK1904529A,0
2287,SIDM00947,GSK1904529A,0
2288,SIDM00981,GSK1904529A,0
2289,SIDM01001,GSK1904529A,0
2290,SIDM01056,GSK1904529A,0
2291,SIDM01051,GSK1904529A,0
2292,SIDM01049,GSK1904529A,0
2293,SIDM01047,GSK1904529A,0
2294,SIDM01042,GSK1904529A,0
2295,SIDM00860,GSK1904529A,0
2296,SIDM01055,GSK1904529A,0
2297,SIDM01057,GSK1904529A,0
2298,SIDM00227,GSK1904529A,0
2299,SIDM01043,GSK1904529A,0
2300,SIDM01073,GSK1904529A,0
2301,SIDM00594,GSK1904529A,0
2302,SIDM00671,GSK1904529A,0
2303,SIDM00661,GSK1904529A,0
2304,SIDM00828,GSK1904529A,0
2305,SIDM01060,GSK1904529A,0
2306,SIDM01059,GSK1904529A,0
2307,SIDM01013,GSK1904529A,0
2308,SIDM01012,GSK1904529A,0
2309,SIDM01003,GSK1904529A,0
2310,SIDM00785,GSK1904529A,0
2311,SIDM01019,GSK1904529A,0
2312,SIDM01020,GSK1904529A,0
2313,SIDM00308,GSK1904529A,0
2314,SIDM01033,GSK1904529A,0
2315,SIDM01031,GSK1904529A,0
2316,SIDM01030,GSK1904529A,0
2317,SIDM01029,GSK1904529A,0
2318,SIDM00327,GSK1904529A,0
2319,SIDM00329,GSK1904529A,0
2320,SIDM00346,GSK1904529A,0
2321,SIDM00342,GSK1904529A,0
2322,SIDM00340,GSK1904529A,0
2323,SIDM00637,GSK1904529A,0
2324,SIDM00272,GSK1904529A,0
2325,SIDM00337,GSK1904529A,0
2326,SIDM00336,GSK1904529A,0
2327,SIDM00526,GSK1904529A,0
2328,SIDM00335,GSK1904529A,0
2329,SIDM00334,GSK1904529A,0
2330,SIDM00386,GSK1904529A,0
2331,SIDM00387,GSK1904529A,0
2332,SIDM00388,GSK1904529A,0
2333,SIDM00441,GSK1904529A,0
2334,SIDM00438,GSK1904529A,0
2335,SIDM00431,GSK1904529A,0
2336,SIDM01023,GSK1904529A,0
2337,SIDM00657,GSK1904529A,0
2338,SIDM00429,GSK1904529A,0
2339,SIDM00641,GSK1904529A,0
2340,SIDM00580,GSK1904529A,0
2341,SIDM00457,GSK1904529A,0
2342,SIDM00463,GSK1904529A,0
2343,SIDM00451,GSK1904529A,0
2344,SIDM00447,GSK1904529A,0
2345,SIDM00403,GSK1904529A,0
2346,SIDM01086,GSK1904529A,0
2347,SIDM00402,GSK1904529A,0
2348,SIDM00401,GSK1904529A,0
2349,SIDM00396,GSK1904529A,0
2350,SIDM01110,GSK1904529A,0
2351,SIDM01107,GSK1904529A,0
2352,SIDM00392,GSK1904529A,0
2353,SIDM01103,GSK1904529A,0
2354,SIDM00390,GSK1904529A,0
2355,SIDM01154,GSK1904529A,0
2356,SIDM00420,GSK1904529A,0
2357,SIDM00832,GSK1904529A,0
2358,SIDM01172,GSK1904529A,0
2359,SIDM01191,GSK1904529A,0
2360,SIDM00424,GSK1904529A,0
2361,SIDM00412,GSK1904529A,0
2362,SIDM00411,GSK1904529A,0
2363,SIDM01018,GSK1904529A,0
2364,SIDM00479,GSK1904529A,0
2365,SIDM00477,GSK1904529A,0
2366,SIDM00286,GSK1904529A,0
2367,SIDM01248,GSK1904529A,0
2368,SIDM00957,GSK1904529A,0
2369,SIDM00343,GSK1904529A,0
2370,SIDM00988,GSK1904529A,0
2371,SIDM01082,GSK1904529A,0
2372,SIDM00907,GSK1904529A,0
2373,SIDM00287,GSK1904529A,0
2374,SIDM00985,GSK1904529A,0
2375,SIDM00962,GSK1904529A,0
2376,SIDM00798,GSK1904529A,0
2377,SIDM00810,GSK1904529A,0
2378,SIDM00928,GSK1904529A,0
2379,SIDM01089,GSK1904529A,0
2380,SIDM01087,GSK1904529A,0
2381,SIDM00943,GSK1904529A,0
2382,SIDM00937,GSK1904529A,0
2383,SIDM00895,GSK1904529A,0
2384,SIDM00896,GSK1904529A,0
2385,SIDM00980,GSK1904529A,0
2386,SIDM00995,GSK1904529A,0
2387,SIDM00989,GSK1904529A,0
2388,SIDM00933,GSK1904529A,0
2389,SIDM00446,GSK1904529A,0
2390,SIDM00332,GSK1904529A,0
2391,SIDM01052,GSK1904529A,0
2392,SIDM00499,GSK1904529A,0
2393,SIDM00996,GSK1904529A,0
2394,SIDM00964,GSK1904529A,0
2395,SIDM00938,GSK1904529A,0
2396,SIDM00935,GSK1904529A,0
2397,SIDM01064,GSK1904529A,0
2398,SIDM00312,GSK1904529A,0
2399,SIDM00247,GSK1904529A,0
2400,SIDM00410,GSK1904529A,0
2401,SIDM00963,GSK1904529A,0
2402,SIDM00344,GSK1904529A,0
2403,SIDM00289,GSK1904529A,0
2404,SIDM00330,GSK1904529A,0
2405,SIDM01045,GSK1904529A,0
2406,SIDM01040,GSK1904529A,0
2407,SIDM01072,GSK1904529A,0
2408,SIDM01069,GSK1904529A,0
2409,SIDM01067,GSK1904529A,0
2410,SIDM01066,GSK1904529A,0
2411,SIDM00333,GSK1904529A,0
2412,SIDM00453,GSK1904529A,0
2413,SIDM00426,GSK1904529A,0
2414,SIDM00394,GSK1904529A,0
2415,SIDM00419,GSK1904529A,0
2416,SIDM01176,GSK1904529A,0
2417,SIDM00462,GSK1904529A,0
2418,SIDM00936,GSK1904529A,0
2419,SIDM00929,GSK1904529A,0
2420,SIDM00944,GSK1904529A,0
2421,SIDM00950,GSK1904529A,0
2422,SIDM01068,GSK1904529A,0
2423,SIDM01062,GSK1904529A,0
2424,SIDM00994,GSK1904529A,0
2425,SIDM00993,GSK1904529A,0
2426,SIDM00946,GSK1904529A,0
2427,SIDM01048,GSK1904529A,0
2428,SIDM00341,GSK1904529A,0
2429,SIDM00455,GSK1904529A,0
2430,SIDM01058,GSK1904529A,0
2431,SIDM01071,GSK1904529A,0
2432,SIDM00428,GSK1904529A,0
2433,SIDM01036,GSK1904529A,0
2434,SIDM01015,GSK1904529A,0
2435,SIDM01004,GSK1904529A,0
2436,SIDM01034,GSK1904529A,0
2437,SIDM00313,GSK1904529A,0
2438,SIDM00338,GSK1904529A,0
2439,SIDM00437,GSK1904529A,0
2440,SIDM00434,GSK1904529A,0
2441,SIDM00443,GSK1904529A,0
2442,SIDM00461,GSK1904529A,0
2443,SIDM00460,GSK1904529A,0
2444,SIDM00458,GSK1904529A,0
2445,SIDM00450,GSK1904529A,0
2446,SIDM00448,GSK1904529A,0
2447,SIDM00415,GSK1904529A,0
2448,SIDM00405,GSK1904529A,0
2449,SIDM00406,GSK1904529A,0
2450,SIDM00407,GSK1904529A,0
2451,SIDM00423,GSK1904529A,0
2452,SIDM00422,GSK1904529A,0
2453,SIDM00421,GSK1904529A,0
2454,SIDM00416,GSK1904529A,0
2455,SIDM00413,GSK1904529A,0
2456,SIDM00124,Ruxolitinib,0
2457,SIDM01107,Ruxolitinib,0
2458,SIDM00957,Ruxolitinib,0
2459,SIDM00982,Ispinesib Mesylate,0
2460,SIDM01025,Ispinesib Mesylate,0
2461,SIDM00417,Ispinesib Mesylate,0
2462,SIDM00148,Ispinesib Mesylate,0
2463,SIDM00124,Ispinesib Mesylate,0
2464,SIDM00997,Ispinesib Mesylate,0
2465,SIDM00930,Ispinesib Mesylate,0
2466,SIDM00947,Ispinesib Mesylate,0
2467,SIDM01013,Ispinesib Mesylate,0
2468,SIDM01012,Ispinesib Mesylate,0
2469,SIDM01033,Ispinesib Mesylate,0
2470,SIDM01107,Ispinesib Mesylate,0
2471,SIDM01191,Ispinesib Mesylate,0
2472,SIDM00411,Ispinesib Mesylate,0
2473,SIDM00479,Ispinesib Mesylate,0
2474,SIDM00477,Ispinesib Mesylate,0
2475,SIDM00957,Ispinesib Mesylate,0
2476,SIDM00332,Ispinesib Mesylate,0
2477,SIDM00330,Ispinesib Mesylate,0
2478,SIDM00454,Ispinesib Mesylate,0
2479,SIDM01067,Ispinesib Mesylate,0
2480,SIDM00929,Ispinesib Mesylate,0
2481,SIDM00944,Ispinesib Mesylate,0
2482,SIDM00448,Ispinesib Mesylate,0
2483,SIDM01107,Cabozantinib,0
2484,SIDM00807,Quizartinib,0
2485,SIDM01085,Quizartinib,0
2486,SIDM00982,Quizartinib,0
2487,SIDM00512,Quizartinib,0
2488,SIDM00706,Quizartinib,0
2489,SIDM01131,Quizartinib,0
2490,SIDM01179,Quizartinib,0
2491,SIDM00877,Quizartinib,0
2492,SIDM00874,Quizartinib,0
2493,SIDM00990,Quizartinib,0
2494,SIDM00986,Quizartinib,0
2495,SIDM00961,Quizartinib,0
2496,SIDM00939,Quizartinib,0
2497,SIDM00942,Quizartinib,0
2498,SIDM00953,Quizartinib,0
2499,SIDM00951,Quizartinib,0
2500,SIDM01032,Quizartinib,0
2501,SIDM01028,Quizartinib,0
2502,SIDM01025,Quizartinib,0
2503,SIDM01024,Quizartinib,0
2504,SIDM00345,Quizartinib,0
2505,SIDM00339,Quizartinib,0
2506,SIDM00927,Quizartinib,0
2507,SIDM00391,Quizartinib,0
2508,SIDM00417,Quizartinib,0
2509,SIDM01009,Quizartinib,0
2510,SIDM00395,Quizartinib,0
2511,SIDM00934,Quizartinib,0
2512,SIDM00088,Quizartinib,0
2513,SIDM00120,Quizartinib,0
2514,SIDM00783,Quizartinib,0
2515,SIDM00789,Quizartinib,0
2516,SIDM00829,Quizartinib,0
2517,SIDM00136,Quizartinib,0
2518,SIDM00791,Quizartinib,0
2519,SIDM00097,Quizartinib,0
2520,SIDM00148,Quizartinib,0
2521,SIDM00124,Quizartinib,0
2522,SIDM00903,Quizartinib,0
2523,SIDM00121,Quizartinib,0
2524,SIDM00145,Quizartinib,0
2525,SIDM00146,Quizartinib,0
2526,SIDM00941,Quizartinib,0
2527,SIDM00087,Quizartinib,0
2528,SIDM00987,Quizartinib,0
2529,SIDM00900,Quizartinib,0
2530,SIDM00997,Quizartinib,0
2531,SIDM00983,Quizartinib,0
2532,SIDM00999,Quizartinib,0
2533,SIDM00954,Quizartinib,0
2534,SIDM00515,Quizartinib,0
2535,SIDM00284,Quizartinib,0
2536,SIDM00940,Quizartinib,0
2537,SIDM00930,Quizartinib,0
2538,SIDM00931,Quizartinib,0
2539,SIDM00886,Quizartinib,0
2540,SIDM00867,Quizartinib,0
2541,SIDM00949,Quizartinib,0
2542,SIDM00948,Quizartinib,0
2543,SIDM01001,Quizartinib,0
2544,SIDM01056,Quizartinib,0
2545,SIDM01051,Quizartinib,0
2546,SIDM01047,Quizartinib,0
2547,SIDM01042,Quizartinib,0
2548,SIDM00860,Quizartinib,0
2549,SIDM01055,Quizartinib,0
2550,SIDM00227,Quizartinib,0
2551,SIDM01043,Quizartinib,0
2552,SIDM00671,Quizartinib,0
2553,SIDM00661,Quizartinib,0
2554,SIDM00828,Quizartinib,0
2555,SIDM01060,Quizartinib,0
2556,SIDM01059,Quizartinib,0
2557,SIDM01218,Quizartinib,0
2558,SIDM01013,Quizartinib,0
2559,SIDM01012,Quizartinib,0
2560,SIDM01020,Quizartinib,0
2561,SIDM00308,Quizartinib,0
2562,SIDM01033,Quizartinib,0
2563,SIDM01031,Quizartinib,0
2564,SIDM01030,Quizartinib,0
2565,SIDM01029,Quizartinib,0
2566,SIDM01027,Quizartinib,0
2567,SIDM01026,Quizartinib,0
2568,SIDM00327,Quizartinib,0
2569,SIDM00329,Quizartinib,0
2570,SIDM00346,Quizartinib,0
2571,SIDM00637,Quizartinib,0
2572,SIDM00272,Quizartinib,0
2573,SIDM00628,Quizartinib,0
2574,SIDM00336,Quizartinib,0
2575,SIDM00526,Quizartinib,0
2576,SIDM00335,Quizartinib,0
2577,SIDM00334,Quizartinib,0
2578,SIDM00387,Quizartinib,0
2579,SIDM00388,Quizartinib,0
2580,SIDM00441,Quizartinib,0
2581,SIDM00438,Quizartinib,0
2582,SIDM00431,Quizartinib,0
2583,SIDM00641,Quizartinib,0
2584,SIDM00580,Quizartinib,0
2585,SIDM00457,Quizartinib,0
2586,SIDM00463,Quizartinib,0
2587,SIDM00447,Quizartinib,0
2588,SIDM01086,Quizartinib,0
2589,SIDM00402,Quizartinib,0
2590,SIDM00401,Quizartinib,0
2591,SIDM01110,Quizartinib,0
2592,SIDM01107,Quizartinib,0
2593,SIDM00392,Quizartinib,0
2594,SIDM01103,Quizartinib,0
2595,SIDM00390,Quizartinib,0
2596,SIDM01154,Quizartinib,0
2597,SIDM00420,Quizartinib,0
2598,SIDM00832,Quizartinib,0
2599,SIDM01191,Quizartinib,0
2600,SIDM00424,Quizartinib,0
2601,SIDM00412,Quizartinib,0
2602,SIDM00411,Quizartinib,0
2603,SIDM01018,Quizartinib,0
2604,SIDM00479,Quizartinib,0
2605,SIDM00477,Quizartinib,0
2606,SIDM00286,Quizartinib,0
2607,SIDM00957,Quizartinib,0
2608,SIDM00343,Quizartinib,0
2609,SIDM00988,Quizartinib,0
2610,SIDM01082,Quizartinib,0
2611,SIDM00287,Quizartinib,0
2612,SIDM00810,Quizartinib,0
2613,SIDM00928,Quizartinib,0
2614,SIDM01089,Quizartinib,0
2615,SIDM01087,Quizartinib,0
2616,SIDM00943,Quizartinib,0
2617,SIDM00937,Quizartinib,0
2618,SIDM00895,Quizartinib,0
2619,SIDM00980,Quizartinib,0
2620,SIDM00995,Quizartinib,0
2621,SIDM00989,Quizartinib,0
2622,SIDM00933,Quizartinib,0
2623,SIDM00285,Quizartinib,0
2624,SIDM00446,Quizartinib,0
2625,SIDM00332,Quizartinib,0
2626,SIDM00932,Quizartinib,0
2627,SIDM01052,Quizartinib,0
2628,SIDM00499,Quizartinib,0
2629,SIDM00996,Quizartinib,0
2630,SIDM00964,Quizartinib,0
2631,SIDM00938,Quizartinib,0
2632,SIDM00935,Quizartinib,0
2633,SIDM01064,Quizartinib,0
2634,SIDM00312,Quizartinib,0
2635,SIDM00247,Quizartinib,0
2636,SIDM00963,Quizartinib,0
2637,SIDM00344,Quizartinib,0
2638,SIDM00330,Quizartinib,0
2639,SIDM01045,Quizartinib,0
2640,SIDM01040,Quizartinib,0
2641,SIDM01072,Quizartinib,0
2642,SIDM01069,Quizartinib,0
2643,SIDM01067,Quizartinib,0
2644,SIDM01066,Quizartinib,0
2645,SIDM00333,Quizartinib,0
2646,SIDM00442,Quizartinib,0
2647,SIDM00453,Quizartinib,0
2648,SIDM00426,Quizartinib,0
2649,SIDM00394,Quizartinib,0
2650,SIDM00462,Quizartinib,0
2651,SIDM00936,Quizartinib,0
2652,SIDM00929,Quizartinib,0
2653,SIDM00944,Quizartinib,0
2654,SIDM00950,Quizartinib,0
2655,SIDM01002,Quizartinib,0
2656,SIDM01068,Quizartinib,0
2657,SIDM01062,Quizartinib,0
2658,SIDM01048,Quizartinib,0
2659,SIDM00341,Quizartinib,0
2660,SIDM00455,Quizartinib,0
2661,SIDM01058,Quizartinib,0
2662,SIDM01071,Quizartinib,0
2663,SIDM00428,Quizartinib,0
2664,SIDM01036,Quizartinib,0
2665,SIDM01015,Quizartinib,0
2666,SIDM01004,Quizartinib,0
2667,SIDM00313,Quizartinib,0
2668,SIDM00338,Quizartinib,0
2669,SIDM00434,Quizartinib,0
2670,SIDM00443,Quizartinib,0
2671,SIDM00460,Quizartinib,0
2672,SIDM00450,Quizartinib,0
2673,SIDM00448,Quizartinib,0
2674,SIDM00415,Quizartinib,0
2675,SIDM00404,Quizartinib,0
2676,SIDM00405,Quizartinib,0
2677,SIDM00423,Quizartinib,0
2678,SIDM00421,Quizartinib,0
2679,SIDM00416,Quizartinib,0
2680,SIDM00413,Quizartinib,0
2681,SIDM00483,Quizartinib,0
2682,SIDM00124,VX-11e,0
2683,SIDM01111,Linifanib,0
2684,SIDM00807,Linifanib,0
2685,SIDM01085,Linifanib,0
2686,SIDM00982,Linifanib,0
2687,SIDM00512,Linifanib,0
2688,SIDM00706,Linifanib,0
2689,SIDM01131,Linifanib,0
2690,SIDM01179,Linifanib,0
2691,SIDM00877,Linifanib,0
2692,SIDM00874,Linifanib,0
2693,SIDM00990,Linifanib,0
2694,SIDM00986,Linifanib,0
2695,SIDM00961,Linifanib,0
2696,SIDM00939,Linifanib,0
2697,SIDM00942,Linifanib,0
2698,SIDM00953,Linifanib,0
2699,SIDM00951,Linifanib,0
2700,SIDM01032,Linifanib,0
2701,SIDM01028,Linifanib,0
2702,SIDM01025,Linifanib,0
2703,SIDM01024,Linifanib,0
2704,SIDM00345,Linifanib,0
2705,SIDM00339,Linifanib,0
2706,SIDM00927,Linifanib,0
2707,SIDM00391,Linifanib,0
2708,SIDM00417,Linifanib,0
2709,SIDM01009,Linifanib,0
2710,SIDM00395,Linifanib,0
2711,SIDM00934,Linifanib,0
2712,SIDM00088,Linifanib,0
2713,SIDM00120,Linifanib,0
2714,SIDM00783,Linifanib,0
2715,SIDM00789,Linifanib,0
2716,SIDM00829,Linifanib,0
2717,SIDM00136,Linifanib,0
2718,SIDM00791,Linifanib,0
2719,SIDM00097,Linifanib,0
2720,SIDM00148,Linifanib,0
2721,SIDM00124,Linifanib,0
2722,SIDM00903,Linifanib,0
2723,SIDM00121,Linifanib,0
2724,SIDM00145,Linifanib,0
2725,SIDM00146,Linifanib,0
2726,SIDM00941,Linifanib,0
2727,SIDM00087,Linifanib,0
2728,SIDM00987,Linifanib,0
2729,SIDM00900,Linifanib,0
2730,SIDM00997,Linifanib,0
2731,SIDM00983,Linifanib,0
2732,SIDM00999,Linifanib,0
2733,SIDM00954,Linifanib,0
2734,SIDM00515,Linifanib,0
2735,SIDM00284,Linifanib,0
2736,SIDM00940,Linifanib,0
2737,SIDM00930,Linifanib,0
2738,SIDM00931,Linifanib,0
2739,SIDM00886,Linifanib,0
2740,SIDM00867,Linifanib,0
2741,SIDM00949,Linifanib,0
2742,SIDM00948,Linifanib,0
2743,SIDM01001,Linifanib,0
2744,SIDM01056,Linifanib,0
2745,SIDM01051,Linifanib,0
2746,SIDM01047,Linifanib,0
2747,SIDM01042,Linifanib,0
2748,SIDM00860,Linifanib,0
2749,SIDM01055,Linifanib,0
2750,SIDM00227,Linifanib,0
2751,SIDM01043,Linifanib,0
2752,SIDM01073,Linifanib,0
2753,SIDM00594,Linifanib,0
2754,SIDM00671,Linifanib,0
2755,SIDM00661,Linifanib,0
2756,SIDM00828,Linifanib,0
2757,SIDM01060,Linifanib,0
2758,SIDM01059,Linifanib,0
2759,SIDM01218,Linifanib,0
2760,SIDM01013,Linifanib,0
2761,SIDM01012,Linifanib,0
2762,SIDM01003,Linifanib,0
2763,SIDM01019,Linifanib,0
2764,SIDM01020,Linifanib,0
2765,SIDM00308,Linifanib,0
2766,SIDM01033,Linifanib,0
2767,SIDM01031,Linifanib,0
2768,SIDM01030,Linifanib,0
2769,SIDM01029,Linifanib,0
2770,SIDM01027,Linifanib,0
2771,SIDM01026,Linifanib,0
2772,SIDM00327,Linifanib,0
2773,SIDM00329,Linifanib,0
2774,SIDM00346,Linifanib,0
2775,SIDM00340,Linifanib,0
2776,SIDM00637,Linifanib,0
2777,SIDM00272,Linifanib,0
2778,SIDM00628,Linifanib,0
2779,SIDM00337,Linifanib,0
2780,SIDM00336,Linifanib,0
2781,SIDM00526,Linifanib,0
2782,SIDM00335,Linifanib,0
2783,SIDM00334,Linifanib,0
2784,SIDM00386,Linifanib,0
2785,SIDM00387,Linifanib,0
2786,SIDM00388,Linifanib,0
2787,SIDM00441,Linifanib,0
2788,SIDM00438,Linifanib,0
2789,SIDM00433,Linifanib,0
2790,SIDM00429,Linifanib,0
2791,SIDM00641,Linifanib,0
2792,SIDM00457,Linifanib,0
2793,SIDM00463,Linifanib,0
2794,SIDM00451,Linifanib,0
2795,SIDM00447,Linifanib,0
2796,SIDM00403,Linifanib,0
2797,SIDM01086,Linifanib,0
2798,SIDM00402,Linifanib,0
2799,SIDM00401,Linifanib,0
2800,SIDM00396,Linifanib,0
2801,SIDM01110,Linifanib,0
2802,SIDM01107,Linifanib,0
2803,SIDM00392,Linifanib,0
2804,SIDM01103,Linifanib,0
2805,SIDM00390,Linifanib,0
2806,SIDM01154,Linifanib,0
2807,SIDM00420,Linifanib,0
2808,SIDM00832,Linifanib,0
2809,SIDM01172,Linifanib,0
2810,SIDM01191,Linifanib,0
2811,SIDM00424,Linifanib,0
2812,SIDM00412,Linifanib,0
2813,SIDM00411,Linifanib,0
2814,SIDM01018,Linifanib,0
2815,SIDM00479,Linifanib,0
2816,SIDM00477,Linifanib,0
2817,SIDM00286,Linifanib,0
2818,SIDM00957,Linifanib,0
2819,SIDM00343,Linifanib,0
2820,SIDM00988,Linifanib,0
2821,SIDM01082,Linifanib,0
2822,SIDM00907,Linifanib,0
2823,SIDM00287,Linifanib,0
2824,SIDM00985,Linifanib,0
2825,SIDM00962,Linifanib,0
2826,SIDM00810,Linifanib,0
2827,SIDM00928,Linifanib,0
2828,SIDM01089,Linifanib,0
2829,SIDM01087,Linifanib,0
2830,SIDM00943,Linifanib,0
2831,SIDM00937,Linifanib,0
2832,SIDM00895,Linifanib,0
2833,SIDM00896,Linifanib,0
2834,SIDM00980,Linifanib,0
2835,SIDM00995,Linifanib,0
2836,SIDM00989,Linifanib,0
2837,SIDM00933,Linifanib,0
2838,SIDM00285,Linifanib,0
2839,SIDM00446,Linifanib,0
2840,SIDM00332,Linifanib,0
2841,SIDM00932,Linifanib,0
2842,SIDM01052,Linifanib,0
2843,SIDM00499,Linifanib,0
2844,SIDM00996,Linifanib,0
2845,SIDM00964,Linifanib,0
2846,SIDM00938,Linifanib,0
2847,SIDM00935,Linifanib,0
2848,SIDM01064,Linifanib,0
2849,SIDM00312,Linifanib,0
2850,SIDM00247,Linifanib,0
2851,SIDM00410,Linifanib,0
2852,SIDM00963,Linifanib,0
2853,SIDM00344,Linifanib,0
2854,SIDM00289,Linifanib,0
2855,SIDM00330,Linifanib,0
2856,SIDM01045,Linifanib,0
2857,SIDM01040,Linifanib,0
2858,SIDM01072,Linifanib,0
2859,SIDM01069,Linifanib,0
2860,SIDM01067,Linifanib,0
2861,SIDM01066,Linifanib,0
2862,SIDM00333,Linifanib,0
2863,SIDM00442,Linifanib,0
2864,SIDM00453,Linifanib,0
2865,SIDM00426,Linifanib,0
2866,SIDM00394,Linifanib,0
2867,SIDM00419,Linifanib,0
2868,SIDM01176,Linifanib,0
2869,SIDM00462,Linifanib,0
2870,SIDM00936,Linifanib,0
2871,SIDM00929,Linifanib,0
2872,SIDM00944,Linifanib,0
2873,SIDM00950,Linifanib,0
2874,SIDM01002,Linifanib,0
2875,SIDM01068,Linifanib,0
2876,SIDM01062,Linifanib,0
2877,SIDM00993,Linifanib,0
2878,SIDM00946,Linifanib,0
2879,SIDM01048,Linifanib,0
2880,SIDM00341,Linifanib,0
2881,SIDM00455,Linifanib,0
2882,SIDM01058,Linifanib,0
2883,SIDM01071,Linifanib,0
2884,SIDM00428,Linifanib,0
2885,SIDM01036,Linifanib,0
2886,SIDM01015,Linifanib,0
2887,SIDM01034,Linifanib,0
2888,SIDM00313,Linifanib,0
2889,SIDM00338,Linifanib,0
2890,SIDM00434,Linifanib,0
2891,SIDM00443,Linifanib,0
2892,SIDM00460,Linifanib,0
2893,SIDM00458,Linifanib,0
2894,SIDM00450,Linifanib,0
2895,SIDM00448,Linifanib,0
2896,SIDM00415,Linifanib,0
2897,SIDM00389,Linifanib,0
2898,SIDM00404,Linifanib,0
2899,SIDM00405,Linifanib,0
2900,SIDM00406,Linifanib,0
2901,SIDM00407,Linifanib,0
2902,SIDM00423,Linifanib,0
2903,SIDM00422,Linifanib,0
2904,SIDM00416,Linifanib,0
2905,SIDM00413,Linifanib,0
2906,SIDM00483,Linifanib,0
2907,SIDM01107,Alectinib,0
2908,SIDM00148,Omipalisib,0
2909,SIDM00930,Omipalisib,0
2910,SIDM00929,Omipalisib,0
2911,SIDM01111,Tivozanib,0
2912,SIDM01085,Tivozanib,0
2913,SIDM00512,Tivozanib,0
2914,SIDM01131,Tivozanib,0
2915,SIDM01179,Tivozanib,0
2916,SIDM00877,Tivozanib,0
2917,SIDM00874,Tivozanib,0
2918,SIDM00990,Tivozanib,0
2919,SIDM00939,Tivozanib,0
2920,SIDM00942,Tivozanib,0
2921,SIDM00953,Tivozanib,0
2922,SIDM01032,Tivozanib,0
2923,SIDM01028,Tivozanib,0
2924,SIDM01025,Tivozanib,0
2925,SIDM01024,Tivozanib,0
2926,SIDM00339,Tivozanib,0
2927,SIDM00927,Tivozanib,0
2928,SIDM00391,Tivozanib,0
2929,SIDM00417,Tivozanib,0
2930,SIDM01009,Tivozanib,0
2931,SIDM00395,Tivozanib,0
2932,SIDM00934,Tivozanib,0
2933,SIDM00088,Tivozanib,0
2934,SIDM00120,Tivozanib,0
2935,SIDM00789,Tivozanib,0
2936,SIDM00829,Tivozanib,0
2937,SIDM00136,Tivozanib,0
2938,SIDM00097,Tivozanib,0
2939,SIDM00148,Tivozanib,0
2940,SIDM00124,Tivozanib,0
2941,SIDM00903,Tivozanib,0
2942,SIDM00146,Tivozanib,0
2943,SIDM00941,Tivozanib,0
2944,SIDM00087,Tivozanib,0
2945,SIDM00987,Tivozanib,0
2946,SIDM00997,Tivozanib,0
2947,SIDM00983,Tivozanib,0
2948,SIDM00954,Tivozanib,0
2949,SIDM00515,Tivozanib,0
2950,SIDM00284,Tivozanib,0
2951,SIDM00940,Tivozanib,0
2952,SIDM00930,Tivozanib,0
2953,SIDM00931,Tivozanib,0
2954,SIDM00886,Tivozanib,0
2955,SIDM00867,Tivozanib,0
2956,SIDM00948,Tivozanib,0
2957,SIDM01056,Tivozanib,0
2958,SIDM01051,Tivozanib,0
2959,SIDM01042,Tivozanib,0
2960,SIDM00860,Tivozanib,0
2961,SIDM00661,Tivozanib,0
2962,SIDM00828,Tivozanib,0
2963,SIDM01059,Tivozanib,0
2964,SIDM01218,Tivozanib,0
2965,SIDM01013,Tivozanib,0
2966,SIDM01012,Tivozanib,0
2967,SIDM01019,Tivozanib,0
2968,SIDM01033,Tivozanib,0
2969,SIDM01031,Tivozanib,0
2970,SIDM01030,Tivozanib,0
2971,SIDM00272,Tivozanib,0
2972,SIDM00628,Tivozanib,0
2973,SIDM00337,Tivozanib,0
2974,SIDM00334,Tivozanib,0
2975,SIDM00386,Tivozanib,0
2976,SIDM00441,Tivozanib,0
2977,SIDM01023,Tivozanib,0
2978,SIDM00580,Tivozanib,0
2979,SIDM00463,Tivozanib,0
2980,SIDM00401,Tivozanib,0
2981,SIDM01110,Tivozanib,0
2982,SIDM01107,Tivozanib,0
2983,SIDM00392,Tivozanib,0
2984,SIDM01103,Tivozanib,0
2985,SIDM01154,Tivozanib,0
2986,SIDM00420,Tivozanib,0
2987,SIDM00832,Tivozanib,0
2988,SIDM00424,Tivozanib,0
2989,SIDM00411,Tivozanib,0
2990,SIDM00479,Tivozanib,0
2991,SIDM00477,Tivozanib,0
2992,SIDM00286,Tivozanib,0
2993,SIDM00957,Tivozanib,0
2994,SIDM00343,Tivozanib,0
2995,SIDM00988,Tivozanib,0
2996,SIDM01082,Tivozanib,0
2997,SIDM00907,Tivozanib,0
2998,SIDM00287,Tivozanib,0
2999,SIDM00810,Tivozanib,0
3000,SIDM00928,Tivozanib,0
3001,SIDM01089,Tivozanib,0
3002,SIDM01087,Tivozanib,0
3003,SIDM00943,Tivozanib,0
3004,SIDM00937,Tivozanib,0
3005,SIDM00980,Tivozanib,0
3006,SIDM00933,Tivozanib,0
3007,SIDM00285,Tivozanib,0
3008,SIDM00332,Tivozanib,0
3009,SIDM00932,Tivozanib,0
3010,SIDM01052,Tivozanib,0
3011,SIDM00996,Tivozanib,0
3012,SIDM00935,Tivozanib,0
3013,SIDM01064,Tivozanib,0
3014,SIDM00247,Tivozanib,0
3015,SIDM00963,Tivozanib,0
3016,SIDM00344,Tivozanib,0
3017,SIDM01045,Tivozanib,0
3018,SIDM01040,Tivozanib,0
3019,SIDM01072,Tivozanib,0
3020,SIDM01069,Tivozanib,0
3021,SIDM01067,Tivozanib,0
3022,SIDM01066,Tivozanib,0
3023,SIDM00333,Tivozanib,0
3024,SIDM00442,Tivozanib,0
3025,SIDM00453,Tivozanib,0
3026,SIDM00419,Tivozanib,0
3027,SIDM00462,Tivozanib,0
3028,SIDM00936,Tivozanib,0
3029,SIDM00929,Tivozanib,0
3030,SIDM00944,Tivozanib,0
3031,SIDM01002,Tivozanib,0
3032,SIDM01062,Tivozanib,0
3033,SIDM00341,Tivozanib,0
3034,SIDM00455,Tivozanib,0
3035,SIDM01071,Tivozanib,0
3036,SIDM00338,Tivozanib,0
3037,SIDM00450,Tivozanib,0
3038,SIDM00448,Tivozanib,0
3039,SIDM00415,Tivozanib,0
3040,SIDM00422,Tivozanib,0
3041,SIDM00483,Tivozanib,0
3042,SIDM00148,SNX-2112,0
3043,SIDM00124,SNX-2112,0
3044,SIDM00903,SNX-2112,0
3045,SIDM00930,SNX-2112,0
3046,SIDM00931,SNX-2112,0
3047,SIDM01056,SNX-2112,0
3048,SIDM01043,SNX-2112,0
3049,SIDM01218,SNX-2112,0
3050,SIDM01191,SNX-2112,0
3051,SIDM00943,SNX-2112,0
3052,SIDM00341,SNX-2112,0
3053,SIDM01111,Sphingosine Kinase 1 Inhibitor II,0
3054,SIDM00807,Sphingosine Kinase 1 Inhibitor II,0
3055,SIDM01085,Sphingosine Kinase 1 Inhibitor II,0
3056,SIDM00982,Sphingosine Kinase 1 Inhibitor II,0
3057,SIDM00512,Sphingosine Kinase 1 Inhibitor II,0
3058,SIDM00706,Sphingosine Kinase 1 Inhibitor II,0
3059,SIDM01131,Sphingosine Kinase 1 Inhibitor II,0
3060,SIDM01179,Sphingosine Kinase 1 Inhibitor II,0
3061,SIDM00877,Sphingosine Kinase 1 Inhibitor II,0
3062,SIDM00874,Sphingosine Kinase 1 Inhibitor II,0
3063,SIDM00990,Sphingosine Kinase 1 Inhibitor II,0
3064,SIDM00986,Sphingosine Kinase 1 Inhibitor II,0
3065,SIDM00961,Sphingosine Kinase 1 Inhibitor II,0
3066,SIDM00939,Sphingosine Kinase 1 Inhibitor II,0
3067,SIDM00942,Sphingosine Kinase 1 Inhibitor II,0
3068,SIDM00953,Sphingosine Kinase 1 Inhibitor II,0
3069,SIDM00632,Sphingosine Kinase 1 Inhibitor II,0
3070,SIDM01032,Sphingosine Kinase 1 Inhibitor II,0
3071,SIDM01028,Sphingosine Kinase 1 Inhibitor II,0
3072,SIDM01025,Sphingosine Kinase 1 Inhibitor II,0
3073,SIDM01024,Sphingosine Kinase 1 Inhibitor II,0
3074,SIDM00345,Sphingosine Kinase 1 Inhibitor II,0
3075,SIDM00339,Sphingosine Kinase 1 Inhibitor II,0
3076,SIDM00927,Sphingosine Kinase 1 Inhibitor II,0
3077,SIDM00391,Sphingosine Kinase 1 Inhibitor II,0
3078,SIDM00417,Sphingosine Kinase 1 Inhibitor II,0
3079,SIDM01009,Sphingosine Kinase 1 Inhibitor II,0
3080,SIDM00395,Sphingosine Kinase 1 Inhibitor II,0
3081,SIDM00934,Sphingosine Kinase 1 Inhibitor II,0
3082,SIDM00088,Sphingosine Kinase 1 Inhibitor II,0
3083,SIDM00120,Sphingosine Kinase 1 Inhibitor II,0
3084,SIDM00783,Sphingosine Kinase 1 Inhibitor II,0
3085,SIDM00789,Sphingosine Kinase 1 Inhibitor II,0
3086,SIDM00829,Sphingosine Kinase 1 Inhibitor II,0
3087,SIDM00136,Sphingosine Kinase 1 Inhibitor II,0
3088,SIDM00791,Sphingosine Kinase 1 Inhibitor II,0
3089,SIDM00097,Sphingosine Kinase 1 Inhibitor II,0
3090,SIDM00148,Sphingosine Kinase 1 Inhibitor II,0
3091,SIDM00124,Sphingosine Kinase 1 Inhibitor II,0
3092,SIDM00903,Sphingosine Kinase 1 Inhibitor II,0
3093,SIDM00121,Sphingosine Kinase 1 Inhibitor II,0
3094,SIDM00146,Sphingosine Kinase 1 Inhibitor II,0
3095,SIDM00941,Sphingosine Kinase 1 Inhibitor II,0
3096,SIDM00087,Sphingosine Kinase 1 Inhibitor II,0
3097,SIDM00987,Sphingosine Kinase 1 Inhibitor II,0
3098,SIDM00900,Sphingosine Kinase 1 Inhibitor II,0
3099,SIDM00997,Sphingosine Kinase 1 Inhibitor II,0
3100,SIDM00983,Sphingosine Kinase 1 Inhibitor II,0
3101,SIDM00999,Sphingosine Kinase 1 Inhibitor II,0
3102,SIDM01076,Sphingosine Kinase 1 Inhibitor II,0
3103,SIDM00954,Sphingosine Kinase 1 Inhibitor II,0
3104,SIDM00515,Sphingosine Kinase 1 Inhibitor II,0
3105,SIDM00284,Sphingosine Kinase 1 Inhibitor II,0
3106,SIDM00940,Sphingosine Kinase 1 Inhibitor II,0
3107,SIDM00930,Sphingosine Kinase 1 Inhibitor II,0
3108,SIDM00931,Sphingosine Kinase 1 Inhibitor II,0
3109,SIDM00886,Sphingosine Kinase 1 Inhibitor II,0
3110,SIDM00867,Sphingosine Kinase 1 Inhibitor II,0
3111,SIDM00948,Sphingosine Kinase 1 Inhibitor II,0
3112,SIDM00947,Sphingosine Kinase 1 Inhibitor II,0
3113,SIDM01001,Sphingosine Kinase 1 Inhibitor II,0
3114,SIDM01056,Sphingosine Kinase 1 Inhibitor II,0
3115,SIDM01051,Sphingosine Kinase 1 Inhibitor II,0
3116,SIDM01049,Sphingosine Kinase 1 Inhibitor II,0
3117,SIDM01047,Sphingosine Kinase 1 Inhibitor II,0
3118,SIDM01042,Sphingosine Kinase 1 Inhibitor II,0
3119,SIDM00860,Sphingosine Kinase 1 Inhibitor II,0
3120,SIDM01055,Sphingosine Kinase 1 Inhibitor II,0
3121,SIDM01057,Sphingosine Kinase 1 Inhibitor II,0
3122,SIDM00227,Sphingosine Kinase 1 Inhibitor II,0
3123,SIDM01043,Sphingosine Kinase 1 Inhibitor II,0
3124,SIDM00594,Sphingosine Kinase 1 Inhibitor II,0
3125,SIDM00671,Sphingosine Kinase 1 Inhibitor II,0
3126,SIDM00661,Sphingosine Kinase 1 Inhibitor II,0
3127,SIDM00828,Sphingosine Kinase 1 Inhibitor II,0
3128,SIDM01060,Sphingosine Kinase 1 Inhibitor II,0
3129,SIDM01059,Sphingosine Kinase 1 Inhibitor II,0
3130,SIDM01218,Sphingosine Kinase 1 Inhibitor II,0
3131,SIDM01013,Sphingosine Kinase 1 Inhibitor II,0
3132,SIDM01012,Sphingosine Kinase 1 Inhibitor II,0
3133,SIDM00785,Sphingosine Kinase 1 Inhibitor II,0
3134,SIDM01019,Sphingosine Kinase 1 Inhibitor II,0
3135,SIDM01020,Sphingosine Kinase 1 Inhibitor II,0
3136,SIDM00308,Sphingosine Kinase 1 Inhibitor II,0
3137,SIDM01033,Sphingosine Kinase 1 Inhibitor II,0
3138,SIDM01031,Sphingosine Kinase 1 Inhibitor II,0
3139,SIDM01030,Sphingosine Kinase 1 Inhibitor II,0
3140,SIDM01029,Sphingosine Kinase 1 Inhibitor II,0
3141,SIDM01027,Sphingosine Kinase 1 Inhibitor II,0
3142,SIDM01026,Sphingosine Kinase 1 Inhibitor II,0
3143,SIDM00327,Sphingosine Kinase 1 Inhibitor II,0
3144,SIDM00329,Sphingosine Kinase 1 Inhibitor II,0
3145,SIDM00346,Sphingosine Kinase 1 Inhibitor II,0
3146,SIDM00342,Sphingosine Kinase 1 Inhibitor II,0
3147,SIDM00340,Sphingosine Kinase 1 Inhibitor II,0
3148,SIDM00272,Sphingosine Kinase 1 Inhibitor II,0
3149,SIDM00628,Sphingosine Kinase 1 Inhibitor II,0
3150,SIDM00337,Sphingosine Kinase 1 Inhibitor II,0
3151,SIDM00336,Sphingosine Kinase 1 Inhibitor II,0
3152,SIDM00526,Sphingosine Kinase 1 Inhibitor II,0
3153,SIDM00335,Sphingosine Kinase 1 Inhibitor II,0
3154,SIDM00334,Sphingosine Kinase 1 Inhibitor II,0
3155,SIDM00386,Sphingosine Kinase 1 Inhibitor II,0
3156,SIDM00387,Sphingosine Kinase 1 Inhibitor II,0
3157,SIDM00388,Sphingosine Kinase 1 Inhibitor II,0
3158,SIDM00441,Sphingosine Kinase 1 Inhibitor II,0
3159,SIDM00438,Sphingosine Kinase 1 Inhibitor II,0
3160,SIDM00433,Sphingosine Kinase 1 Inhibitor II,0
3161,SIDM01023,Sphingosine Kinase 1 Inhibitor II,0
3162,SIDM00657,Sphingosine Kinase 1 Inhibitor II,0
3163,SIDM00429,Sphingosine Kinase 1 Inhibitor II,0
3164,SIDM00580,Sphingosine Kinase 1 Inhibitor II,0
3165,SIDM00457,Sphingosine Kinase 1 Inhibitor II,0
3166,SIDM00463,Sphingosine Kinase 1 Inhibitor II,0
3167,SIDM00447,Sphingosine Kinase 1 Inhibitor II,0
3168,SIDM01086,Sphingosine Kinase 1 Inhibitor II,0
3169,SIDM00402,Sphingosine Kinase 1 Inhibitor II,0
3170,SIDM00401,Sphingosine Kinase 1 Inhibitor II,0
3171,SIDM01110,Sphingosine Kinase 1 Inhibitor II,0
3172,SIDM00380,Sphingosine Kinase 1 Inhibitor II,0
3173,SIDM01107,Sphingosine Kinase 1 Inhibitor II,0
3174,SIDM00392,Sphingosine Kinase 1 Inhibitor II,0
3175,SIDM01103,Sphingosine Kinase 1 Inhibitor II,0
3176,SIDM00390,Sphingosine Kinase 1 Inhibitor II,0
3177,SIDM01154,Sphingosine Kinase 1 Inhibitor II,0
3178,SIDM00420,Sphingosine Kinase 1 Inhibitor II,0
3179,SIDM00832,Sphingosine Kinase 1 Inhibitor II,0
3180,SIDM01172,Sphingosine Kinase 1 Inhibitor II,0
3181,SIDM01191,Sphingosine Kinase 1 Inhibitor II,0
3182,SIDM00424,Sphingosine Kinase 1 Inhibitor II,0
3183,SIDM00412,Sphingosine Kinase 1 Inhibitor II,0
3184,SIDM00411,Sphingosine Kinase 1 Inhibitor II,0
3185,SIDM01018,Sphingosine Kinase 1 Inhibitor II,0
3186,SIDM00479,Sphingosine Kinase 1 Inhibitor II,0
3187,SIDM00477,Sphingosine Kinase 1 Inhibitor II,0
3188,SIDM01248,Sphingosine Kinase 1 Inhibitor II,0
3189,SIDM00957,Sphingosine Kinase 1 Inhibitor II,0
3190,SIDM00343,Sphingosine Kinase 1 Inhibitor II,0
3191,SIDM00988,Sphingosine Kinase 1 Inhibitor II,0
3192,SIDM01082,Sphingosine Kinase 1 Inhibitor II,0
3193,SIDM00287,Sphingosine Kinase 1 Inhibitor II,0
3194,SIDM00962,Sphingosine Kinase 1 Inhibitor II,0
3195,SIDM00798,Sphingosine Kinase 1 Inhibitor II,0
3196,SIDM00810,Sphingosine Kinase 1 Inhibitor II,0
3197,SIDM00928,Sphingosine Kinase 1 Inhibitor II,0
3198,SIDM01089,Sphingosine Kinase 1 Inhibitor II,0
3199,SIDM01087,Sphingosine Kinase 1 Inhibitor II,0
3200,SIDM00943,Sphingosine Kinase 1 Inhibitor II,0
3201,SIDM00937,Sphingosine Kinase 1 Inhibitor II,0
3202,SIDM00896,Sphingosine Kinase 1 Inhibitor II,0
3203,SIDM00980,Sphingosine Kinase 1 Inhibitor II,0
3204,SIDM00995,Sphingosine Kinase 1 Inhibitor II,0
3205,SIDM00989,Sphingosine Kinase 1 Inhibitor II,0
3206,SIDM00933,Sphingosine Kinase 1 Inhibitor II,0
3207,SIDM00285,Sphingosine Kinase 1 Inhibitor II,0
3208,SIDM00332,Sphingosine Kinase 1 Inhibitor II,0
3209,SIDM00932,Sphingosine Kinase 1 Inhibitor II,0
3210,SIDM01052,Sphingosine Kinase 1 Inhibitor II,0
3211,SIDM00499,Sphingosine Kinase 1 Inhibitor II,0
3212,SIDM00996,Sphingosine Kinase 1 Inhibitor II,0
3213,SIDM00964,Sphingosine Kinase 1 Inhibitor II,0
3214,SIDM00938,Sphingosine Kinase 1 Inhibitor II,0
3215,SIDM00935,Sphingosine Kinase 1 Inhibitor II,0
3216,SIDM01064,Sphingosine Kinase 1 Inhibitor II,0
3217,SIDM00312,Sphingosine Kinase 1 Inhibitor II,0
3218,SIDM00247,Sphingosine Kinase 1 Inhibitor II,0
3219,SIDM00410,Sphingosine Kinase 1 Inhibitor II,0
3220,SIDM00963,Sphingosine Kinase 1 Inhibitor II,0
3221,SIDM00344,Sphingosine Kinase 1 Inhibitor II,0
3222,SIDM00289,Sphingosine Kinase 1 Inhibitor II,0
3223,SIDM00330,Sphingosine Kinase 1 Inhibitor II,0
3224,SIDM00454,Sphingosine Kinase 1 Inhibitor II,0
3225,SIDM01045,Sphingosine Kinase 1 Inhibitor II,0
3226,SIDM01040,Sphingosine Kinase 1 Inhibitor II,0
3227,SIDM01072,Sphingosine Kinase 1 Inhibitor II,0
3228,SIDM01069,Sphingosine Kinase 1 Inhibitor II,0
3229,SIDM01067,Sphingosine Kinase 1 Inhibitor II,0
3230,SIDM01066,Sphingosine Kinase 1 Inhibitor II,0
3231,SIDM00333,Sphingosine Kinase 1 Inhibitor II,0
3232,SIDM00442,Sphingosine Kinase 1 Inhibitor II,0
3233,SIDM00453,Sphingosine Kinase 1 Inhibitor II,0
3234,SIDM00394,Sphingosine Kinase 1 Inhibitor II,0
3235,SIDM00419,Sphingosine Kinase 1 Inhibitor II,0
3236,SIDM01176,Sphingosine Kinase 1 Inhibitor II,0
3237,SIDM00462,Sphingosine Kinase 1 Inhibitor II,0
3238,SIDM00936,Sphingosine Kinase 1 Inhibitor II,0
3239,SIDM00929,Sphingosine Kinase 1 Inhibitor II,0
3240,SIDM00944,Sphingosine Kinase 1 Inhibitor II,0
3241,SIDM00950,Sphingosine Kinase 1 Inhibitor II,0
3242,SIDM01002,Sphingosine Kinase 1 Inhibitor II,0
3243,SIDM01068,Sphingosine Kinase 1 Inhibitor II,0
3244,SIDM01062,Sphingosine Kinase 1 Inhibitor II,0
3245,SIDM00994,Sphingosine Kinase 1 Inhibitor II,0
3246,SIDM00946,Sphingosine Kinase 1 Inhibitor II,0
3247,SIDM01048,Sphingosine Kinase 1 Inhibitor II,0
3248,SIDM00341,Sphingosine Kinase 1 Inhibitor II,0
3249,SIDM00455,Sphingosine Kinase 1 Inhibitor II,0
3250,SIDM01058,Sphingosine Kinase 1 Inhibitor II,0
3251,SIDM01071,Sphingosine Kinase 1 Inhibitor II,0
3252,SIDM01036,Sphingosine Kinase 1 Inhibitor II,0
3253,SIDM01015,Sphingosine Kinase 1 Inhibitor II,0
3254,SIDM01004,Sphingosine Kinase 1 Inhibitor II,0
3255,SIDM00313,Sphingosine Kinase 1 Inhibitor II,0
3256,SIDM00338,Sphingosine Kinase 1 Inhibitor II,0
3257,SIDM00437,Sphingosine Kinase 1 Inhibitor II,0
3258,SIDM00434,Sphingosine Kinase 1 Inhibitor II,0
3259,SIDM00443,Sphingosine Kinase 1 Inhibitor II,0
3260,SIDM00461,Sphingosine Kinase 1 Inhibitor II,0
3261,SIDM00460,Sphingosine Kinase 1 Inhibitor II,0
3262,SIDM00450,Sphingosine Kinase 1 Inhibitor II,0
3263,SIDM00449,Sphingosine Kinase 1 Inhibitor II,0
3264,SIDM00448,Sphingosine Kinase 1 Inhibitor II,0
3265,SIDM00415,Sphingosine Kinase 1 Inhibitor II,0
3266,SIDM00422,Sphingosine Kinase 1 Inhibitor II,0
3267,SIDM00421,Sphingosine Kinase 1 Inhibitor II,0
3268,SIDM00416,Sphingosine Kinase 1 Inhibitor II,0
3269,SIDM00413,Sphingosine Kinase 1 Inhibitor II,0
3270,SIDM00483,Sphingosine Kinase 1 Inhibitor II,0
3271,SIDM01085,"MetAP2 Inhibitor, A832234",0
3272,SIDM00982,"MetAP2 Inhibitor, A832234",0
3273,SIDM01131,"MetAP2 Inhibitor, A832234",0
3274,SIDM00874,"MetAP2 Inhibitor, A832234",0
3275,SIDM00990,"MetAP2 Inhibitor, A832234",0
3276,SIDM00927,"MetAP2 Inhibitor, A832234",0
3277,SIDM00391,"MetAP2 Inhibitor, A832234",0
3278,SIDM00934,"MetAP2 Inhibitor, A832234",0
3279,SIDM00088,"MetAP2 Inhibitor, A832234",0
3280,SIDM00120,"MetAP2 Inhibitor, A832234",0
3281,SIDM00789,"MetAP2 Inhibitor, A832234",0
3282,SIDM00124,"MetAP2 Inhibitor, A832234",0
3283,SIDM00903,"MetAP2 Inhibitor, A832234",0
3284,SIDM00941,"MetAP2 Inhibitor, A832234",0
3285,SIDM00900,"MetAP2 Inhibitor, A832234",0
3286,SIDM00997,"MetAP2 Inhibitor, A832234",0
3287,SIDM00954,"MetAP2 Inhibitor, A832234",0
3288,SIDM00940,"MetAP2 Inhibitor, A832234",0
3289,SIDM00930,"MetAP2 Inhibitor, A832234",0
3290,SIDM00886,"MetAP2 Inhibitor, A832234",0
3291,SIDM00948,"MetAP2 Inhibitor, A832234",0
3292,SIDM00947,"MetAP2 Inhibitor, A832234",0
3293,SIDM01051,"MetAP2 Inhibitor, A832234",0
3294,SIDM01049,"MetAP2 Inhibitor, A832234",0
3295,SIDM01042,"MetAP2 Inhibitor, A832234",0
3296,SIDM01013,"MetAP2 Inhibitor, A832234",0
3297,SIDM00308,"MetAP2 Inhibitor, A832234",0
3298,SIDM01033,"MetAP2 Inhibitor, A832234",0
3299,SIDM00327,"MetAP2 Inhibitor, A832234",0
3300,SIDM00329,"MetAP2 Inhibitor, A832234",0
3301,SIDM00386,"MetAP2 Inhibitor, A832234",0
3302,SIDM00388,"MetAP2 Inhibitor, A832234",0
3303,SIDM00580,"MetAP2 Inhibitor, A832234",0
3304,SIDM00401,"MetAP2 Inhibitor, A832234",0
3305,SIDM01107,"MetAP2 Inhibitor, A832234",0
3306,SIDM01103,"MetAP2 Inhibitor, A832234",0
3307,SIDM00390,"MetAP2 Inhibitor, A832234",0
3308,SIDM01154,"MetAP2 Inhibitor, A832234",0
3309,SIDM00420,"MetAP2 Inhibitor, A832234",0
3310,SIDM00832,"MetAP2 Inhibitor, A832234",0
3311,SIDM00411,"MetAP2 Inhibitor, A832234",0
3312,SIDM00479,"MetAP2 Inhibitor, A832234",0
3313,SIDM00477,"MetAP2 Inhibitor, A832234",0
3314,SIDM00957,"MetAP2 Inhibitor, A832234",0
3315,SIDM00343,"MetAP2 Inhibitor, A832234",0
3316,SIDM00988,"MetAP2 Inhibitor, A832234",0
3317,SIDM00798,"MetAP2 Inhibitor, A832234",0
3318,SIDM00928,"MetAP2 Inhibitor, A832234",0
3319,SIDM00943,"MetAP2 Inhibitor, A832234",0
3320,SIDM00980,"MetAP2 Inhibitor, A832234",0
3321,SIDM01052,"MetAP2 Inhibitor, A832234",0
3322,SIDM00499,"MetAP2 Inhibitor, A832234",0
3323,SIDM00938,"MetAP2 Inhibitor, A832234",0
3324,SIDM00935,"MetAP2 Inhibitor, A832234",0
3325,SIDM01064,"MetAP2 Inhibitor, A832234",0
3326,SIDM00312,"MetAP2 Inhibitor, A832234",0
3327,SIDM00410,"MetAP2 Inhibitor, A832234",0
3328,SIDM00963,"MetAP2 Inhibitor, A832234",0
3329,SIDM00454,"MetAP2 Inhibitor, A832234",0
3330,SIDM01045,"MetAP2 Inhibitor, A832234",0
3331,SIDM01040,"MetAP2 Inhibitor, A832234",0
3332,SIDM01072,"MetAP2 Inhibitor, A832234",0
3333,SIDM00453,"MetAP2 Inhibitor, A832234",0
3334,SIDM00419,"MetAP2 Inhibitor, A832234",0
3335,SIDM00936,"MetAP2 Inhibitor, A832234",0
3336,SIDM00929,"MetAP2 Inhibitor, A832234",0
3337,SIDM01068,"MetAP2 Inhibitor, A832234",0
3338,SIDM00994,"MetAP2 Inhibitor, A832234",0
3339,SIDM00993,"MetAP2 Inhibitor, A832234",0
3340,SIDM00341,"MetAP2 Inhibitor, A832234",0
3341,SIDM01071,"MetAP2 Inhibitor, A832234",0
3342,SIDM01015,"MetAP2 Inhibitor, A832234",0
3343,SIDM00434,"MetAP2 Inhibitor, A832234",0
3344,SIDM00415,"MetAP2 Inhibitor, A832234",0
3345,SIDM00413,"MetAP2 Inhibitor, A832234",0
3346,SIDM00483,"MetAP2 Inhibitor, A832234",0
3347,SIDM01111,Venotoclax,0
3348,SIDM00807,Venotoclax,0
3349,SIDM01085,Venotoclax,0
3350,SIDM00982,Venotoclax,0
3351,SIDM00512,Venotoclax,0
3352,SIDM01131,Venotoclax,0
3353,SIDM01179,Venotoclax,0
3354,SIDM00877,Venotoclax,0
3355,SIDM00874,Venotoclax,0
3356,SIDM00990,Venotoclax,0
3357,SIDM00986,Venotoclax,0
3358,SIDM00939,Venotoclax,0
3359,SIDM00942,Venotoclax,0
3360,SIDM00953,Venotoclax,0
3361,SIDM00951,Venotoclax,0
3362,SIDM01032,Venotoclax,0
3363,SIDM01028,Venotoclax,0
3364,SIDM01025,Venotoclax,0
3365,SIDM01024,Venotoclax,0
3366,SIDM00345,Venotoclax,0
3367,SIDM00339,Venotoclax,0
3368,SIDM00417,Venotoclax,0
3369,SIDM01009,Venotoclax,0
3370,SIDM00395,Venotoclax,0
3371,SIDM00934,Venotoclax,0
3372,SIDM00088,Venotoclax,0
3373,SIDM00120,Venotoclax,0
3374,SIDM00783,Venotoclax,0
3375,SIDM00789,Venotoclax,0
3376,SIDM00136,Venotoclax,0
3377,SIDM00791,Venotoclax,0
3378,SIDM00097,Venotoclax,0
3379,SIDM00148,Venotoclax,0
3380,SIDM00124,Venotoclax,0
3381,SIDM00903,Venotoclax,0
3382,SIDM00121,Venotoclax,0
3383,SIDM00146,Venotoclax,0
3384,SIDM00941,Venotoclax,0
3385,SIDM00987,Venotoclax,0
3386,SIDM00900,Venotoclax,0
3387,SIDM00997,Venotoclax,0
3388,SIDM00983,Venotoclax,0
3389,SIDM00999,Venotoclax,0
3390,SIDM00515,Venotoclax,0
3391,SIDM00284,Venotoclax,0
3392,SIDM00940,Venotoclax,0
3393,SIDM00930,Venotoclax,0
3394,SIDM00931,Venotoclax,0
3395,SIDM00867,Venotoclax,0
3396,SIDM00949,Venotoclax,0
3397,SIDM00948,Venotoclax,0
3398,SIDM00947,Venotoclax,0
3399,SIDM01056,Venotoclax,0
3400,SIDM01051,Venotoclax,0
3401,SIDM01049,Venotoclax,0
3402,SIDM01047,Venotoclax,0
3403,SIDM01042,Venotoclax,0
3404,SIDM00860,Venotoclax,0
3405,SIDM01055,Venotoclax,0
3406,SIDM00227,Venotoclax,0
3407,SIDM01043,Venotoclax,0
3408,SIDM01073,Venotoclax,0
3409,SIDM00594,Venotoclax,0
3410,SIDM00671,Venotoclax,0
3411,SIDM00661,Venotoclax,0
3412,SIDM00828,Venotoclax,0
3413,SIDM01060,Venotoclax,0
3414,SIDM01059,Venotoclax,0
3415,SIDM01218,Venotoclax,0
3416,SIDM01013,Venotoclax,0
3417,SIDM01012,Venotoclax,0
3418,SIDM01019,Venotoclax,0
3419,SIDM01033,Venotoclax,0
3420,SIDM01031,Venotoclax,0
3421,SIDM01030,Venotoclax,0
3422,SIDM01029,Venotoclax,0
3423,SIDM01027,Venotoclax,0
3424,SIDM01026,Venotoclax,0
3425,SIDM00327,Venotoclax,0
3426,SIDM00329,Venotoclax,0
3427,SIDM00346,Venotoclax,0
3428,SIDM00340,Venotoclax,0
3429,SIDM00272,Venotoclax,0
3430,SIDM00628,Venotoclax,0
3431,SIDM00337,Venotoclax,0
3432,SIDM00336,Venotoclax,0
3433,SIDM00526,Venotoclax,0
3434,SIDM00335,Venotoclax,0
3435,SIDM00334,Venotoclax,0
3436,SIDM00386,Venotoclax,0
3437,SIDM00388,Venotoclax,0
3438,SIDM00438,Venotoclax,0
3439,SIDM01023,Venotoclax,0
3440,SIDM00463,Venotoclax,0
3441,SIDM00451,Venotoclax,0
3442,SIDM00403,Venotoclax,0
3443,SIDM00402,Venotoclax,0
3444,SIDM00401,Venotoclax,0
3445,SIDM01110,Venotoclax,0
3446,SIDM01107,Venotoclax,0
3447,SIDM00392,Venotoclax,0
3448,SIDM01103,Venotoclax,0
3449,SIDM00390,Venotoclax,0
3450,SIDM01154,Venotoclax,0
3451,SIDM00420,Venotoclax,0
3452,SIDM00832,Venotoclax,0
3453,SIDM01172,Venotoclax,0
3454,SIDM01191,Venotoclax,0
3455,SIDM00424,Venotoclax,0
3456,SIDM00412,Venotoclax,0
3457,SIDM00411,Venotoclax,0
3458,SIDM01018,Venotoclax,0
3459,SIDM00479,Venotoclax,0
3460,SIDM00477,Venotoclax,0
3461,SIDM01248,Venotoclax,0
3462,SIDM00957,Venotoclax,0
3463,SIDM00343,Venotoclax,0
3464,SIDM00988,Venotoclax,0
3465,SIDM01082,Venotoclax,0
3466,SIDM00907,Venotoclax,0
3467,SIDM00798,Venotoclax,0
3468,SIDM00810,Venotoclax,0
3469,SIDM00928,Venotoclax,0
3470,SIDM01087,Venotoclax,0
3471,SIDM00943,Venotoclax,0
3472,SIDM00937,Venotoclax,0
3473,SIDM00895,Venotoclax,0
3474,SIDM00896,Venotoclax,0
3475,SIDM00980,Venotoclax,0
3476,SIDM00995,Venotoclax,0
3477,SIDM00989,Venotoclax,0
3478,SIDM00933,Venotoclax,0
3479,SIDM00332,Venotoclax,0
3480,SIDM00932,Venotoclax,0
3481,SIDM01052,Venotoclax,0
3482,SIDM00499,Venotoclax,0
3483,SIDM00996,Venotoclax,0
3484,SIDM00964,Venotoclax,0
3485,SIDM00938,Venotoclax,0
3486,SIDM00935,Venotoclax,0
3487,SIDM00312,Venotoclax,0
3488,SIDM00247,Venotoclax,0
3489,SIDM00410,Venotoclax,0
3490,SIDM00963,Venotoclax,0
3491,SIDM00344,Venotoclax,0
3492,SIDM00330,Venotoclax,0
3493,SIDM00454,Venotoclax,0
3494,SIDM01045,Venotoclax,0
3495,SIDM01040,Venotoclax,0
3496,SIDM01072,Venotoclax,0
3497,SIDM01069,Venotoclax,0
3498,SIDM01067,Venotoclax,0
3499,SIDM01066,Venotoclax,0
3500,SIDM00333,Venotoclax,0
3501,SIDM00442,Venotoclax,0
3502,SIDM00453,Venotoclax,0
3503,SIDM00394,Venotoclax,0
3504,SIDM00419,Venotoclax,0
3505,SIDM00462,Venotoclax,0
3506,SIDM00936,Venotoclax,0
3507,SIDM00929,Venotoclax,0
3508,SIDM00944,Venotoclax,0
3509,SIDM00950,Venotoclax,0
3510,SIDM01002,Venotoclax,0
3511,SIDM01068,Venotoclax,0
3512,SIDM01062,Venotoclax,0
3513,SIDM00993,Venotoclax,0
3514,SIDM01048,Venotoclax,0
3515,SIDM00341,Venotoclax,0
3516,SIDM00455,Venotoclax,0
3517,SIDM01071,Venotoclax,0
3518,SIDM01015,Venotoclax,0
3519,SIDM01004,Venotoclax,0
3520,SIDM00313,Venotoclax,0
3521,SIDM00437,Venotoclax,0
3522,SIDM00434,Venotoclax,0
3523,SIDM00443,Venotoclax,0
3524,SIDM00450,Venotoclax,0
3525,SIDM00448,Venotoclax,0
3526,SIDM00415,Venotoclax,0
3527,SIDM00423,Venotoclax,0
3528,SIDM00413,Venotoclax,0
3529,SIDM00483,Venotoclax,0
3530,SIDM01111,CAY10566,0
3531,SIDM01085,CAY10566,0
3532,SIDM00982,CAY10566,0
3533,SIDM00512,CAY10566,0
3534,SIDM00706,CAY10566,0
3535,SIDM01179,CAY10566,0
3536,SIDM00990,CAY10566,0
3537,SIDM00986,CAY10566,0
3538,SIDM00939,CAY10566,0
3539,SIDM00953,CAY10566,0
3540,SIDM01025,CAY10566,0
3541,SIDM01024,CAY10566,0
3542,SIDM00339,CAY10566,0
3543,SIDM00927,CAY10566,0
3544,SIDM00391,CAY10566,0
3545,SIDM01009,CAY10566,0
3546,SIDM00395,CAY10566,0
3547,SIDM00934,CAY10566,0
3548,SIDM00088,CAY10566,0
3549,SIDM00120,CAY10566,0
3550,SIDM00097,CAY10566,0
3551,SIDM00148,CAY10566,0
3552,SIDM00124,CAY10566,0
3553,SIDM00903,CAY10566,0
3554,SIDM00146,CAY10566,0
3555,SIDM00941,CAY10566,0
3556,SIDM00087,CAY10566,0
3557,SIDM00997,CAY10566,0
3558,SIDM00983,CAY10566,0
3559,SIDM00999,CAY10566,0
3560,SIDM00954,CAY10566,0
3561,SIDM00515,CAY10566,0
3562,SIDM00930,CAY10566,0
3563,SIDM00931,CAY10566,0
3564,SIDM00867,CAY10566,0
3565,SIDM00947,CAY10566,0
3566,SIDM01001,CAY10566,0
3567,SIDM01056,CAY10566,0
3568,SIDM01051,CAY10566,0
3569,SIDM01042,CAY10566,0
3570,SIDM01057,CAY10566,0
3571,SIDM00227,CAY10566,0
3572,SIDM01043,CAY10566,0
3573,SIDM00671,CAY10566,0
3574,SIDM01013,CAY10566,0
3575,SIDM01019,CAY10566,0
3576,SIDM00308,CAY10566,0
3577,SIDM01033,CAY10566,0
3578,SIDM01030,CAY10566,0
3579,SIDM01029,CAY10566,0
3580,SIDM00342,CAY10566,0
3581,SIDM00336,CAY10566,0
3582,SIDM00335,CAY10566,0
3583,SIDM00334,CAY10566,0
3584,SIDM00386,CAY10566,0
3585,SIDM00387,CAY10566,0
3586,SIDM00433,CAY10566,0
3587,SIDM00451,CAY10566,0
3588,SIDM00447,CAY10566,0
3589,SIDM00403,CAY10566,0
3590,SIDM00401,CAY10566,0
3591,SIDM01110,CAY10566,0
3592,SIDM00380,CAY10566,0
3593,SIDM01107,CAY10566,0
3594,SIDM00390,CAY10566,0
3595,SIDM00420,CAY10566,0
3596,SIDM00832,CAY10566,0
3597,SIDM01191,CAY10566,0
3598,SIDM00411,CAY10566,0
3599,SIDM00479,CAY10566,0
3600,SIDM01248,CAY10566,0
3601,SIDM00957,CAY10566,0
3602,SIDM00343,CAY10566,0
3603,SIDM00988,CAY10566,0
3604,SIDM01082,CAY10566,0
3605,SIDM00962,CAY10566,0
3606,SIDM00798,CAY10566,0
3607,SIDM00928,CAY10566,0
3608,SIDM01089,CAY10566,0
3609,SIDM01087,CAY10566,0
3610,SIDM00943,CAY10566,0
3611,SIDM00895,CAY10566,0
3612,SIDM00995,CAY10566,0
3613,SIDM00989,CAY10566,0
3614,SIDM00933,CAY10566,0
3615,SIDM00285,CAY10566,0
3616,SIDM00332,CAY10566,0
3617,SIDM00932,CAY10566,0
3618,SIDM01052,CAY10566,0
3619,SIDM00499,CAY10566,0
3620,SIDM00996,CAY10566,0
3621,SIDM00935,CAY10566,0
3622,SIDM01064,CAY10566,0
3623,SIDM00410,CAY10566,0
3624,SIDM00963,CAY10566,0
3625,SIDM00344,CAY10566,0
3626,SIDM00289,CAY10566,0
3627,SIDM00330,CAY10566,0
3628,SIDM00454,CAY10566,0
3629,SIDM01045,CAY10566,0
3630,SIDM01040,CAY10566,0
3631,SIDM01072,CAY10566,0
3632,SIDM01069,CAY10566,0
3633,SIDM01067,CAY10566,0
3634,SIDM01066,CAY10566,0
3635,SIDM00333,CAY10566,0
3636,SIDM00442,CAY10566,0
3637,SIDM00394,CAY10566,0
3638,SIDM00419,CAY10566,0
3639,SIDM01176,CAY10566,0
3640,SIDM00944,CAY10566,0
3641,SIDM01002,CAY10566,0
3642,SIDM01062,CAY10566,0
3643,SIDM00994,CAY10566,0
3644,SIDM01048,CAY10566,0
3645,SIDM00341,CAY10566,0
3646,SIDM01071,CAY10566,0
3647,SIDM00313,CAY10566,0
3648,SIDM00338,CAY10566,0
3649,SIDM00461,CAY10566,0
3650,SIDM00460,CAY10566,0
3651,SIDM00450,CAY10566,0
3652,SIDM00415,CAY10566,0
3653,SIDM00422,CAY10566,0
3654,SIDM00416,CAY10566,0
3655,SIDM00413,CAY10566,0
3656,SIDM00483,CAY10566,0
3657,SIDM00874,Alisertib,0
3658,SIDM00339,Alisertib,0
3659,SIDM00789,Alisertib,0
3660,SIDM00124,Alisertib,0
3661,SIDM00903,Alisertib,0
3662,SIDM00146,Alisertib,0
3663,SIDM00941,Alisertib,0
3664,SIDM00900,Alisertib,0
3665,SIDM00940,Alisertib,0
3666,SIDM00930,Alisertib,0
3667,SIDM00931,Alisertib,0
3668,SIDM00948,Alisertib,0
3669,SIDM01051,Alisertib,0
3670,SIDM01049,Alisertib,0
3671,SIDM01042,Alisertib,0
3672,SIDM00860,Alisertib,0
3673,SIDM00661,Alisertib,0
3674,SIDM00828,Alisertib,0
3675,SIDM01059,Alisertib,0
3676,SIDM01218,Alisertib,0
3677,SIDM01013,Alisertib,0
3678,SIDM01012,Alisertib,0
3679,SIDM01033,Alisertib,0
3680,SIDM01030,Alisertib,0
3681,SIDM00327,Alisertib,0
3682,SIDM00438,Alisertib,0
3683,SIDM00401,Alisertib,0
3684,SIDM01103,Alisertib,0
3685,SIDM00390,Alisertib,0
3686,SIDM00832,Alisertib,0
3687,SIDM00477,Alisertib,0
3688,SIDM00957,Alisertib,0
3689,SIDM00343,Alisertib,0
3690,SIDM00798,Alisertib,0
3691,SIDM00928,Alisertib,0
3692,SIDM01087,Alisertib,0
3693,SIDM01052,Alisertib,0
3694,SIDM00247,Alisertib,0
3695,SIDM00410,Alisertib,0
3696,SIDM00963,Alisertib,0
3697,SIDM00454,Alisertib,0
3698,SIDM00453,Alisertib,0
3699,SIDM00394,Alisertib,0
3700,SIDM00936,Alisertib,0
3701,SIDM00950,Alisertib,0
3702,SIDM01002,Alisertib,0
3703,SIDM01062,Alisertib,0
3704,SIDM00993,Alisertib,0
3705,SIDM00341,Alisertib,0
3706,SIDM00455,Alisertib,0
3707,SIDM00338,Alisertib,0
3708,SIDM00448,Alisertib,0
3709,SIDM00415,Alisertib,0
3710,SIDM00413,Alisertib,0
3711,SIDM00483,Alisertib,0
3712,SIDM01013,Flavopiridol,0
3713,SIDM00789,Trichostatin A,0
3714,SIDM01047,Trichostatin A,0
3715,SIDM01042,Trichostatin A,0
3716,SIDM01013,Trichostatin A,0
3717,SIDM00401,Trichostatin A,0
3718,SIDM01018,Trichostatin A,0
3719,SIDM00933,Trichostatin A,0
3720,SIDM01042,Panobinostat,0
3721,SIDM01013,Panobinostat,0
3722,SIDM01026,Panobinostat,0
3723,SIDM00401,Panobinostat,0
3724,SIDM00933,Panobinostat,0
3725,SIDM00982,ARRY-520,0
3726,SIDM00874,ARRY-520,0
3727,SIDM01042,ARRY-520,0
3728,SIDM01013,ARRY-520,0
3729,SIDM00390,ARRY-520,0
3730,SIDM00832,ARRY-520,0
3731,SIDM00454,ARRY-520,0
3732,SIDM00442,ARRY-520,0
3733,SIDM01002,ARRY-520,0
3734,SIDM01062,ARRY-520,0
3735,SIDM01111,AGI-6780,0
3736,SIDM00807,AGI-6780,0
3737,SIDM01085,AGI-6780,0
3738,SIDM00982,AGI-6780,0
3739,SIDM00512,AGI-6780,0
3740,SIDM01131,AGI-6780,0
3741,SIDM01179,AGI-6780,0
3742,SIDM00877,AGI-6780,0
3743,SIDM00874,AGI-6780,0
3744,SIDM00990,AGI-6780,0
3745,SIDM00986,AGI-6780,0
3746,SIDM00961,AGI-6780,0
3747,SIDM00939,AGI-6780,0
3748,SIDM00942,AGI-6780,0
3749,SIDM00953,AGI-6780,0
3750,SIDM00951,AGI-6780,0
3751,SIDM00632,AGI-6780,0
3752,SIDM01032,AGI-6780,0
3753,SIDM01028,AGI-6780,0
3754,SIDM01025,AGI-6780,0
3755,SIDM01024,AGI-6780,0
3756,SIDM00345,AGI-6780,0
3757,SIDM00339,AGI-6780,0
3758,SIDM00927,AGI-6780,0
3759,SIDM00391,AGI-6780,0
3760,SIDM00417,AGI-6780,0
3761,SIDM01009,AGI-6780,0
3762,SIDM00934,AGI-6780,0
3763,SIDM00088,AGI-6780,0
3764,SIDM00120,AGI-6780,0
3765,SIDM00783,AGI-6780,0
3766,SIDM00789,AGI-6780,0
3767,SIDM00829,AGI-6780,0
3768,SIDM00136,AGI-6780,0
3769,SIDM00791,AGI-6780,0
3770,SIDM00097,AGI-6780,0
3771,SIDM00148,AGI-6780,0
3772,SIDM00124,AGI-6780,0
3773,SIDM00903,AGI-6780,0
3774,SIDM00121,AGI-6780,0
3775,SIDM00145,AGI-6780,0
3776,SIDM00146,AGI-6780,0
3777,SIDM00941,AGI-6780,0
3778,SIDM00087,AGI-6780,0
3779,SIDM00987,AGI-6780,0
3780,SIDM00900,AGI-6780,0
3781,SIDM00997,AGI-6780,0
3782,SIDM00983,AGI-6780,0
3783,SIDM00999,AGI-6780,0
3784,SIDM00954,AGI-6780,0
3785,SIDM00284,AGI-6780,0
3786,SIDM00940,AGI-6780,0
3787,SIDM00930,AGI-6780,0
3788,SIDM00931,AGI-6780,0
3789,SIDM00886,AGI-6780,0
3790,SIDM00867,AGI-6780,0
3791,SIDM00949,AGI-6780,0
3792,SIDM00948,AGI-6780,0
3793,SIDM00947,AGI-6780,0
3794,SIDM00981,AGI-6780,0
3795,SIDM01001,AGI-6780,0
3796,SIDM01056,AGI-6780,0
3797,SIDM01051,AGI-6780,0
3798,SIDM01049,AGI-6780,0
3799,SIDM01047,AGI-6780,0
3800,SIDM01042,AGI-6780,0
3801,SIDM00860,AGI-6780,0
3802,SIDM01055,AGI-6780,0
3803,SIDM01057,AGI-6780,0
3804,SIDM00227,AGI-6780,0
3805,SIDM01043,AGI-6780,0
3806,SIDM01073,AGI-6780,0
3807,SIDM00594,AGI-6780,0
3808,SIDM00671,AGI-6780,0
3809,SIDM00661,AGI-6780,0
3810,SIDM00828,AGI-6780,0
3811,SIDM01060,AGI-6780,0
3812,SIDM01059,AGI-6780,0
3813,SIDM01218,AGI-6780,0
3814,SIDM01013,AGI-6780,0
3815,SIDM01012,AGI-6780,0
3816,SIDM00785,AGI-6780,0
3817,SIDM01019,AGI-6780,0
3818,SIDM01020,AGI-6780,0
3819,SIDM00308,AGI-6780,0
3820,SIDM01033,AGI-6780,0
3821,SIDM01031,AGI-6780,0
3822,SIDM01030,AGI-6780,0
3823,SIDM01029,AGI-6780,0
3824,SIDM01027,AGI-6780,0
3825,SIDM01026,AGI-6780,0
3826,SIDM00327,AGI-6780,0
3827,SIDM00329,AGI-6780,0
3828,SIDM00346,AGI-6780,0
3829,SIDM00340,AGI-6780,0
3830,SIDM00272,AGI-6780,0
3831,SIDM00628,AGI-6780,0
3832,SIDM00337,AGI-6780,0
3833,SIDM00336,AGI-6780,0
3834,SIDM00526,AGI-6780,0
3835,SIDM00335,AGI-6780,0
3836,SIDM00334,AGI-6780,0
3837,SIDM00386,AGI-6780,0
3838,SIDM00387,AGI-6780,0
3839,SIDM00388,AGI-6780,0
3840,SIDM00441,AGI-6780,0
3841,SIDM00438,AGI-6780,0
3842,SIDM00431,AGI-6780,0
3843,SIDM01023,AGI-6780,0
3844,SIDM00657,AGI-6780,0
3845,SIDM00429,AGI-6780,0
3846,SIDM00580,AGI-6780,0
3847,SIDM00457,AGI-6780,0
3848,SIDM00463,AGI-6780,0
3849,SIDM00451,AGI-6780,0
3850,SIDM00403,AGI-6780,0
3851,SIDM01086,AGI-6780,0
3852,SIDM00402,AGI-6780,0
3853,SIDM00401,AGI-6780,0
3854,SIDM00396,AGI-6780,0
3855,SIDM01110,AGI-6780,0
3856,SIDM00380,AGI-6780,0
3857,SIDM01107,AGI-6780,0
3858,SIDM00392,AGI-6780,0
3859,SIDM01103,AGI-6780,0
3860,SIDM00390,AGI-6780,0
3861,SIDM01154,AGI-6780,0
3862,SIDM00420,AGI-6780,0
3863,SIDM00832,AGI-6780,0
3864,SIDM01172,AGI-6780,0
3865,SIDM01191,AGI-6780,0
3866,SIDM00424,AGI-6780,0
3867,SIDM00412,AGI-6780,0
3868,SIDM00411,AGI-6780,0
3869,SIDM01018,AGI-6780,0
3870,SIDM00479,AGI-6780,0
3871,SIDM00477,AGI-6780,0
3872,SIDM01248,AGI-6780,0
3873,SIDM00957,AGI-6780,0
3874,SIDM00343,AGI-6780,0
3875,SIDM00988,AGI-6780,0
3876,SIDM01082,AGI-6780,0
3877,SIDM00907,AGI-6780,0
3878,SIDM00287,AGI-6780,0
3879,SIDM00985,AGI-6780,0
3880,SIDM00962,AGI-6780,0
3881,SIDM00798,AGI-6780,0
3882,SIDM00810,AGI-6780,0
3883,SIDM00928,AGI-6780,0
3884,SIDM01087,AGI-6780,0
3885,SIDM00943,AGI-6780,0
3886,SIDM00937,AGI-6780,0
3887,SIDM00896,AGI-6780,0
3888,SIDM00980,AGI-6780,0
3889,SIDM00995,AGI-6780,0
3890,SIDM00989,AGI-6780,0
3891,SIDM00933,AGI-6780,0
3892,SIDM00285,AGI-6780,0
3893,SIDM00446,AGI-6780,0
3894,SIDM00332,AGI-6780,0
3895,SIDM00932,AGI-6780,0
3896,SIDM01052,AGI-6780,0
3897,SIDM00499,AGI-6780,0
3898,SIDM00996,AGI-6780,0
3899,SIDM00964,AGI-6780,0
3900,SIDM00938,AGI-6780,0
3901,SIDM00935,AGI-6780,0
3902,SIDM01064,AGI-6780,0
3903,SIDM00312,AGI-6780,0
3904,SIDM00247,AGI-6780,0
3905,SIDM00410,AGI-6780,0
3906,SIDM00963,AGI-6780,0
3907,SIDM00344,AGI-6780,0
3908,SIDM00330,AGI-6780,0
3909,SIDM00454,AGI-6780,0
3910,SIDM01045,AGI-6780,0
3911,SIDM01040,AGI-6780,0
3912,SIDM01072,AGI-6780,0
3913,SIDM01069,AGI-6780,0
3914,SIDM01067,AGI-6780,0
3915,SIDM01066,AGI-6780,0
3916,SIDM00333,AGI-6780,0
3917,SIDM00442,AGI-6780,0
3918,SIDM00453,AGI-6780,0
3919,SIDM00426,AGI-6780,0
3920,SIDM00394,AGI-6780,0
3921,SIDM00419,AGI-6780,0
3922,SIDM01176,AGI-6780,0
3923,SIDM00462,AGI-6780,0
3924,SIDM00936,AGI-6780,0
3925,SIDM00929,AGI-6780,0
3926,SIDM00944,AGI-6780,0
3927,SIDM00950,AGI-6780,0
3928,SIDM01002,AGI-6780,0
3929,SIDM01068,AGI-6780,0
3930,SIDM01062,AGI-6780,0
3931,SIDM00994,AGI-6780,0
3932,SIDM00993,AGI-6780,0
3933,SIDM00946,AGI-6780,0
3934,SIDM01048,AGI-6780,0
3935,SIDM00341,AGI-6780,0
3936,SIDM00455,AGI-6780,0
3937,SIDM01071,AGI-6780,0
3938,SIDM01036,AGI-6780,0
3939,SIDM01015,AGI-6780,0
3940,SIDM01004,AGI-6780,0
3941,SIDM01034,AGI-6780,0
3942,SIDM00437,AGI-6780,0
3943,SIDM00443,AGI-6780,0
3944,SIDM00461,AGI-6780,0
3945,SIDM00460,AGI-6780,0
3946,SIDM00450,AGI-6780,0
3947,SIDM00448,AGI-6780,0
3948,SIDM00415,AGI-6780,0
3949,SIDM00404,AGI-6780,0
3950,SIDM00406,AGI-6780,0
3951,SIDM00423,AGI-6780,0
3952,SIDM00422,AGI-6780,0
3953,SIDM00421,AGI-6780,0
3954,SIDM00416,AGI-6780,0
3955,SIDM00413,AGI-6780,0
3956,SIDM00483,AGI-6780,0
3957,SIDM01111,LGK974,0
3958,SIDM00807,LGK974,0
3959,SIDM01085,LGK974,0
3960,SIDM00982,LGK974,0
3961,SIDM00512,LGK974,0
3962,SIDM01131,LGK974,0
3963,SIDM01179,LGK974,0
3964,SIDM00990,LGK974,0
3965,SIDM00961,LGK974,0
3966,SIDM00939,LGK974,0
3967,SIDM00953,LGK974,0
3968,SIDM00951,LGK974,0
3969,SIDM00632,LGK974,0
3970,SIDM01025,LGK974,0
3971,SIDM00345,LGK974,0
3972,SIDM00927,LGK974,0
3973,SIDM00391,LGK974,0
3974,SIDM00417,LGK974,0
3975,SIDM00934,LGK974,0
3976,SIDM00088,LGK974,0
3977,SIDM00120,LGK974,0
3978,SIDM00789,LGK974,0
3979,SIDM00097,LGK974,0
3980,SIDM00124,LGK974,0
3981,SIDM00903,LGK974,0
3982,SIDM00941,LGK974,0
3983,SIDM00087,LGK974,0
3984,SIDM00900,LGK974,0
3985,SIDM00997,LGK974,0
3986,SIDM00983,LGK974,0
3987,SIDM00284,LGK974,0
3988,SIDM00930,LGK974,0
3989,SIDM00867,LGK974,0
3990,SIDM00948,LGK974,0
3991,SIDM00947,LGK974,0
3992,SIDM00981,LGK974,0
3993,SIDM01056,LGK974,0
3994,SIDM01051,LGK974,0
3995,SIDM01049,LGK974,0
3996,SIDM01047,LGK974,0
3997,SIDM00860,LGK974,0
3998,SIDM00227,LGK974,0
3999,SIDM00594,LGK974,0
4000,SIDM00671,LGK974,0
4001,SIDM00661,LGK974,0
4002,SIDM01013,LGK974,0
4003,SIDM01012,LGK974,0
4004,SIDM01033,LGK974,0
4005,SIDM00327,LGK974,0
4006,SIDM00340,LGK974,0
4007,SIDM00335,LGK974,0
4008,SIDM00386,LGK974,0
4009,SIDM00388,LGK974,0
4010,SIDM00438,LGK974,0
4011,SIDM00433,LGK974,0
4012,SIDM00402,LGK974,0
4013,SIDM00401,LGK974,0
4014,SIDM01107,LGK974,0
4015,SIDM00392,LGK974,0
4016,SIDM01103,LGK974,0
4017,SIDM00420,LGK974,0
4018,SIDM00832,LGK974,0
4019,SIDM00412,LGK974,0
4020,SIDM00411,LGK974,0
4021,SIDM00479,LGK974,0
4022,SIDM00477,LGK974,0
4023,SIDM00957,LGK974,0
4024,SIDM00343,LGK974,0
4025,SIDM00988,LGK974,0
4026,SIDM01082,LGK974,0
4027,SIDM00928,LGK974,0
4028,SIDM01089,LGK974,0
4029,SIDM00943,LGK974,0
4030,SIDM00895,LGK974,0
4031,SIDM00980,LGK974,0
4032,SIDM00995,LGK974,0
4033,SIDM00285,LGK974,0
4034,SIDM00446,LGK974,0
4035,SIDM00332,LGK974,0
4036,SIDM01052,LGK974,0
4037,SIDM00499,LGK974,0
4038,SIDM00996,LGK974,0
4039,SIDM00935,LGK974,0
4040,SIDM01064,LGK974,0
4041,SIDM00247,LGK974,0
4042,SIDM00289,LGK974,0
4043,SIDM00330,LGK974,0
4044,SIDM00454,LGK974,0
4045,SIDM01045,LGK974,0
4046,SIDM01040,LGK974,0
4047,SIDM01072,LGK974,0
4048,SIDM01069,LGK974,0
4049,SIDM01067,LGK974,0
4050,SIDM00453,LGK974,0
4051,SIDM00936,LGK974,0
4052,SIDM00929,LGK974,0
4053,SIDM00944,LGK974,0
4054,SIDM01002,LGK974,0
4055,SIDM01068,LGK974,0
4056,SIDM00994,LGK974,0
4057,SIDM00993,LGK974,0
4058,SIDM01048,LGK974,0
4059,SIDM00341,LGK974,0
4060,SIDM01058,LGK974,0
4061,SIDM01071,LGK974,0
4062,SIDM00338,LGK974,0
4063,SIDM00434,LGK974,0
4064,SIDM00460,LGK974,0
4065,SIDM00415,LGK974,0
4066,SIDM00422,LGK974,0
4067,SIDM00416,LGK974,0
4068,SIDM00413,LGK974,0
4069,SIDM01085,Wnt-C59,0
4070,SIDM00512,Wnt-C59,0
4071,SIDM00706,Wnt-C59,0
4072,SIDM01131,Wnt-C59,0
4073,SIDM01179,Wnt-C59,0
4074,SIDM00990,Wnt-C59,0
4075,SIDM00986,Wnt-C59,0
4076,SIDM00961,Wnt-C59,0
4077,SIDM00942,Wnt-C59,0
4078,SIDM00953,Wnt-C59,0
4079,SIDM00632,Wnt-C59,0
4080,SIDM01032,Wnt-C59,0
4081,SIDM00345,Wnt-C59,0
4082,SIDM00927,Wnt-C59,0
4083,SIDM00391,Wnt-C59,0
4084,SIDM00417,Wnt-C59,0
4085,SIDM00934,Wnt-C59,0
4086,SIDM00088,Wnt-C59,0
4087,SIDM00789,Wnt-C59,0
4088,SIDM00097,Wnt-C59,0
4089,SIDM00124,Wnt-C59,0
4090,SIDM00903,Wnt-C59,0
4091,SIDM00941,Wnt-C59,0
4092,SIDM00987,Wnt-C59,0
4093,SIDM00900,Wnt-C59,0
4094,SIDM00997,Wnt-C59,0
4095,SIDM00983,Wnt-C59,0
4096,SIDM00999,Wnt-C59,0
4097,SIDM00284,Wnt-C59,0
4098,SIDM00930,Wnt-C59,0
4099,SIDM00886,Wnt-C59,0
4100,SIDM00948,Wnt-C59,0
4101,SIDM00947,Wnt-C59,0
4102,SIDM00981,Wnt-C59,0
4103,SIDM01049,Wnt-C59,0
4104,SIDM00227,Wnt-C59,0
4105,SIDM00671,Wnt-C59,0
4106,SIDM00661,Wnt-C59,0
4107,SIDM01013,Wnt-C59,0
4108,SIDM01019,Wnt-C59,0
4109,SIDM01033,Wnt-C59,0
4110,SIDM00327,Wnt-C59,0
4111,SIDM00329,Wnt-C59,0
4112,SIDM00340,Wnt-C59,0
4113,SIDM00335,Wnt-C59,0
4114,SIDM00388,Wnt-C59,0
4115,SIDM00438,Wnt-C59,0
4116,SIDM00433,Wnt-C59,0
4117,SIDM01023,Wnt-C59,0
4118,SIDM00401,Wnt-C59,0
4119,SIDM00380,Wnt-C59,0
4120,SIDM01107,Wnt-C59,0
4121,SIDM00392,Wnt-C59,0
4122,SIDM01103,Wnt-C59,0
4123,SIDM00420,Wnt-C59,0
4124,SIDM00832,Wnt-C59,0
4125,SIDM00412,Wnt-C59,0
4126,SIDM00411,Wnt-C59,0
4127,SIDM01018,Wnt-C59,0
4128,SIDM00479,Wnt-C59,0
4129,SIDM00477,Wnt-C59,0
4130,SIDM01248,Wnt-C59,0
4131,SIDM00957,Wnt-C59,0
4132,SIDM00343,Wnt-C59,0
4133,SIDM00988,Wnt-C59,0
4134,SIDM01082,Wnt-C59,0
4135,SIDM00810,Wnt-C59,0
4136,SIDM00928,Wnt-C59,0
4137,SIDM00895,Wnt-C59,0
4138,SIDM00980,Wnt-C59,0
4139,SIDM00285,Wnt-C59,0
4140,SIDM00332,Wnt-C59,0
4141,SIDM01052,Wnt-C59,0
4142,SIDM00996,Wnt-C59,0
4143,SIDM00935,Wnt-C59,0
4144,SIDM01064,Wnt-C59,0
4145,SIDM00312,Wnt-C59,0
4146,SIDM00247,Wnt-C59,0
4147,SIDM00410,Wnt-C59,0
4148,SIDM00344,Wnt-C59,0
4149,SIDM00330,Wnt-C59,0
4150,SIDM00454,Wnt-C59,0
4151,SIDM01045,Wnt-C59,0
4152,SIDM01040,Wnt-C59,0
4153,SIDM01072,Wnt-C59,0
4154,SIDM01069,Wnt-C59,0
4155,SIDM01067,Wnt-C59,0
4156,SIDM01066,Wnt-C59,0
4157,SIDM00453,Wnt-C59,0
4158,SIDM00419,Wnt-C59,0
4159,SIDM01176,Wnt-C59,0
4160,SIDM00936,Wnt-C59,0
4161,SIDM00944,Wnt-C59,0
4162,SIDM01048,Wnt-C59,0
4163,SIDM00341,Wnt-C59,0
4164,SIDM01058,Wnt-C59,0
4165,SIDM00434,Wnt-C59,0
4166,SIDM00449,Wnt-C59,0
4167,SIDM00415,Wnt-C59,0
4168,SIDM00416,Wnt-C59,0
4169,SIDM00413,Wnt-C59,0
4170,SIDM00632,Cytarabine,0
4171,SIDM00391,Cytarabine,0
4172,SIDM00120,Cytarabine,0
4173,SIDM00954,Cytarabine,0
4174,SIDM01049,Cytarabine,0
4175,SIDM01057,Cytarabine,0
4176,SIDM01013,Cytarabine,0
4177,SIDM01031,Cytarabine,0
4178,SIDM00340,Cytarabine,0
4179,SIDM00335,Cytarabine,0
4180,SIDM01172,Cytarabine,0
4181,SIDM01018,Cytarabine,0
4182,SIDM00286,Cytarabine,0
4183,SIDM00343,Cytarabine,0
4184,SIDM00907,Cytarabine,0
4185,SIDM00896,Cytarabine,0
4186,SIDM00963,Cytarabine,0
4187,SIDM01045,Cytarabine,0
4188,SIDM01002,Cytarabine,0
4189,SIDM00338,Cytarabine,0
4190,SIDM00448,Cytarabine,0
4191,SIDM00415,Cytarabine,0
4192,SIDM00422,Cytarabine,0
4193,SIDM01179,Methotrexate,0
4194,SIDM00874,Methotrexate,0
4195,SIDM00990,Methotrexate,0
4196,SIDM00939,Methotrexate,0
4197,SIDM01025,Methotrexate,0
4198,SIDM01024,Methotrexate,0
4199,SIDM00339,Methotrexate,0
4200,SIDM00934,Methotrexate,0
4201,SIDM00088,Methotrexate,0
4202,SIDM00791,Methotrexate,0
4203,SIDM00097,Methotrexate,0
4204,SIDM00148,Methotrexate,0
4205,SIDM00124,Methotrexate,0
4206,SIDM00903,Methotrexate,0
4207,SIDM00146,Methotrexate,0
4208,SIDM00987,Methotrexate,0
4209,SIDM00983,Methotrexate,0
4210,SIDM00999,Methotrexate,0
4211,SIDM00954,Methotrexate,0
4212,SIDM00284,Methotrexate,0
4213,SIDM00940,Methotrexate,0
4214,SIDM00947,Methotrexate,0
4215,SIDM01056,Methotrexate,0
4216,SIDM00860,Methotrexate,0
4217,SIDM01057,Methotrexate,0
4218,SIDM00828,Methotrexate,0
4219,SIDM01059,Methotrexate,0
4220,SIDM00628,Methotrexate,0
4221,SIDM00336,Methotrexate,0
4222,SIDM00335,Methotrexate,0
4223,SIDM00334,Methotrexate,0
4224,SIDM00401,Methotrexate,0
4225,SIDM01103,Methotrexate,0
4226,SIDM00420,Methotrexate,0
4227,SIDM00832,Methotrexate,0
4228,SIDM00957,Methotrexate,0
4229,SIDM00343,Methotrexate,0
4230,SIDM00988,Methotrexate,0
4231,SIDM01082,Methotrexate,0
4232,SIDM00810,Methotrexate,0
4233,SIDM00928,Methotrexate,0
4234,SIDM00943,Methotrexate,0
4235,SIDM00989,Methotrexate,0
4236,SIDM00332,Methotrexate,0
4237,SIDM01052,Methotrexate,0
4238,SIDM00996,Methotrexate,0
4239,SIDM00935,Methotrexate,0
4240,SIDM00963,Methotrexate,0
4241,SIDM00454,Methotrexate,0
4242,SIDM01040,Methotrexate,0
4243,SIDM01072,Methotrexate,0
4244,SIDM01066,Methotrexate,0
4245,SIDM00333,Methotrexate,0
4246,SIDM00453,Methotrexate,0
4247,SIDM00936,Methotrexate,0
4248,SIDM00929,Methotrexate,0
4249,SIDM01048,Methotrexate,0
4250,SIDM00341,Methotrexate,0
4251,SIDM00455,Methotrexate,0
4252,SIDM00338,Methotrexate,0
4253,SIDM00415,Methotrexate,0
4254,SIDM00483,Methotrexate,0
4255,SIDM01111,Gefitinib,0
4256,SIDM01085,Gefitinib,0
4257,SIDM00982,Gefitinib,0
4258,SIDM00512,Gefitinib,0
4259,SIDM00706,Gefitinib,0
4260,SIDM01179,Gefitinib,0
4261,SIDM00866,Gefitinib,0
4262,SIDM00874,Gefitinib,0
4263,SIDM00990,Gefitinib,0
4264,SIDM00961,Gefitinib,0
4265,SIDM00632,Gefitinib,0
4266,SIDM01028,Gefitinib,0
4267,SIDM01025,Gefitinib,0
4268,SIDM01024,Gefitinib,0
4269,SIDM00345,Gefitinib,0
4270,SIDM00339,Gefitinib,0
4271,SIDM00927,Gefitinib,0
4272,SIDM00391,Gefitinib,0
4273,SIDM00417,Gefitinib,0
4274,SIDM01009,Gefitinib,0
4275,SIDM00395,Gefitinib,0
4276,SIDM00934,Gefitinib,0
4277,SIDM00783,Gefitinib,0
4278,SIDM00789,Gefitinib,0
4279,SIDM00829,Gefitinib,0
4280,SIDM00136,Gefitinib,0
4281,SIDM00791,Gefitinib,0
4282,SIDM00097,Gefitinib,0
4283,SIDM00148,Gefitinib,0
4284,SIDM00124,Gefitinib,0
4285,SIDM00903,Gefitinib,0
4286,SIDM00145,Gefitinib,0
4287,SIDM00146,Gefitinib,0
4288,SIDM00941,Gefitinib,0
4289,SIDM00987,Gefitinib,0
4290,SIDM00900,Gefitinib,0
4291,SIDM00997,Gefitinib,0
4292,SIDM00952,Gefitinib,0
4293,SIDM00954,Gefitinib,0
4294,SIDM00515,Gefitinib,0
4295,SIDM00284,Gefitinib,0
4296,SIDM00940,Gefitinib,0
4297,SIDM00867,Gefitinib,0
4298,SIDM00948,Gefitinib,0
4299,SIDM00947,Gefitinib,0
4300,SIDM01056,Gefitinib,0
4301,SIDM01049,Gefitinib,0
4302,SIDM01042,Gefitinib,0
4303,SIDM01057,Gefitinib,0
4304,SIDM00227,Gefitinib,0
4305,SIDM01043,Gefitinib,0
4306,SIDM01073,Gefitinib,0
4307,SIDM00661,Gefitinib,0
4308,SIDM01060,Gefitinib,0
4309,SIDM01059,Gefitinib,0
4310,SIDM01218,Gefitinib,0
4311,SIDM01020,Gefitinib,0
4312,SIDM01031,Gefitinib,0
4313,SIDM00327,Gefitinib,0
4314,SIDM00340,Gefitinib,0
4315,SIDM00272,Gefitinib,0
4316,SIDM00337,Gefitinib,0
4317,SIDM00336,Gefitinib,0
4318,SIDM00335,Gefitinib,0
4319,SIDM00334,Gefitinib,0
4320,SIDM00386,Gefitinib,0
4321,SIDM00387,Gefitinib,0
4322,SIDM00438,Gefitinib,0
4323,SIDM00431,Gefitinib,0
4324,SIDM00429,Gefitinib,0
4325,SIDM00641,Gefitinib,0
4326,SIDM00403,Gefitinib,0
4327,SIDM00401,Gefitinib,0
4328,SIDM01110,Gefitinib,0
4329,SIDM01103,Gefitinib,0
4330,SIDM00420,Gefitinib,0
4331,SIDM00832,Gefitinib,0
4332,SIDM01172,Gefitinib,0
4333,SIDM01191,Gefitinib,0
4334,SIDM00412,Gefitinib,0
4335,SIDM00411,Gefitinib,0
4336,SIDM01018,Gefitinib,0
4337,SIDM00479,Gefitinib,0
4338,SIDM00477,Gefitinib,0
4339,SIDM00286,Gefitinib,0
4340,SIDM01248,Gefitinib,0
4341,SIDM00343,Gefitinib,0
4342,SIDM00988,Gefitinib,0
4343,SIDM00907,Gefitinib,0
4344,SIDM00985,Gefitinib,0
4345,SIDM00798,Gefitinib,0
4346,SIDM00810,Gefitinib,0
4347,SIDM00928,Gefitinib,0
4348,SIDM01089,Gefitinib,0
4349,SIDM01087,Gefitinib,0
4350,SIDM00943,Gefitinib,0
4351,SIDM00896,Gefitinib,0
4352,SIDM00980,Gefitinib,0
4353,SIDM00933,Gefitinib,0
4354,SIDM00446,Gefitinib,0
4355,SIDM00332,Gefitinib,0
4356,SIDM00958,Gefitinib,0
4357,SIDM01052,Gefitinib,0
4358,SIDM00499,Gefitinib,0
4359,SIDM00996,Gefitinib,0
4360,SIDM01064,Gefitinib,0
4361,SIDM00247,Gefitinib,0
4362,SIDM00344,Gefitinib,0
4363,SIDM00330,Gefitinib,0
4364,SIDM00454,Gefitinib,0
4365,SIDM01045,Gefitinib,0
4366,SIDM01040,Gefitinib,0
4367,SIDM01072,Gefitinib,0
4368,SIDM01070,Gefitinib,0
4369,SIDM01066,Gefitinib,0
4370,SIDM00453,Gefitinib,0
4371,SIDM00426,Gefitinib,0
4372,SIDM00394,Gefitinib,0
4373,SIDM00419,Gefitinib,0
4374,SIDM00462,Gefitinib,0
4375,SIDM00929,Gefitinib,0
4376,SIDM00944,Gefitinib,0
4377,SIDM00950,Gefitinib,0
4378,SIDM01002,Gefitinib,0
4379,SIDM01068,Gefitinib,0
4380,SIDM00994,Gefitinib,0
4381,SIDM00993,Gefitinib,0
4382,SIDM00946,Gefitinib,0
4383,SIDM01048,Gefitinib,0
4384,SIDM00455,Gefitinib,0
4385,SIDM01058,Gefitinib,0
4386,SIDM00428,Gefitinib,0
4387,SIDM01038,Gefitinib,0
4388,SIDM01036,Gefitinib,0
4389,SIDM01004,Gefitinib,0
4390,SIDM01034,Gefitinib,0
4391,SIDM00313,Gefitinib,0
4392,SIDM00338,Gefitinib,0
4393,SIDM00437,Gefitinib,0
4394,SIDM00434,Gefitinib,0
4395,SIDM00443,Gefitinib,0
4396,SIDM00461,Gefitinib,0
4397,SIDM00460,Gefitinib,0
4398,SIDM00458,Gefitinib,0
4399,SIDM00450,Gefitinib,0
4400,SIDM00449,Gefitinib,0
4401,SIDM00448,Gefitinib,0
4402,SIDM00415,Gefitinib,0
4403,SIDM00404,Gefitinib,0
4404,SIDM00406,Gefitinib,0
4405,SIDM00407,Gefitinib,0
4406,SIDM00422,Gefitinib,0
4407,SIDM00421,Gefitinib,0
4408,SIDM00416,Gefitinib,0
4409,SIDM00413,Gefitinib,0
4410,SIDM01085,Navitoclax,0
4411,SIDM00982,Navitoclax,0
4412,SIDM00939,Navitoclax,0
4413,SIDM01032,Navitoclax,0
4414,SIDM01025,Navitoclax,0
4415,SIDM00345,Navitoclax,0
4416,SIDM00417,Navitoclax,0
4417,SIDM00395,Navitoclax,0
4418,SIDM00088,Navitoclax,0
4419,SIDM00783,Navitoclax,0
4420,SIDM00789,Navitoclax,0
4421,SIDM00136,Navitoclax,0
4422,SIDM00791,Navitoclax,0
4423,SIDM00097,Navitoclax,0
4424,SIDM00148,Navitoclax,0
4425,SIDM00124,Navitoclax,0
4426,SIDM00903,Navitoclax,0
4427,SIDM00146,Navitoclax,0
4428,SIDM00941,Navitoclax,0
4429,SIDM00997,Navitoclax,0
4430,SIDM00983,Navitoclax,0
4431,SIDM00952,Navitoclax,0
4432,SIDM00515,Navitoclax,0
4433,SIDM00284,Navitoclax,0
4434,SIDM00930,Navitoclax,0
4435,SIDM00948,Navitoclax,0
4436,SIDM00947,Navitoclax,0
4437,SIDM01051,Navitoclax,0
4438,SIDM00860,Navitoclax,0
4439,SIDM00227,Navitoclax,0
4440,SIDM01073,Navitoclax,0
4441,SIDM00661,Navitoclax,0
4442,SIDM01059,Navitoclax,0
4443,SIDM01218,Navitoclax,0
4444,SIDM01013,Navitoclax,0
4445,SIDM01033,Navitoclax,0
4446,SIDM01031,Navitoclax,0
4447,SIDM01030,Navitoclax,0
4448,SIDM01029,Navitoclax,0
4449,SIDM01027,Navitoclax,0
4450,SIDM01026,Navitoclax,0
4451,SIDM00272,Navitoclax,0
4452,SIDM00336,Navitoclax,0
4453,SIDM00334,Navitoclax,0
4454,SIDM00388,Navitoclax,0
4455,SIDM00438,Navitoclax,0
4456,SIDM00641,Navitoclax,0
4457,SIDM01110,Navitoclax,0
4458,SIDM00392,Navitoclax,0
4459,SIDM01103,Navitoclax,0
4460,SIDM00420,Navitoclax,0
4461,SIDM00832,Navitoclax,0
4462,SIDM00424,Navitoclax,0
4463,SIDM00411,Navitoclax,0
4464,SIDM00477,Navitoclax,0
4465,SIDM01248,Navitoclax,0
4466,SIDM00957,Navitoclax,0
4467,SIDM00343,Navitoclax,0
4468,SIDM00988,Navitoclax,0
4469,SIDM00907,Navitoclax,0
4470,SIDM00985,Navitoclax,0
4471,SIDM00798,Navitoclax,0
4472,SIDM00928,Navitoclax,0
4473,SIDM00943,Navitoclax,0
4474,SIDM00980,Navitoclax,0
4475,SIDM00989,Navitoclax,0
4476,SIDM00933,Navitoclax,0
4477,SIDM00932,Navitoclax,0
4478,SIDM01052,Navitoclax,0
4479,SIDM00499,Navitoclax,0
4480,SIDM00935,Navitoclax,0
4481,SIDM00247,Navitoclax,0
4482,SIDM00963,Navitoclax,0
4483,SIDM00344,Navitoclax,0
4484,SIDM01045,Navitoclax,0
4485,SIDM01040,Navitoclax,0
4486,SIDM01069,Navitoclax,0
4487,SIDM01066,Navitoclax,0
4488,SIDM00394,Navitoclax,0
4489,SIDM00419,Navitoclax,0
4490,SIDM01068,Navitoclax,0
4491,SIDM00993,Navitoclax,0
4492,SIDM00455,Navitoclax,0
4493,SIDM00406,Navitoclax,0
4494,SIDM01111,Nilotinib,0
4495,SIDM00807,Nilotinib,0
4496,SIDM01085,Nilotinib,0
4497,SIDM00512,Nilotinib,0
4498,SIDM00706,Nilotinib,0
4499,SIDM01131,Nilotinib,0
4500,SIDM01179,Nilotinib,0
4501,SIDM00866,Nilotinib,0
4502,SIDM00874,Nilotinib,0
4503,SIDM00990,Nilotinib,0
4504,SIDM00986,Nilotinib,0
4505,SIDM00961,Nilotinib,0
4506,SIDM00939,Nilotinib,0
4507,SIDM00632,Nilotinib,0
4508,SIDM01032,Nilotinib,0
4509,SIDM01028,Nilotinib,0
4510,SIDM01024,Nilotinib,0
4511,SIDM00345,Nilotinib,0
4512,SIDM00927,Nilotinib,0
4513,SIDM00391,Nilotinib,0
4514,SIDM00417,Nilotinib,0
4515,SIDM01009,Nilotinib,0
4516,SIDM00395,Nilotinib,0
4517,SIDM00934,Nilotinib,0
4518,SIDM00088,Nilotinib,0
4519,SIDM00120,Nilotinib,0
4520,SIDM00789,Nilotinib,0
4521,SIDM00136,Nilotinib,0
4522,SIDM00097,Nilotinib,0
4523,SIDM00148,Nilotinib,0
4524,SIDM00124,Nilotinib,0
4525,SIDM00903,Nilotinib,0
4526,SIDM00146,Nilotinib,0
4527,SIDM00941,Nilotinib,0
4528,SIDM00900,Nilotinib,0
4529,SIDM00997,Nilotinib,0
4530,SIDM00983,Nilotinib,0
4531,SIDM00999,Nilotinib,0
4532,SIDM00954,Nilotinib,0
4533,SIDM00515,Nilotinib,0
4534,SIDM00940,Nilotinib,0
4535,SIDM00930,Nilotinib,0
4536,SIDM00931,Nilotinib,0
4537,SIDM00867,Nilotinib,0
4538,SIDM00949,Nilotinib,0
4539,SIDM00948,Nilotinib,0
4540,SIDM00947,Nilotinib,0
4541,SIDM00981,Nilotinib,0
4542,SIDM01056,Nilotinib,0
4543,SIDM01051,Nilotinib,0
4544,SIDM01049,Nilotinib,0
4545,SIDM01042,Nilotinib,0
4546,SIDM00860,Nilotinib,0
4547,SIDM00227,Nilotinib,0
4548,SIDM01043,Nilotinib,0
4549,SIDM01073,Nilotinib,0
4550,SIDM00594,Nilotinib,0
4551,SIDM00671,Nilotinib,0
4552,SIDM00661,Nilotinib,0
4553,SIDM01060,Nilotinib,0
4554,SIDM01059,Nilotinib,0
4555,SIDM01218,Nilotinib,0
4556,SIDM01013,Nilotinib,0
4557,SIDM01003,Nilotinib,0
4558,SIDM00785,Nilotinib,0
4559,SIDM01033,Nilotinib,0
4560,SIDM01031,Nilotinib,0
4561,SIDM01030,Nilotinib,0
4562,SIDM01029,Nilotinib,0
4563,SIDM01027,Nilotinib,0
4564,SIDM01026,Nilotinib,0
4565,SIDM00327,Nilotinib,0
4566,SIDM00342,Nilotinib,0
4567,SIDM00340,Nilotinib,0
4568,SIDM00272,Nilotinib,0
4569,SIDM00628,Nilotinib,0
4570,SIDM00337,Nilotinib,0
4571,SIDM00336,Nilotinib,0
4572,SIDM00335,Nilotinib,0
4573,SIDM00334,Nilotinib,0
4574,SIDM00331,Nilotinib,0
4575,SIDM00386,Nilotinib,0
4576,SIDM00387,Nilotinib,0
4577,SIDM00441,Nilotinib,0
4578,SIDM00438,Nilotinib,0
4579,SIDM01023,Nilotinib,0
4580,SIDM00429,Nilotinib,0
4581,SIDM00641,Nilotinib,0
4582,SIDM00580,Nilotinib,0
4583,SIDM00457,Nilotinib,0
4584,SIDM00463,Nilotinib,0
4585,SIDM00451,Nilotinib,0
4586,SIDM00403,Nilotinib,0
4587,SIDM00402,Nilotinib,0
4588,SIDM00401,Nilotinib,0
4589,SIDM00392,Nilotinib,0
4590,SIDM01103,Nilotinib,0
4591,SIDM01154,Nilotinib,0
4592,SIDM00420,Nilotinib,0
4593,SIDM00832,Nilotinib,0
4594,SIDM01172,Nilotinib,0
4595,SIDM01191,Nilotinib,0
4596,SIDM00424,Nilotinib,0
4597,SIDM00411,Nilotinib,0
4598,SIDM01018,Nilotinib,0
4599,SIDM00479,Nilotinib,0
4600,SIDM00477,Nilotinib,0
4601,SIDM00286,Nilotinib,0
4602,SIDM00957,Nilotinib,0
4603,SIDM00343,Nilotinib,0
4604,SIDM00988,Nilotinib,0
4605,SIDM01082,Nilotinib,0
4606,SIDM00907,Nilotinib,0
4607,SIDM00287,Nilotinib,0
4608,SIDM00928,Nilotinib,0
4609,SIDM01089,Nilotinib,0
4610,SIDM01087,Nilotinib,0
4611,SIDM00943,Nilotinib,0
4612,SIDM00937,Nilotinib,0
4613,SIDM00896,Nilotinib,0
4614,SIDM00980,Nilotinib,0
4615,SIDM00995,Nilotinib,0
4616,SIDM00989,Nilotinib,0
4617,SIDM00933,Nilotinib,0
4618,SIDM00446,Nilotinib,0
4619,SIDM00332,Nilotinib,0
4620,SIDM00932,Nilotinib,0
4621,SIDM01052,Nilotinib,0
4622,SIDM00499,Nilotinib,0
4623,SIDM00964,Nilotinib,0
4624,SIDM00935,Nilotinib,0
4625,SIDM01064,Nilotinib,0
4626,SIDM00247,Nilotinib,0
4627,SIDM00963,Nilotinib,0
4628,SIDM00344,Nilotinib,0
4629,SIDM00330,Nilotinib,0
4630,SIDM00454,Nilotinib,0
4631,SIDM01045,Nilotinib,0
4632,SIDM01040,Nilotinib,0
4633,SIDM01070,Nilotinib,0
4634,SIDM01069,Nilotinib,0
4635,SIDM01067,Nilotinib,0
4636,SIDM01066,Nilotinib,0
4637,SIDM00333,Nilotinib,0
4638,SIDM00442,Nilotinib,0
4639,SIDM00453,Nilotinib,0
4640,SIDM00426,Nilotinib,0
4641,SIDM00394,Nilotinib,0
4642,SIDM00419,Nilotinib,0
4643,SIDM00936,Nilotinib,0
4644,SIDM00929,Nilotinib,0
4645,SIDM00944,Nilotinib,0
4646,SIDM00950,Nilotinib,0
4647,SIDM01002,Nilotinib,0
4648,SIDM01068,Nilotinib,0
4649,SIDM01062,Nilotinib,0
4650,SIDM00993,Nilotinib,0
4651,SIDM01048,Nilotinib,0
4652,SIDM00341,Nilotinib,0
4653,SIDM00455,Nilotinib,0
4654,SIDM01058,Nilotinib,0
4655,SIDM01034,Nilotinib,0
4656,SIDM00313,Nilotinib,0
4657,SIDM00338,Nilotinib,0
4658,SIDM00437,Nilotinib,0
4659,SIDM00434,Nilotinib,0
4660,SIDM00443,Nilotinib,0
4661,SIDM00461,Nilotinib,0
4662,SIDM00460,Nilotinib,0
4663,SIDM00458,Nilotinib,0
4664,SIDM00450,Nilotinib,0
4665,SIDM00448,Nilotinib,0
4666,SIDM00415,Nilotinib,0
4667,SIDM00422,Nilotinib,0
4668,SIDM00421,Nilotinib,0
4669,SIDM00413,Nilotinib,0
4670,SIDM00483,Nilotinib,0
4671,SIDM00415,Refametinib,0
4672,SIDM00632,Temsirolimus,0
4673,SIDM00136,Temsirolimus,0
4674,SIDM00900,Temsirolimus,0
4675,SIDM00954,Temsirolimus,0
4676,SIDM01057,Temsirolimus,0
4677,SIDM00387,Temsirolimus,0
4678,SIDM00832,Temsirolimus,0
4679,SIDM00411,Temsirolimus,0
4680,SIDM00957,Temsirolimus,0
4681,SIDM00928,Temsirolimus,0
4682,SIDM00943,Temsirolimus,0
4683,SIDM01052,Temsirolimus,0
4684,SIDM00330,Temsirolimus,0
4685,SIDM01062,Temsirolimus,0
4686,SIDM00866,Olaparib,0
4687,SIDM00832,Olaparib,0
4688,SIDM01052,Olaparib,0
4689,SIDM00866,Veliparib,0
4690,SIDM00097,Veliparib,0
4691,SIDM01056,Veliparib,0
4692,SIDM01052,Veliparib,0
4693,SIDM01045,Veliparib,0
4694,SIDM01085,Bosutinib,0
4695,SIDM00866,Bosutinib,0
4696,SIDM00961,Bosutinib,0
4697,SIDM00953,Bosutinib,0
4698,SIDM00632,Bosutinib,0
4699,SIDM01024,Bosutinib,0
4700,SIDM00345,Bosutinib,0
4701,SIDM00391,Bosutinib,0
4702,SIDM00395,Bosutinib,0
4703,SIDM00088,Bosutinib,0
4704,SIDM00120,Bosutinib,0
4705,SIDM00136,Bosutinib,0
4706,SIDM00097,Bosutinib,0
4707,SIDM00148,Bosutinib,0
4708,SIDM00146,Bosutinib,0
4709,SIDM00900,Bosutinib,0
4710,SIDM00954,Bosutinib,0
4711,SIDM00515,Bosutinib,0
4712,SIDM00284,Bosutinib,0
4713,SIDM00940,Bosutinib,0
4714,SIDM00930,Bosutinib,0
4715,SIDM00867,Bosutinib,0
4716,SIDM00947,Bosutinib,0
4717,SIDM01056,Bosutinib,0
4718,SIDM01042,Bosutinib,0
4719,SIDM01057,Bosutinib,0
4720,SIDM01043,Bosutinib,0
4721,SIDM00671,Bosutinib,0
4722,SIDM00661,Bosutinib,0
4723,SIDM01060,Bosutinib,0
4724,SIDM01013,Bosutinib,0
4725,SIDM01026,Bosutinib,0
4726,SIDM00342,Bosutinib,0
4727,SIDM00340,Bosutinib,0
4728,SIDM00272,Bosutinib,0
4729,SIDM00335,Bosutinib,0
4730,SIDM00334,Bosutinib,0
4731,SIDM00457,Bosutinib,0
4732,SIDM00463,Bosutinib,0
4733,SIDM00392,Bosutinib,0
4734,SIDM00832,Bosutinib,0
4735,SIDM01172,Bosutinib,0
4736,SIDM00411,Bosutinib,0
4737,SIDM01018,Bosutinib,0
4738,SIDM00479,Bosutinib,0
4739,SIDM00477,Bosutinib,0
4740,SIDM00286,Bosutinib,0
4741,SIDM00343,Bosutinib,0
4742,SIDM00907,Bosutinib,0
4743,SIDM00928,Bosutinib,0
4744,SIDM00943,Bosutinib,0
4745,SIDM00896,Bosutinib,0
4746,SIDM00980,Bosutinib,0
4747,SIDM00933,Bosutinib,0
4748,SIDM00332,Bosutinib,0
4749,SIDM01052,Bosutinib,0
4750,SIDM00499,Bosutinib,0
4751,SIDM00410,Bosutinib,0
4752,SIDM00963,Bosutinib,0
4753,SIDM00330,Bosutinib,0
4754,SIDM00454,Bosutinib,0
4755,SIDM01045,Bosutinib,0
4756,SIDM01040,Bosutinib,0
4757,SIDM01072,Bosutinib,0
4758,SIDM01070,Bosutinib,0
4759,SIDM01069,Bosutinib,0
4760,SIDM00333,Bosutinib,0
4761,SIDM00442,Bosutinib,0
4762,SIDM00453,Bosutinib,0
4763,SIDM00929,Bosutinib,0
4764,SIDM00944,Bosutinib,0
4765,SIDM00950,Bosutinib,0
4766,SIDM01002,Bosutinib,0
4767,SIDM01068,Bosutinib,0
4768,SIDM00455,Bosutinib,0
4769,SIDM01036,Bosutinib,0
4770,SIDM00338,Bosutinib,0
4771,SIDM00458,Bosutinib,0
4772,SIDM00448,Bosutinib,0
4773,SIDM00415,Bosutinib,0
4774,SIDM00866,Lenalidomide,0
4775,SIDM00097,Lenalidomide,0
4776,SIDM00867,Lenalidomide,0
4777,SIDM00947,Lenalidomide,0
4778,SIDM01056,Lenalidomide,0
4779,SIDM00335,Lenalidomide,0
4780,SIDM01052,Lenalidomide,0
4781,SIDM00512,Axitinib,0
4782,SIDM01131,Axitinib,0
4783,SIDM00866,Axitinib,0
4784,SIDM00874,Axitinib,0
4785,SIDM00986,Axitinib,0
4786,SIDM00961,Axitinib,0
4787,SIDM00953,Axitinib,0
4788,SIDM01032,Axitinib,0
4789,SIDM01025,Axitinib,0
4790,SIDM01024,Axitinib,0
4791,SIDM00345,Axitinib,0
4792,SIDM00391,Axitinib,0
4793,SIDM00417,Axitinib,0
4794,SIDM00088,Axitinib,0
4795,SIDM00783,Axitinib,0
4796,SIDM00136,Axitinib,0
4797,SIDM00097,Axitinib,0
4798,SIDM00124,Axitinib,0
4799,SIDM00146,Axitinib,0
4800,SIDM00941,Axitinib,0
4801,SIDM00900,Axitinib,0
4802,SIDM00997,Axitinib,0
4803,SIDM00983,Axitinib,0
4804,SIDM00954,Axitinib,0
4805,SIDM00284,Axitinib,0
4806,SIDM00940,Axitinib,0
4807,SIDM00930,Axitinib,0
4808,SIDM00931,Axitinib,0
4809,SIDM00886,Axitinib,0
4810,SIDM00867,Axitinib,0
4811,SIDM00948,Axitinib,0
4812,SIDM01056,Axitinib,0
4813,SIDM01051,Axitinib,0
4814,SIDM01049,Axitinib,0
4815,SIDM00860,Axitinib,0
4816,SIDM01055,Axitinib,0
4817,SIDM01073,Axitinib,0
4818,SIDM00594,Axitinib,0
4819,SIDM00671,Axitinib,0
4820,SIDM00661,Axitinib,0
4821,SIDM00828,Axitinib,0
4822,SIDM01059,Axitinib,0
4823,SIDM01013,Axitinib,0
4824,SIDM01033,Axitinib,0
4825,SIDM01031,Axitinib,0
4826,SIDM01030,Axitinib,0
4827,SIDM01029,Axitinib,0
4828,SIDM01027,Axitinib,0
4829,SIDM00327,Axitinib,0
4830,SIDM00340,Axitinib,0
4831,SIDM00272,Axitinib,0
4832,SIDM00337,Axitinib,0
4833,SIDM00335,Axitinib,0
4834,SIDM00438,Axitinib,0
4835,SIDM01023,Axitinib,0
4836,SIDM00401,Axitinib,0
4837,SIDM01110,Axitinib,0
4838,SIDM01107,Axitinib,0
4839,SIDM01103,Axitinib,0
4840,SIDM00832,Axitinib,0
4841,SIDM01172,Axitinib,0
4842,SIDM00424,Axitinib,0
4843,SIDM00411,Axitinib,0
4844,SIDM00477,Axitinib,0
4845,SIDM00957,Axitinib,0
4846,SIDM00343,Axitinib,0
4847,SIDM01082,Axitinib,0
4848,SIDM00907,Axitinib,0
4849,SIDM00287,Axitinib,0
4850,SIDM00928,Axitinib,0
4851,SIDM01089,Axitinib,0
4852,SIDM01087,Axitinib,0
4853,SIDM00943,Axitinib,0
4854,SIDM00896,Axitinib,0
4855,SIDM00980,Axitinib,0
4856,SIDM01052,Axitinib,0
4857,SIDM00964,Axitinib,0
4858,SIDM00935,Axitinib,0
4859,SIDM00963,Axitinib,0
4860,SIDM00330,Axitinib,0
4861,SIDM00454,Axitinib,0
4862,SIDM01040,Axitinib,0
4863,SIDM01070,Axitinib,0
4864,SIDM01069,Axitinib,0
4865,SIDM01067,Axitinib,0
4866,SIDM00333,Axitinib,0
4867,SIDM00944,Axitinib,0
4868,SIDM00950,Axitinib,0
4869,SIDM01002,Axitinib,0
4870,SIDM01068,Axitinib,0
4871,SIDM01062,Axitinib,0
4872,SIDM00993,Axitinib,0
4873,SIDM00946,Axitinib,0
4874,SIDM01048,Axitinib,0
4875,SIDM00341,Axitinib,0
4876,SIDM00455,Axitinib,0
4877,SIDM00313,Axitinib,0
4878,SIDM00338,Axitinib,0
4879,SIDM00448,Axitinib,0
4880,SIDM00415,Axitinib,0
4881,SIDM00413,Axitinib,0
4882,SIDM00483,Axitinib,0
4883,SIDM00097,AZD7762,0
4884,SIDM00340,AZD7762,0
4885,SIDM01110,AZD7762,0
4886,SIDM01107,AZD7762,0
4887,SIDM00963,AZD7762,0
4888,SIDM01002,AZD7762,0
4889,SIDM00415,AZD7762,0
4890,SIDM01111,GW441756,0
4891,SIDM00807,GW441756,0
4892,SIDM00982,GW441756,0
4893,SIDM00512,GW441756,0
4894,SIDM00706,GW441756,0
4895,SIDM01131,GW441756,0
4896,SIDM01148,GW441756,0
4897,SIDM00866,GW441756,0
4898,SIDM00874,GW441756,0
4899,SIDM00990,GW441756,0
4900,SIDM00986,GW441756,0
4901,SIDM00961,GW441756,0
4902,SIDM00939,GW441756,0
4903,SIDM00953,GW441756,0
4904,SIDM00632,GW441756,0
4905,SIDM01028,GW441756,0
4906,SIDM01025,GW441756,0
4907,SIDM01024,GW441756,0
4908,SIDM00345,GW441756,0
4909,SIDM00927,GW441756,0
4910,SIDM00391,GW441756,0
4911,SIDM00417,GW441756,0
4912,SIDM01009,GW441756,0
4913,SIDM00088,GW441756,0
4914,SIDM00783,GW441756,0
4915,SIDM00789,GW441756,0
4916,SIDM00829,GW441756,0
4917,SIDM00136,GW441756,0
4918,SIDM00791,GW441756,0
4919,SIDM00903,GW441756,0
4920,SIDM00121,GW441756,0
4921,SIDM00146,GW441756,0
4922,SIDM00941,GW441756,0
4923,SIDM00900,GW441756,0
4924,SIDM00997,GW441756,0
4925,SIDM00983,GW441756,0
4926,SIDM01076,GW441756,0
4927,SIDM00952,GW441756,0
4928,SIDM00954,GW441756,0
4929,SIDM00515,GW441756,0
4930,SIDM00284,GW441756,0
4931,SIDM00940,GW441756,0
4932,SIDM00930,GW441756,0
4933,SIDM00931,GW441756,0
4934,SIDM00886,GW441756,0
4935,SIDM00867,GW441756,0
4936,SIDM00949,GW441756,0
4937,SIDM00948,GW441756,0
4938,SIDM00947,GW441756,0
4939,SIDM00981,GW441756,0
4940,SIDM01001,GW441756,0
4941,SIDM01056,GW441756,0
4942,SIDM01051,GW441756,0
4943,SIDM01049,GW441756,0
4944,SIDM01047,GW441756,0
4945,SIDM01042,GW441756,0
4946,SIDM01055,GW441756,0
4947,SIDM01057,GW441756,0
4948,SIDM00227,GW441756,0
4949,SIDM01043,GW441756,0
4950,SIDM01073,GW441756,0
4951,SIDM00594,GW441756,0
4952,SIDM00671,GW441756,0
4953,SIDM00661,GW441756,0
4954,SIDM00828,GW441756,0
4955,SIDM01060,GW441756,0
4956,SIDM01059,GW441756,0
4957,SIDM01218,GW441756,0
4958,SIDM01013,GW441756,0
4959,SIDM01012,GW441756,0
4960,SIDM01005,GW441756,0
4961,SIDM01003,GW441756,0
4962,SIDM00785,GW441756,0
4963,SIDM01019,GW441756,0
4964,SIDM01020,GW441756,0
4965,SIDM00308,GW441756,0
4966,SIDM01033,GW441756,0
4967,SIDM01031,GW441756,0
4968,SIDM01029,GW441756,0
4969,SIDM01027,GW441756,0
4970,SIDM00327,GW441756,0
4971,SIDM00329,GW441756,0
4972,SIDM00346,GW441756,0
4973,SIDM00342,GW441756,0
4974,SIDM00340,GW441756,0
4975,SIDM00272,GW441756,0
4976,SIDM00337,GW441756,0
4977,SIDM00526,GW441756,0
4978,SIDM00335,GW441756,0
4979,SIDM00334,GW441756,0
4980,SIDM00331,GW441756,0
4981,SIDM00388,GW441756,0
4982,SIDM00441,GW441756,0
4983,SIDM00438,GW441756,0
4984,SIDM00433,GW441756,0
4985,SIDM00431,GW441756,0
4986,SIDM00429,GW441756,0
4987,SIDM00641,GW441756,0
4988,SIDM00580,GW441756,0
4989,SIDM00457,GW441756,0
4990,SIDM00463,GW441756,0
4991,SIDM00451,GW441756,0
4992,SIDM00447,GW441756,0
4993,SIDM00403,GW441756,0
4994,SIDM01086,GW441756,0
4995,SIDM00402,GW441756,0
4996,SIDM00401,GW441756,0
4997,SIDM01110,GW441756,0
4998,SIDM00380,GW441756,0
4999,SIDM01107,GW441756,0
5000,SIDM00392,GW441756,0
5001,SIDM01103,GW441756,0
5002,SIDM01154,GW441756,0
5003,SIDM00420,GW441756,0
5004,SIDM00832,GW441756,0
5005,SIDM01172,GW441756,0
5006,SIDM01191,GW441756,0
5007,SIDM00424,GW441756,0
5008,SIDM00411,GW441756,0
5009,SIDM01018,GW441756,0
5010,SIDM00479,GW441756,0
5011,SIDM00477,GW441756,0
5012,SIDM00286,GW441756,0
5013,SIDM00957,GW441756,0
5014,SIDM00343,GW441756,0
5015,SIDM00988,GW441756,0
5016,SIDM01082,GW441756,0
5017,SIDM00907,GW441756,0
5018,SIDM00287,GW441756,0
5019,SIDM00985,GW441756,0
5020,SIDM00962,GW441756,0
5021,SIDM00810,GW441756,0
5022,SIDM00928,GW441756,0
5023,SIDM01089,GW441756,0
5024,SIDM00943,GW441756,0
5025,SIDM00937,GW441756,0
5026,SIDM00896,GW441756,0
5027,SIDM00995,GW441756,0
5028,SIDM00933,GW441756,0
5029,SIDM00446,GW441756,0
5030,SIDM00958,GW441756,0
5031,SIDM00932,GW441756,0
5032,SIDM01052,GW441756,0
5033,SIDM00996,GW441756,0
5034,SIDM00964,GW441756,0
5035,SIDM00935,GW441756,0
5036,SIDM00312,GW441756,0
5037,SIDM00247,GW441756,0
5038,SIDM00963,GW441756,0
5039,SIDM00344,GW441756,0
5040,SIDM00289,GW441756,0
5041,SIDM00330,GW441756,0
5042,SIDM00454,GW441756,0
5043,SIDM01045,GW441756,0
5044,SIDM01040,GW441756,0
5045,SIDM01072,GW441756,0
5046,SIDM01070,GW441756,0
5047,SIDM01069,GW441756,0
5048,SIDM01067,GW441756,0
5049,SIDM00333,GW441756,0
5050,SIDM00453,GW441756,0
5051,SIDM00426,GW441756,0
5052,SIDM00394,GW441756,0
5053,SIDM01176,GW441756,0
5054,SIDM00462,GW441756,0
5055,SIDM00936,GW441756,0
5056,SIDM00944,GW441756,0
5057,SIDM00950,GW441756,0
5058,SIDM01002,GW441756,0
5059,SIDM01068,GW441756,0
5060,SIDM01062,GW441756,0
5061,SIDM00994,GW441756,0
5062,SIDM00455,GW441756,0
5063,SIDM00428,GW441756,0
5064,SIDM01038,GW441756,0
5065,SIDM01015,GW441756,0
5066,SIDM01004,GW441756,0
5067,SIDM01034,GW441756,0
5068,SIDM00338,GW441756,0
5069,SIDM00434,GW441756,0
5070,SIDM00443,GW441756,0
5071,SIDM00458,GW441756,0
5072,SIDM00450,GW441756,0
5073,SIDM00449,GW441756,0
5074,SIDM00448,GW441756,0
5075,SIDM00415,GW441756,0
5076,SIDM00404,GW441756,0
5077,SIDM00422,GW441756,0
5078,SIDM00421,GW441756,0
5079,SIDM00413,GW441756,0
5080,SIDM00340,Lestaurtinib,0
5081,SIDM01040,Lestaurtinib,0
5082,SIDM00706,Tanespimycin,0
5083,SIDM00990,Tanespimycin,0
5084,SIDM00961,Tanespimycin,0
5085,SIDM00632,Tanespimycin,0
5086,SIDM01032,Tanespimycin,0
5087,SIDM00391,Tanespimycin,0
5088,SIDM00417,Tanespimycin,0
5089,SIDM00395,Tanespimycin,0
5090,SIDM00097,Tanespimycin,0
5091,SIDM00146,Tanespimycin,0
5092,SIDM00900,Tanespimycin,0
5093,SIDM00983,Tanespimycin,0
5094,SIDM00981,Tanespimycin,0
5095,SIDM01049,Tanespimycin,0
5096,SIDM01057,Tanespimycin,0
5097,SIDM00594,Tanespimycin,0
5098,SIDM00661,Tanespimycin,0
5099,SIDM01013,Tanespimycin,0
5100,SIDM00785,Tanespimycin,0
5101,SIDM01019,Tanespimycin,0
5102,SIDM01033,Tanespimycin,0
5103,SIDM00327,Tanespimycin,0
5104,SIDM00340,Tanespimycin,0
5105,SIDM00637,Tanespimycin,0
5106,SIDM00628,Tanespimycin,0
5107,SIDM00526,Tanespimycin,0
5108,SIDM00387,Tanespimycin,0
5109,SIDM00388,Tanespimycin,0
5110,SIDM00438,Tanespimycin,0
5111,SIDM00433,Tanespimycin,0
5112,SIDM00463,Tanespimycin,0
5113,SIDM00451,Tanespimycin,0
5114,SIDM00447,Tanespimycin,0
5115,SIDM00403,Tanespimycin,0
5116,SIDM01086,Tanespimycin,0
5117,SIDM00832,Tanespimycin,0
5118,SIDM00907,Tanespimycin,0
5119,SIDM00287,Tanespimycin,0
5120,SIDM00928,Tanespimycin,0
5121,SIDM01089,Tanespimycin,0
5122,SIDM00958,Tanespimycin,0
5123,SIDM01052,Tanespimycin,0
5124,SIDM00289,Tanespimycin,0
5125,SIDM00330,Tanespimycin,0
5126,SIDM01040,Tanespimycin,0
5127,SIDM01070,Tanespimycin,0
5128,SIDM01176,Tanespimycin,0
5129,SIDM00944,Tanespimycin,0
5130,SIDM00994,Tanespimycin,0
5131,SIDM01048,Tanespimycin,0
5132,SIDM00455,Tanespimycin,0
5133,SIDM01058,Tanespimycin,0
5134,SIDM00338,Tanespimycin,0
5135,SIDM00443,Tanespimycin,0
5136,SIDM00460,Tanespimycin,0
5137,SIDM00458,Tanespimycin,0
5138,SIDM00448,Tanespimycin,0
5139,SIDM00415,Tanespimycin,0
5140,SIDM00405,Tanespimycin,0
5141,SIDM00407,Tanespimycin,0
5142,SIDM00423,Tanespimycin,0
5143,SIDM00416,Tanespimycin,0
5144,SIDM01111,VX-702,0
5145,SIDM00807,VX-702,0
5146,SIDM01085,VX-702,0
5147,SIDM00982,VX-702,0
5148,SIDM00512,VX-702,0
5149,SIDM01179,VX-702,0
5150,SIDM00866,VX-702,0
5151,SIDM00874,VX-702,0
5152,SIDM00990,VX-702,0
5153,SIDM00986,VX-702,0
5154,SIDM00961,VX-702,0
5155,SIDM00939,VX-702,0
5156,SIDM00942,VX-702,0
5157,SIDM00953,VX-702,0
5158,SIDM00632,VX-702,0
5159,SIDM01032,VX-702,0
5160,SIDM01028,VX-702,0
5161,SIDM01025,VX-702,0
5162,SIDM01024,VX-702,0
5163,SIDM00345,VX-702,0
5164,SIDM00339,VX-702,0
5165,SIDM00391,VX-702,0
5166,SIDM00417,VX-702,0
5167,SIDM01009,VX-702,0
5168,SIDM00395,VX-702,0
5169,SIDM00934,VX-702,0
5170,SIDM00088,VX-702,0
5171,SIDM00783,VX-702,0
5172,SIDM00789,VX-702,0
5173,SIDM00136,VX-702,0
5174,SIDM00791,VX-702,0
5175,SIDM00097,VX-702,0
5176,SIDM00148,VX-702,0
5177,SIDM00124,VX-702,0
5178,SIDM00903,VX-702,0
5179,SIDM00146,VX-702,0
5180,SIDM00941,VX-702,0
5181,SIDM00987,VX-702,0
5182,SIDM00900,VX-702,0
5183,SIDM00997,VX-702,0
5184,SIDM00983,VX-702,0
5185,SIDM00999,VX-702,0
5186,SIDM00954,VX-702,0
5187,SIDM00284,VX-702,0
5188,SIDM00940,VX-702,0
5189,SIDM00930,VX-702,0
5190,SIDM00931,VX-702,0
5191,SIDM00867,VX-702,0
5192,SIDM00948,VX-702,0
5193,SIDM00947,VX-702,0
5194,SIDM00981,VX-702,0
5195,SIDM01056,VX-702,0
5196,SIDM01051,VX-702,0
5197,SIDM01047,VX-702,0
5198,SIDM01042,VX-702,0
5199,SIDM00860,VX-702,0
5200,SIDM01057,VX-702,0
5201,SIDM00227,VX-702,0
5202,SIDM01043,VX-702,0
5203,SIDM01073,VX-702,0
5204,SIDM00594,VX-702,0
5205,SIDM00671,VX-702,0
5206,SIDM00661,VX-702,0
5207,SIDM00828,VX-702,0
5208,SIDM01060,VX-702,0
5209,SIDM01059,VX-702,0
5210,SIDM01218,VX-702,0
5211,SIDM01003,VX-702,0
5212,SIDM01019,VX-702,0
5213,SIDM01020,VX-702,0
5214,SIDM01031,VX-702,0
5215,SIDM01030,VX-702,0
5216,SIDM01029,VX-702,0
5217,SIDM01027,VX-702,0
5218,SIDM01026,VX-702,0
5219,SIDM00327,VX-702,0
5220,SIDM00342,VX-702,0
5221,SIDM00340,VX-702,0
5222,SIDM00272,VX-702,0
5223,SIDM00628,VX-702,0
5224,SIDM00337,VX-702,0
5225,SIDM00336,VX-702,0
5226,SIDM00526,VX-702,0
5227,SIDM00335,VX-702,0
5228,SIDM00334,VX-702,0
5229,SIDM00331,VX-702,0
5230,SIDM00386,VX-702,0
5231,SIDM00387,VX-702,0
5232,SIDM00388,VX-702,0
5233,SIDM00438,VX-702,0
5234,SIDM00431,VX-702,0
5235,SIDM01023,VX-702,0
5236,SIDM00641,VX-702,0
5237,SIDM00457,VX-702,0
5238,SIDM00463,VX-702,0
5239,SIDM00451,VX-702,0
5240,SIDM00403,VX-702,0
5241,SIDM00401,VX-702,0
5242,SIDM01110,VX-702,0
5243,SIDM01107,VX-702,0
5244,SIDM00392,VX-702,0
5245,SIDM01103,VX-702,0
5246,SIDM01154,VX-702,0
5247,SIDM00420,VX-702,0
5248,SIDM00832,VX-702,0
5249,SIDM01172,VX-702,0
5250,SIDM01191,VX-702,0
5251,SIDM00424,VX-702,0
5252,SIDM00411,VX-702,0
5253,SIDM01018,VX-702,0
5254,SIDM00479,VX-702,0
5255,SIDM00477,VX-702,0
5256,SIDM00286,VX-702,0
5257,SIDM01248,VX-702,0
5258,SIDM00957,VX-702,0
5259,SIDM00343,VX-702,0
5260,SIDM00988,VX-702,0
5261,SIDM01082,VX-702,0
5262,SIDM00907,VX-702,0
5263,SIDM00287,VX-702,0
5264,SIDM00985,VX-702,0
5265,SIDM00798,VX-702,0
5266,SIDM00810,VX-702,0
5267,SIDM00928,VX-702,0
5268,SIDM01089,VX-702,0
5269,SIDM00943,VX-702,0
5270,SIDM00896,VX-702,0
5271,SIDM00980,VX-702,0
5272,SIDM00995,VX-702,0
5273,SIDM00989,VX-702,0
5274,SIDM00933,VX-702,0
5275,SIDM00446,VX-702,0
5276,SIDM00332,VX-702,0
5277,SIDM00958,VX-702,0
5278,SIDM01052,VX-702,0
5279,SIDM00499,VX-702,0
5280,SIDM00996,VX-702,0
5281,SIDM00964,VX-702,0
5282,SIDM00935,VX-702,0
5283,SIDM01064,VX-702,0
5284,SIDM00247,VX-702,0
5285,SIDM00963,VX-702,0
5286,SIDM00344,VX-702,0
5287,SIDM00330,VX-702,0
5288,SIDM00454,VX-702,0
5289,SIDM01045,VX-702,0
5290,SIDM01040,VX-702,0
5291,SIDM01072,VX-702,0
5292,SIDM01070,VX-702,0
5293,SIDM01069,VX-702,0
5294,SIDM01067,VX-702,0
5295,SIDM01066,VX-702,0
5296,SIDM00442,VX-702,0
5297,SIDM00453,VX-702,0
5298,SIDM00426,VX-702,0
5299,SIDM00394,VX-702,0
5300,SIDM00419,VX-702,0
5301,SIDM00936,VX-702,0
5302,SIDM00929,VX-702,0
5303,SIDM00944,VX-702,0
5304,SIDM00950,VX-702,0
5305,SIDM01002,VX-702,0
5306,SIDM01068,VX-702,0
5307,SIDM01062,VX-702,0
5308,SIDM00994,VX-702,0
5309,SIDM00946,VX-702,0
5310,SIDM01048,VX-702,0
5311,SIDM00341,VX-702,0
5312,SIDM00455,VX-702,0
5313,SIDM01058,VX-702,0
5314,SIDM01004,VX-702,0
5315,SIDM01034,VX-702,0
5316,SIDM00313,VX-702,0
5317,SIDM00338,VX-702,0
5318,SIDM00437,VX-702,0
5319,SIDM00443,VX-702,0
5320,SIDM00461,VX-702,0
5321,SIDM00460,VX-702,0
5322,SIDM00458,VX-702,0
5323,SIDM00450,VX-702,0
5324,SIDM00448,VX-702,0
5325,SIDM00415,VX-702,0
5326,SIDM00406,VX-702,0
5327,SIDM00407,VX-702,0
5328,SIDM00421,VX-702,0
5329,SIDM00413,VX-702,0
5330,SIDM00483,VX-702,0
5331,SIDM01111,Motesanib,0
5332,SIDM00807,Motesanib,0
5333,SIDM01085,Motesanib,0
5334,SIDM00512,Motesanib,0
5335,SIDM00706,Motesanib,0
5336,SIDM01131,Motesanib,0
5337,SIDM01179,Motesanib,0
5338,SIDM00866,Motesanib,0
5339,SIDM00874,Motesanib,0
5340,SIDM00990,Motesanib,0
5341,SIDM00986,Motesanib,0
5342,SIDM00961,Motesanib,0
5343,SIDM00939,Motesanib,0
5344,SIDM00942,Motesanib,0
5345,SIDM00953,Motesanib,0
5346,SIDM00632,Motesanib,0
5347,SIDM01032,Motesanib,0
5348,SIDM01028,Motesanib,0
5349,SIDM01025,Motesanib,0
5350,SIDM00345,Motesanib,0
5351,SIDM00927,Motesanib,0
5352,SIDM00391,Motesanib,0
5353,SIDM00417,Motesanib,0
5354,SIDM00395,Motesanib,0
5355,SIDM00934,Motesanib,0
5356,SIDM00783,Motesanib,0
5357,SIDM00789,Motesanib,0
5358,SIDM00829,Motesanib,0
5359,SIDM00136,Motesanib,0
5360,SIDM00791,Motesanib,0
5361,SIDM00097,Motesanib,0
5362,SIDM00148,Motesanib,0
5363,SIDM00124,Motesanib,0
5364,SIDM00903,Motesanib,0
5365,SIDM00121,Motesanib,0
5366,SIDM00145,Motesanib,0
5367,SIDM00146,Motesanib,0
5368,SIDM00941,Motesanib,0
5369,SIDM00087,Motesanib,0
5370,SIDM00900,Motesanib,0
5371,SIDM00997,Motesanib,0
5372,SIDM00983,Motesanib,0
5373,SIDM01076,Motesanib,0
5374,SIDM00952,Motesanib,0
5375,SIDM00954,Motesanib,0
5376,SIDM00515,Motesanib,0
5377,SIDM00284,Motesanib,0
5378,SIDM00940,Motesanib,0
5379,SIDM00930,Motesanib,0
5380,SIDM00867,Motesanib,0
5381,SIDM00948,Motesanib,0
5382,SIDM00981,Motesanib,0
5383,SIDM01001,Motesanib,0
5384,SIDM01056,Motesanib,0
5385,SIDM01051,Motesanib,0
5386,SIDM01049,Motesanib,0
5387,SIDM01047,Motesanib,0
5388,SIDM01055,Motesanib,0
5389,SIDM00227,Motesanib,0
5390,SIDM01043,Motesanib,0
5391,SIDM01073,Motesanib,0
5392,SIDM00671,Motesanib,0
5393,SIDM00661,Motesanib,0
5394,SIDM00828,Motesanib,0
5395,SIDM01060,Motesanib,0
5396,SIDM01059,Motesanib,0
5397,SIDM01218,Motesanib,0
5398,SIDM01013,Motesanib,0
5399,SIDM01012,Motesanib,0
5400,SIDM01003,Motesanib,0
5401,SIDM00785,Motesanib,0
5402,SIDM00308,Motesanib,0
5403,SIDM01033,Motesanib,0
5404,SIDM01031,Motesanib,0
5405,SIDM01029,Motesanib,0
5406,SIDM01027,Motesanib,0
5407,SIDM01026,Motesanib,0
5408,SIDM00327,Motesanib,0
5409,SIDM00329,Motesanib,0
5410,SIDM00346,Motesanib,0
5411,SIDM00342,Motesanib,0
5412,SIDM00340,Motesanib,0
5413,SIDM00272,Motesanib,0
5414,SIDM00628,Motesanib,0
5415,SIDM00337,Motesanib,0
5416,SIDM00526,Motesanib,0
5417,SIDM00335,Motesanib,0
5418,SIDM00334,Motesanib,0
5419,SIDM00387,Motesanib,0
5420,SIDM00388,Motesanib,0
5421,SIDM00441,Motesanib,0
5422,SIDM00438,Motesanib,0
5423,SIDM00433,Motesanib,0
5424,SIDM00431,Motesanib,0
5425,SIDM01023,Motesanib,0
5426,SIDM00429,Motesanib,0
5427,SIDM00641,Motesanib,0
5428,SIDM00580,Motesanib,0
5429,SIDM00457,Motesanib,0
5430,SIDM00463,Motesanib,0
5431,SIDM00451,Motesanib,0
5432,SIDM00447,Motesanib,0
5433,SIDM00403,Motesanib,0
5434,SIDM01086,Motesanib,0
5435,SIDM00401,Motesanib,0
5436,SIDM01110,Motesanib,0
5437,SIDM00380,Motesanib,0
5438,SIDM01107,Motesanib,0
5439,SIDM01103,Motesanib,0
5440,SIDM01154,Motesanib,0
5441,SIDM00420,Motesanib,0
5442,SIDM00832,Motesanib,0
5443,SIDM01172,Motesanib,0
5444,SIDM01191,Motesanib,0
5445,SIDM00424,Motesanib,0
5446,SIDM00412,Motesanib,0
5447,SIDM00411,Motesanib,0
5448,SIDM01018,Motesanib,0
5449,SIDM00479,Motesanib,0
5450,SIDM00477,Motesanib,0
5451,SIDM00957,Motesanib,0
5452,SIDM00343,Motesanib,0
5453,SIDM00988,Motesanib,0
5454,SIDM01082,Motesanib,0
5455,SIDM00907,Motesanib,0
5456,SIDM00287,Motesanib,0
5457,SIDM00810,Motesanib,0
5458,SIDM00928,Motesanib,0
5459,SIDM01089,Motesanib,0
5460,SIDM01087,Motesanib,0
5461,SIDM00943,Motesanib,0
5462,SIDM00937,Motesanib,0
5463,SIDM00896,Motesanib,0
5464,SIDM00995,Motesanib,0
5465,SIDM00933,Motesanib,0
5466,SIDM00446,Motesanib,0
5467,SIDM00332,Motesanib,0
5468,SIDM00958,Motesanib,0
5469,SIDM00932,Motesanib,0
5470,SIDM01052,Motesanib,0
5471,SIDM00499,Motesanib,0
5472,SIDM00935,Motesanib,0
5473,SIDM01064,Motesanib,0
5474,SIDM00312,Motesanib,0
5475,SIDM00247,Motesanib,0
5476,SIDM00410,Motesanib,0
5477,SIDM00963,Motesanib,0
5478,SIDM00344,Motesanib,0
5479,SIDM00289,Motesanib,0
5480,SIDM00330,Motesanib,0
5481,SIDM00454,Motesanib,0
5482,SIDM01045,Motesanib,0
5483,SIDM01040,Motesanib,0
5484,SIDM01072,Motesanib,0
5485,SIDM01070,Motesanib,0
5486,SIDM01066,Motesanib,0
5487,SIDM00442,Motesanib,0
5488,SIDM00419,Motesanib,0
5489,SIDM01176,Motesanib,0
5490,SIDM00462,Motesanib,0
5491,SIDM00936,Motesanib,0
5492,SIDM00944,Motesanib,0
5493,SIDM00950,Motesanib,0
5494,SIDM01002,Motesanib,0
5495,SIDM01062,Motesanib,0
5496,SIDM00994,Motesanib,0
5497,SIDM00993,Motesanib,0
5498,SIDM00946,Motesanib,0
5499,SIDM01048,Motesanib,0
5500,SIDM00455,Motesanib,0
5501,SIDM01058,Motesanib,0
5502,SIDM00428,Motesanib,0
5503,SIDM01038,Motesanib,0
5504,SIDM01036,Motesanib,0
5505,SIDM01015,Motesanib,0
5506,SIDM01004,Motesanib,0
5507,SIDM01034,Motesanib,0
5508,SIDM00313,Motesanib,0
5509,SIDM00338,Motesanib,0
5510,SIDM00434,Motesanib,0
5511,SIDM00443,Motesanib,0
5512,SIDM00461,Motesanib,0
5513,SIDM00460,Motesanib,0
5514,SIDM00458,Motesanib,0
5515,SIDM00450,Motesanib,0
5516,SIDM00449,Motesanib,0
5517,SIDM00448,Motesanib,0
5518,SIDM00415,Motesanib,0
5519,SIDM00404,Motesanib,0
5520,SIDM00406,Motesanib,0
5521,SIDM00407,Motesanib,0
5522,SIDM00423,Motesanib,0
5523,SIDM00422,Motesanib,0
5524,SIDM00421,Motesanib,0
5525,SIDM00416,Motesanib,0
5526,SIDM00413,Motesanib,0
5527,SIDM01085,Elesclomol,0
5528,SIDM00632,Elesclomol,0
5529,SIDM01057,Elesclomol,0
5530,SIDM00832,Elesclomol,0
5531,SIDM00477,Elesclomol,0
5532,SIDM01068,Elesclomol,0
5533,SIDM00437,Elesclomol,0
5534,SIDM00422,Elesclomol,0
5535,SIDM01111,Afatinib,0
5536,SIDM01085,Afatinib,0
5537,SIDM00982,Afatinib,0
5538,SIDM00512,Afatinib,0
5539,SIDM00706,Afatinib,0
5540,SIDM01131,Afatinib,0
5541,SIDM01179,Afatinib,0
5542,SIDM00866,Afatinib,0
5543,SIDM00874,Afatinib,0
5544,SIDM00990,Afatinib,0
5545,SIDM00961,Afatinib,0
5546,SIDM00953,Afatinib,0
5547,SIDM00632,Afatinib,0
5548,SIDM01024,Afatinib,0
5549,SIDM00345,Afatinib,0
5550,SIDM00339,Afatinib,0
5551,SIDM00927,Afatinib,0
5552,SIDM00391,Afatinib,0
5553,SIDM00417,Afatinib,0
5554,SIDM00395,Afatinib,0
5555,SIDM00934,Afatinib,0
5556,SIDM00088,Afatinib,0
5557,SIDM00789,Afatinib,0
5558,SIDM00829,Afatinib,0
5559,SIDM00136,Afatinib,0
5560,SIDM00791,Afatinib,0
5561,SIDM00097,Afatinib,0
5562,SIDM00148,Afatinib,0
5563,SIDM00903,Afatinib,0
5564,SIDM00121,Afatinib,0
5565,SIDM00145,Afatinib,0
5566,SIDM00146,Afatinib,0
5567,SIDM00941,Afatinib,0
5568,SIDM00987,Afatinib,0
5569,SIDM00900,Afatinib,0
5570,SIDM00997,Afatinib,0
5571,SIDM00999,Afatinib,0
5572,SIDM01076,Afatinib,0
5573,SIDM00954,Afatinib,0
5574,SIDM00284,Afatinib,0
5575,SIDM00940,Afatinib,0
5576,SIDM00930,Afatinib,0
5577,SIDM00931,Afatinib,0
5578,SIDM00886,Afatinib,0
5579,SIDM00867,Afatinib,0
5580,SIDM00949,Afatinib,0
5581,SIDM00948,Afatinib,0
5582,SIDM00947,Afatinib,0
5583,SIDM00981,Afatinib,0
5584,SIDM01056,Afatinib,0
5585,SIDM01049,Afatinib,0
5586,SIDM01047,Afatinib,0
5587,SIDM01042,Afatinib,0
5588,SIDM01057,Afatinib,0
5589,SIDM00227,Afatinib,0
5590,SIDM01043,Afatinib,0
5591,SIDM01073,Afatinib,0
5592,SIDM00671,Afatinib,0
5593,SIDM00661,Afatinib,0
5594,SIDM00828,Afatinib,0
5595,SIDM01060,Afatinib,0
5596,SIDM01059,Afatinib,0
5597,SIDM01218,Afatinib,0
5598,SIDM01013,Afatinib,0
5599,SIDM01012,Afatinib,0
5600,SIDM01003,Afatinib,0
5601,SIDM00785,Afatinib,0
5602,SIDM01019,Afatinib,0
5603,SIDM01020,Afatinib,0
5604,SIDM01031,Afatinib,0
5605,SIDM01026,Afatinib,0
5606,SIDM00327,Afatinib,0
5607,SIDM00329,Afatinib,0
5608,SIDM00342,Afatinib,0
5609,SIDM00340,Afatinib,0
5610,SIDM00272,Afatinib,0
5611,SIDM00337,Afatinib,0
5612,SIDM00336,Afatinib,0
5613,SIDM00526,Afatinib,0
5614,SIDM00335,Afatinib,0
5615,SIDM00334,Afatinib,0
5616,SIDM00331,Afatinib,0
5617,SIDM00386,Afatinib,0
5618,SIDM00387,Afatinib,0
5619,SIDM00388,Afatinib,0
5620,SIDM00438,Afatinib,0
5621,SIDM01023,Afatinib,0
5622,SIDM00429,Afatinib,0
5623,SIDM00641,Afatinib,0
5624,SIDM00580,Afatinib,0
5625,SIDM00457,Afatinib,0
5626,SIDM00463,Afatinib,0
5627,SIDM00447,Afatinib,0
5628,SIDM00403,Afatinib,0
5629,SIDM01086,Afatinib,0
5630,SIDM00402,Afatinib,0
5631,SIDM00401,Afatinib,0
5632,SIDM01110,Afatinib,0
5633,SIDM00380,Afatinib,0
5634,SIDM01107,Afatinib,0
5635,SIDM00392,Afatinib,0
5636,SIDM01154,Afatinib,0
5637,SIDM00420,Afatinib,0
5638,SIDM00832,Afatinib,0
5639,SIDM01172,Afatinib,0
5640,SIDM01191,Afatinib,0
5641,SIDM00424,Afatinib,0
5642,SIDM00412,Afatinib,0
5643,SIDM00411,Afatinib,0
5644,SIDM01018,Afatinib,0
5645,SIDM00477,Afatinib,0
5646,SIDM00286,Afatinib,0
5647,SIDM01248,Afatinib,0
5648,SIDM00343,Afatinib,0
5649,SIDM00907,Afatinib,0
5650,SIDM00287,Afatinib,0
5651,SIDM00985,Afatinib,0
5652,SIDM00798,Afatinib,0
5653,SIDM00810,Afatinib,0
5654,SIDM00928,Afatinib,0
5655,SIDM01089,Afatinib,0
5656,SIDM01087,Afatinib,0
5657,SIDM00896,Afatinib,0
5658,SIDM00980,Afatinib,0
5659,SIDM00989,Afatinib,0
5660,SIDM00933,Afatinib,0
5661,SIDM00446,Afatinib,0
5662,SIDM00332,Afatinib,0
5663,SIDM00958,Afatinib,0
5664,SIDM01052,Afatinib,0
5665,SIDM00499,Afatinib,0
5666,SIDM00996,Afatinib,0
5667,SIDM01064,Afatinib,0
5668,SIDM00312,Afatinib,0
5669,SIDM00247,Afatinib,0
5670,SIDM00410,Afatinib,0
5671,SIDM00289,Afatinib,0
5672,SIDM00330,Afatinib,0
5673,SIDM00454,Afatinib,0
5674,SIDM01045,Afatinib,0
5675,SIDM01040,Afatinib,0
5676,SIDM01072,Afatinib,0
5677,SIDM01070,Afatinib,0
5678,SIDM01066,Afatinib,0
5679,SIDM00442,Afatinib,0
5680,SIDM00453,Afatinib,0
5681,SIDM00394,Afatinib,0
5682,SIDM00419,Afatinib,0
5683,SIDM01176,Afatinib,0
5684,SIDM00462,Afatinib,0
5685,SIDM00929,Afatinib,0
5686,SIDM00944,Afatinib,0
5687,SIDM00950,Afatinib,0
5688,SIDM00994,Afatinib,0
5689,SIDM00993,Afatinib,0
5690,SIDM00946,Afatinib,0
5691,SIDM01048,Afatinib,0
5692,SIDM00455,Afatinib,0
5693,SIDM01058,Afatinib,0
5694,SIDM00428,Afatinib,0
5695,SIDM01038,Afatinib,0
5696,SIDM01036,Afatinib,0
5697,SIDM01015,Afatinib,0
5698,SIDM01004,Afatinib,0
5699,SIDM01034,Afatinib,0
5700,SIDM00313,Afatinib,0
5701,SIDM00338,Afatinib,0
5702,SIDM00437,Afatinib,0
5703,SIDM00434,Afatinib,0
5704,SIDM00443,Afatinib,0
5705,SIDM00461,Afatinib,0
5706,SIDM00460,Afatinib,0
5707,SIDM00458,Afatinib,0
5708,SIDM00450,Afatinib,0
5709,SIDM00448,Afatinib,0
5710,SIDM00415,Afatinib,0
5711,SIDM00404,Afatinib,0
5712,SIDM00422,Afatinib,0
5713,SIDM00421,Afatinib,0
5714,SIDM00416,Afatinib,0
5715,SIDM00413,Afatinib,0
5716,SIDM00807,NU7441,0
5717,SIDM01085,NU7441,0
5718,SIDM00512,NU7441,0
5719,SIDM00706,NU7441,0
5720,SIDM00866,NU7441,0
5721,SIDM00874,NU7441,0
5722,SIDM00990,NU7441,0
5723,SIDM00986,NU7441,0
5724,SIDM00961,NU7441,0
5725,SIDM00632,NU7441,0
5726,SIDM01032,NU7441,0
5727,SIDM01025,NU7441,0
5728,SIDM01024,NU7441,0
5729,SIDM00345,NU7441,0
5730,SIDM00927,NU7441,0
5731,SIDM00391,NU7441,0
5732,SIDM00417,NU7441,0
5733,SIDM00395,NU7441,0
5734,SIDM00934,NU7441,0
5735,SIDM00120,NU7441,0
5736,SIDM00783,NU7441,0
5737,SIDM00789,NU7441,0
5738,SIDM00136,NU7441,0
5739,SIDM00791,NU7441,0
5740,SIDM00097,NU7441,0
5741,SIDM00148,NU7441,0
5742,SIDM00124,NU7441,0
5743,SIDM00146,NU7441,0
5744,SIDM00900,NU7441,0
5745,SIDM00954,NU7441,0
5746,SIDM00515,NU7441,0
5747,SIDM00940,NU7441,0
5748,SIDM00931,NU7441,0
5749,SIDM00947,NU7441,0
5750,SIDM00981,NU7441,0
5751,SIDM01056,NU7441,0
5752,SIDM01047,NU7441,0
5753,SIDM01057,NU7441,0
5754,SIDM00227,NU7441,0
5755,SIDM01043,NU7441,0
5756,SIDM01073,NU7441,0
5757,SIDM00594,NU7441,0
5758,SIDM01060,NU7441,0
5759,SIDM01059,NU7441,0
5760,SIDM01218,NU7441,0
5761,SIDM01003,NU7441,0
5762,SIDM00308,NU7441,0
5763,SIDM01031,NU7441,0
5764,SIDM01030,NU7441,0
5765,SIDM01029,NU7441,0
5766,SIDM00327,NU7441,0
5767,SIDM00342,NU7441,0
5768,SIDM00340,NU7441,0
5769,SIDM00272,NU7441,0
5770,SIDM00336,NU7441,0
5771,SIDM00526,NU7441,0
5772,SIDM00335,NU7441,0
5773,SIDM00386,NU7441,0
5774,SIDM00441,NU7441,0
5775,SIDM00438,NU7441,0
5776,SIDM00433,NU7441,0
5777,SIDM00641,NU7441,0
5778,SIDM00463,NU7441,0
5779,SIDM00401,NU7441,0
5780,SIDM01110,NU7441,0
5781,SIDM01103,NU7441,0
5782,SIDM00420,NU7441,0
5783,SIDM00832,NU7441,0
5784,SIDM01191,NU7441,0
5785,SIDM00424,NU7441,0
5786,SIDM00411,NU7441,0
5787,SIDM01018,NU7441,0
5788,SIDM00477,NU7441,0
5789,SIDM00286,NU7441,0
5790,SIDM00957,NU7441,0
5791,SIDM00343,NU7441,0
5792,SIDM01082,NU7441,0
5793,SIDM00907,NU7441,0
5794,SIDM00798,NU7441,0
5795,SIDM00928,NU7441,0
5796,SIDM01089,NU7441,0
5797,SIDM00943,NU7441,0
5798,SIDM00896,NU7441,0
5799,SIDM00980,NU7441,0
5800,SIDM00995,NU7441,0
5801,SIDM00446,NU7441,0
5802,SIDM00332,NU7441,0
5803,SIDM01052,NU7441,0
5804,SIDM00499,NU7441,0
5805,SIDM00996,NU7441,0
5806,SIDM00935,NU7441,0
5807,SIDM01064,NU7441,0
5808,SIDM00247,NU7441,0
5809,SIDM00963,NU7441,0
5810,SIDM00330,NU7441,0
5811,SIDM01045,NU7441,0
5812,SIDM01040,NU7441,0
5813,SIDM01072,NU7441,0
5814,SIDM01070,NU7441,0
5815,SIDM00333,NU7441,0
5816,SIDM00453,NU7441,0
5817,SIDM00394,NU7441,0
5818,SIDM00419,NU7441,0
5819,SIDM00929,NU7441,0
5820,SIDM01002,NU7441,0
5821,SIDM01068,NU7441,0
5822,SIDM01062,NU7441,0
5823,SIDM00994,NU7441,0
5824,SIDM00993,NU7441,0
5825,SIDM01048,NU7441,0
5826,SIDM00341,NU7441,0
5827,SIDM00455,NU7441,0
5828,SIDM01058,NU7441,0
5829,SIDM01036,NU7441,0
5830,SIDM01015,NU7441,0
5831,SIDM00313,NU7441,0
5832,SIDM00338,NU7441,0
5833,SIDM00437,NU7441,0
5834,SIDM00461,NU7441,0
5835,SIDM00460,NU7441,0
5836,SIDM00448,NU7441,0
5837,SIDM00415,NU7441,0
5838,SIDM00423,NU7441,0
5839,SIDM00416,NU7441,0
5840,SIDM00483,NU7441,0
5841,SIDM01111,Wee1 Inhibitor,0
5842,SIDM01085,Wee1 Inhibitor,0
5843,SIDM00866,Wee1 Inhibitor,0
5844,SIDM00874,Wee1 Inhibitor,0
5845,SIDM00632,Wee1 Inhibitor,0
5846,SIDM00345,Wee1 Inhibitor,0
5847,SIDM00339,Wee1 Inhibitor,0
5848,SIDM00391,Wee1 Inhibitor,0
5849,SIDM00395,Wee1 Inhibitor,0
5850,SIDM00934,Wee1 Inhibitor,0
5851,SIDM00088,Wee1 Inhibitor,0
5852,SIDM00136,Wee1 Inhibitor,0
5853,SIDM00791,Wee1 Inhibitor,0
5854,SIDM00097,Wee1 Inhibitor,0
5855,SIDM00124,Wee1 Inhibitor,0
5856,SIDM00903,Wee1 Inhibitor,0
5857,SIDM00941,Wee1 Inhibitor,0
5858,SIDM00987,Wee1 Inhibitor,0
5859,SIDM00900,Wee1 Inhibitor,0
5860,SIDM00952,Wee1 Inhibitor,0
5861,SIDM00954,Wee1 Inhibitor,0
5862,SIDM00947,Wee1 Inhibitor,0
5863,SIDM01056,Wee1 Inhibitor,0
5864,SIDM01049,Wee1 Inhibitor,0
5865,SIDM01042,Wee1 Inhibitor,0
5866,SIDM01057,Wee1 Inhibitor,0
5867,SIDM01073,Wee1 Inhibitor,0
5868,SIDM01013,Wee1 Inhibitor,0
5869,SIDM00308,Wee1 Inhibitor,0
5870,SIDM01027,Wee1 Inhibitor,0
5871,SIDM00340,Wee1 Inhibitor,0
5872,SIDM00272,Wee1 Inhibitor,0
5873,SIDM00336,Wee1 Inhibitor,0
5874,SIDM00335,Wee1 Inhibitor,0
5875,SIDM00334,Wee1 Inhibitor,0
5876,SIDM00386,Wee1 Inhibitor,0
5877,SIDM00641,Wee1 Inhibitor,0
5878,SIDM00451,Wee1 Inhibitor,0
5879,SIDM00403,Wee1 Inhibitor,0
5880,SIDM00401,Wee1 Inhibitor,0
5881,SIDM00832,Wee1 Inhibitor,0
5882,SIDM01172,Wee1 Inhibitor,0
5883,SIDM00411,Wee1 Inhibitor,0
5884,SIDM00479,Wee1 Inhibitor,0
5885,SIDM00477,Wee1 Inhibitor,0
5886,SIDM00286,Wee1 Inhibitor,0
5887,SIDM01248,Wee1 Inhibitor,0
5888,SIDM00957,Wee1 Inhibitor,0
5889,SIDM00343,Wee1 Inhibitor,0
5890,SIDM01082,Wee1 Inhibitor,0
5891,SIDM00907,Wee1 Inhibitor,0
5892,SIDM00928,Wee1 Inhibitor,0
5893,SIDM00943,Wee1 Inhibitor,0
5894,SIDM00937,Wee1 Inhibitor,0
5895,SIDM00896,Wee1 Inhibitor,0
5896,SIDM00980,Wee1 Inhibitor,0
5897,SIDM00446,Wee1 Inhibitor,0
5898,SIDM00332,Wee1 Inhibitor,0
5899,SIDM01052,Wee1 Inhibitor,0
5900,SIDM00499,Wee1 Inhibitor,0
5901,SIDM00996,Wee1 Inhibitor,0
5902,SIDM00963,Wee1 Inhibitor,0
5903,SIDM00330,Wee1 Inhibitor,0
5904,SIDM00454,Wee1 Inhibitor,0
5905,SIDM01045,Wee1 Inhibitor,0
5906,SIDM01040,Wee1 Inhibitor,0
5907,SIDM01070,Wee1 Inhibitor,0
5908,SIDM01067,Wee1 Inhibitor,0
5909,SIDM00442,Wee1 Inhibitor,0
5910,SIDM00394,Wee1 Inhibitor,0
5911,SIDM00419,Wee1 Inhibitor,0
5912,SIDM00929,Wee1 Inhibitor,0
5913,SIDM00950,Wee1 Inhibitor,0
5914,SIDM01062,Wee1 Inhibitor,0
5915,SIDM00993,Wee1 Inhibitor,0
5916,SIDM01048,Wee1 Inhibitor,0
5917,SIDM00341,Wee1 Inhibitor,0
5918,SIDM00455,Wee1 Inhibitor,0
5919,SIDM01036,Wee1 Inhibitor,0
5920,SIDM01004,Wee1 Inhibitor,0
5921,SIDM00313,Wee1 Inhibitor,0
5922,SIDM00338,Wee1 Inhibitor,0
5923,SIDM00437,Wee1 Inhibitor,0
5924,SIDM00448,Wee1 Inhibitor,0
5925,SIDM00415,Wee1 Inhibitor,0
5926,SIDM00423,Wee1 Inhibitor,0
5927,SIDM00421,Wee1 Inhibitor,0
5928,SIDM00413,Wee1 Inhibitor,0
5929,SIDM00807,PD173074,0
5930,SIDM00512,PD173074,0
5931,SIDM01179,PD173074,0
5932,SIDM00866,PD173074,0
5933,SIDM00874,PD173074,0
5934,SIDM00990,PD173074,0
5935,SIDM00986,PD173074,0
5936,SIDM00939,PD173074,0
5937,SIDM00953,PD173074,0
5938,SIDM00632,PD173074,0
5939,SIDM01032,PD173074,0
5940,SIDM01028,PD173074,0
5941,SIDM01025,PD173074,0
5942,SIDM00345,PD173074,0
5943,SIDM00927,PD173074,0
5944,SIDM00391,PD173074,0
5945,SIDM00417,PD173074,0
5946,SIDM00395,PD173074,0
5947,SIDM00934,PD173074,0
5948,SIDM00088,PD173074,0
5949,SIDM00783,PD173074,0
5950,SIDM00789,PD173074,0
5951,SIDM00136,PD173074,0
5952,SIDM00791,PD173074,0
5953,SIDM00097,PD173074,0
5954,SIDM00124,PD173074,0
5955,SIDM00903,PD173074,0
5956,SIDM00146,PD173074,0
5957,SIDM00900,PD173074,0
5958,SIDM00997,PD173074,0
5959,SIDM00983,PD173074,0
5960,SIDM00954,PD173074,0
5961,SIDM00515,PD173074,0
5962,SIDM00284,PD173074,0
5963,SIDM00931,PD173074,0
5964,SIDM00867,PD173074,0
5965,SIDM00947,PD173074,0
5966,SIDM01056,PD173074,0
5967,SIDM01051,PD173074,0
5968,SIDM01049,PD173074,0
5969,SIDM01047,PD173074,0
5970,SIDM01042,PD173074,0
5971,SIDM00860,PD173074,0
5972,SIDM01057,PD173074,0
5973,SIDM01043,PD173074,0
5974,SIDM01073,PD173074,0
5975,SIDM00594,PD173074,0
5976,SIDM00661,PD173074,0
5977,SIDM00828,PD173074,0
5978,SIDM01060,PD173074,0
5979,SIDM01059,PD173074,0
5980,SIDM01218,PD173074,0
5981,SIDM01013,PD173074,0
5982,SIDM01012,PD173074,0
5983,SIDM01033,PD173074,0
5984,SIDM01031,PD173074,0
5985,SIDM01030,PD173074,0
5986,SIDM01029,PD173074,0
5987,SIDM01027,PD173074,0
5988,SIDM01026,PD173074,0
5989,SIDM00327,PD173074,0
5990,SIDM00340,PD173074,0
5991,SIDM00628,PD173074,0
5992,SIDM00337,PD173074,0
5993,SIDM00336,PD173074,0
5994,SIDM00526,PD173074,0
5995,SIDM00386,PD173074,0
5996,SIDM00387,PD173074,0
5997,SIDM00438,PD173074,0
5998,SIDM01023,PD173074,0
5999,SIDM00641,PD173074,0
6000,SIDM00463,PD173074,0
6001,SIDM00401,PD173074,0
6002,SIDM01110,PD173074,0
6003,SIDM01107,PD173074,0
6004,SIDM00392,PD173074,0
6005,SIDM01103,PD173074,0
6006,SIDM01154,PD173074,0
6007,SIDM00420,PD173074,0
6008,SIDM01172,PD173074,0
6009,SIDM00424,PD173074,0
6010,SIDM00412,PD173074,0
6011,SIDM00411,PD173074,0
6012,SIDM00479,PD173074,0
6013,SIDM00477,PD173074,0
6014,SIDM00286,PD173074,0
6015,SIDM00957,PD173074,0
6016,SIDM00343,PD173074,0
6017,SIDM00988,PD173074,0
6018,SIDM01082,PD173074,0
6019,SIDM00907,PD173074,0
6020,SIDM00985,PD173074,0
6021,SIDM00928,PD173074,0
6022,SIDM01089,PD173074,0
6023,SIDM01087,PD173074,0
6024,SIDM00943,PD173074,0
6025,SIDM00937,PD173074,0
6026,SIDM00896,PD173074,0
6027,SIDM00980,PD173074,0
6028,SIDM00995,PD173074,0
6029,SIDM00989,PD173074,0
6030,SIDM00933,PD173074,0
6031,SIDM00958,PD173074,0
6032,SIDM00932,PD173074,0
6033,SIDM01052,PD173074,0
6034,SIDM00499,PD173074,0
6035,SIDM00996,PD173074,0
6036,SIDM00964,PD173074,0
6037,SIDM00935,PD173074,0
6038,SIDM00963,PD173074,0
6039,SIDM00330,PD173074,0
6040,SIDM01045,PD173074,0
6041,SIDM01040,PD173074,0
6042,SIDM01072,PD173074,0
6043,SIDM01070,PD173074,0
6044,SIDM01067,PD173074,0
6045,SIDM01066,PD173074,0
6046,SIDM00333,PD173074,0
6047,SIDM00453,PD173074,0
6048,SIDM00394,PD173074,0
6049,SIDM00419,PD173074,0
6050,SIDM00936,PD173074,0
6051,SIDM00944,PD173074,0
6052,SIDM00950,PD173074,0
6053,SIDM01002,PD173074,0
6054,SIDM01068,PD173074,0
6055,SIDM01062,PD173074,0
6056,SIDM00994,PD173074,0
6057,SIDM00993,PD173074,0
6058,SIDM00946,PD173074,0
6059,SIDM01048,PD173074,0
6060,SIDM00341,PD173074,0
6061,SIDM00455,PD173074,0
6062,SIDM01058,PD173074,0
6063,SIDM01004,PD173074,0
6064,SIDM01034,PD173074,0
6065,SIDM00313,PD173074,0
6066,SIDM00338,PD173074,0
6067,SIDM00437,PD173074,0
6068,SIDM00434,PD173074,0
6069,SIDM00461,PD173074,0
6070,SIDM00448,PD173074,0
6071,SIDM00415,PD173074,0
6072,SIDM00407,PD173074,0
6073,SIDM00423,PD173074,0
6074,SIDM00422,PD173074,0
6075,SIDM00421,PD173074,0
6076,SIDM00416,PD173074,0
6077,SIDM00413,PD173074,0
6078,SIDM00483,PD173074,0
6079,SIDM00874,ZM447439,0
6080,SIDM00391,ZM447439,0
6081,SIDM00934,ZM447439,0
6082,SIDM00957,ZM447439,0
6083,SIDM00907,ZM447439,0
6084,SIDM00332,ZM447439,0
6085,SIDM00247,ZM447439,0
6086,SIDM00963,ZM447439,0
6087,SIDM01070,ZM447439,0
6088,SIDM00929,ZM447439,0
6089,SIDM00338,ZM447439,0
6090,SIDM00867,RO-3306,0
6091,SIDM01013,RO-3306,0
6092,SIDM01107,RO-3306,0
6093,SIDM01085,MK-2206,0
6094,SIDM01107,MK-2206,0
6095,SIDM00957,MK-2206,0
6096,SIDM00943,MK-2206,0
6097,SIDM00338,MK-2206,0
6098,SIDM00954,Palbociclib,0
6099,SIDM01057,Palbociclib,0
6100,SIDM00335,Palbociclib,0
6101,SIDM00832,Palbociclib,0
6102,SIDM00907,Palbociclib,0
6103,SIDM01052,Palbociclib,0
6104,SIDM00963,Palbociclib,0
6105,SIDM01045,Palbociclib,0
6106,SIDM01040,Palbociclib,0
6107,SIDM01062,Palbociclib,0
6108,SIDM01085,Pictilisib,0
6109,SIDM00832,Pictilisib,0
6110,SIDM00632,AZD8055,0
6111,SIDM00124,AZD8055,0
6112,SIDM00954,AZD8055,0
6113,SIDM00832,AZD8055,0
6114,SIDM01040,AZD8055,0
6115,SIDM00706,PD0325901,0
6116,SIDM01131,PD0325901,0
6117,SIDM00953,PD0325901,0
6118,SIDM00391,PD0325901,0
6119,SIDM00097,PD0325901,0
6120,SIDM00954,PD0325901,0
6121,SIDM01056,PD0325901,0
6122,SIDM01013,PD0325901,0
6123,SIDM00424,PD0325901,0
6124,SIDM00411,PD0325901,0
6125,SIDM00426,PD0325901,0
6126,SIDM00415,PD0325901,0
6127,SIDM00866,SB590885,0
6128,SIDM00934,SB590885,0
6129,SIDM00097,SB590885,0
6130,SIDM00124,SB590885,0
6131,SIDM00335,SB590885,0
6132,SIDM01045,SB590885,0
6133,SIDM01131,Selumetinib,0
6134,SIDM00866,Selumetinib,0
6135,SIDM00874,Selumetinib,0
6136,SIDM00391,Selumetinib,0
6137,SIDM00395,Selumetinib,0
6138,SIDM00934,Selumetinib,0
6139,SIDM00789,Selumetinib,0
6140,SIDM00097,Selumetinib,0
6141,SIDM01057,Selumetinib,0
6142,SIDM00335,Selumetinib,0
6143,SIDM00386,Selumetinib,0
6144,SIDM00424,Selumetinib,0
6145,SIDM00286,Selumetinib,0
6146,SIDM00332,Selumetinib,0
6147,SIDM00963,Selumetinib,0
6148,SIDM01045,Selumetinib,0
6149,SIDM01070,Selumetinib,0
6150,SIDM00929,Selumetinib,0
6151,SIDM00416,Selumetinib,0
6152,SIDM00483,Selumetinib,0
6153,SIDM00957,AZD6482,0
6154,SIDM00124,Avagacestat,0
6155,SIDM01107,Avagacestat,0
6156,SIDM00957,Avagacestat,0
6157,SIDM00415,Avagacestat,0
6158,SIDM00874,BMS-536924,0
6159,SIDM01107,BMS-536924,0
6160,SIDM00479,BMS-536924,0
6161,SIDM00286,BMS-536924,0
6162,SIDM00963,BMS-536924,0
6163,SIDM01002,BMS-536924,0
6164,SIDM00338,BMS-536924,0
6165,SIDM00415,BMS-536924,0
6166,SIDM00866,Rucaparib,0
6167,SIDM00832,Rucaparib,0
6168,SIDM00136,Tamoxifen,0
6169,SIDM00124,Tamoxifen,0
6170,SIDM00947,Tamoxifen,0
6171,SIDM00832,Tamoxifen,0
6172,SIDM00332,Tamoxifen,0
6173,SIDM01111,JQ1,0
6174,SIDM00807,JQ1,0
6175,SIDM01085,JQ1,0
6176,SIDM00982,JQ1,0
6177,SIDM00512,JQ1,0
6178,SIDM01131,JQ1,0
6179,SIDM01148,JQ1,0
6180,SIDM00866,JQ1,0
6181,SIDM00874,JQ1,0
6182,SIDM00990,JQ1,0
6183,SIDM00986,JQ1,0
6184,SIDM00961,JQ1,0
6185,SIDM00939,JQ1,0
6186,SIDM00942,JQ1,0
6187,SIDM00951,JQ1,0
6188,SIDM01025,JQ1,0
6189,SIDM01024,JQ1,0
6190,SIDM00345,JQ1,0
6191,SIDM00339,JQ1,0
6192,SIDM00391,JQ1,0
6193,SIDM00417,JQ1,0
6194,SIDM01009,JQ1,0
6195,SIDM00395,JQ1,0
6196,SIDM00088,JQ1,0
6197,SIDM00120,JQ1,0
6198,SIDM00783,JQ1,0
6199,SIDM00789,JQ1,0
6200,SIDM00829,JQ1,0
6201,SIDM00136,JQ1,0
6202,SIDM00791,JQ1,0
6203,SIDM00097,JQ1,0
6204,SIDM00148,JQ1,0
6205,SIDM00124,JQ1,0
6206,SIDM00903,JQ1,0
6207,SIDM00146,JQ1,0
6208,SIDM00941,JQ1,0
6209,SIDM00987,JQ1,0
6210,SIDM00997,JQ1,0
6211,SIDM00983,JQ1,0
6212,SIDM01076,JQ1,0
6213,SIDM00954,JQ1,0
6214,SIDM00515,JQ1,0
6215,SIDM00284,JQ1,0
6216,SIDM00940,JQ1,0
6217,SIDM00930,JQ1,0
6218,SIDM00867,JQ1,0
6219,SIDM00948,JQ1,0
6220,SIDM00947,JQ1,0
6221,SIDM01001,JQ1,0
6222,SIDM01056,JQ1,0
6223,SIDM01051,JQ1,0
6224,SIDM01049,JQ1,0
6225,SIDM01042,JQ1,0
6226,SIDM01055,JQ1,0
6227,SIDM01057,JQ1,0
6228,SIDM00227,JQ1,0
6229,SIDM01043,JQ1,0
6230,SIDM01073,JQ1,0
6231,SIDM00594,JQ1,0
6232,SIDM00828,JQ1,0
6233,SIDM01218,JQ1,0
6234,SIDM01005,JQ1,0
6235,SIDM01033,JQ1,0
6236,SIDM01031,JQ1,0
6237,SIDM01030,JQ1,0
6238,SIDM01029,JQ1,0
6239,SIDM01027,JQ1,0
6240,SIDM01026,JQ1,0
6241,SIDM00327,JQ1,0
6242,SIDM00329,JQ1,0
6243,SIDM00346,JQ1,0
6244,SIDM00340,JQ1,0
6245,SIDM00272,JQ1,0
6246,SIDM00628,JQ1,0
6247,SIDM00337,JQ1,0
6248,SIDM00336,JQ1,0
6249,SIDM00335,JQ1,0
6250,SIDM00334,JQ1,0
6251,SIDM00331,JQ1,0
6252,SIDM00386,JQ1,0
6253,SIDM00441,JQ1,0
6254,SIDM00438,JQ1,0
6255,SIDM00429,JQ1,0
6256,SIDM00641,JQ1,0
6257,SIDM00580,JQ1,0
6258,SIDM00457,JQ1,0
6259,SIDM00463,JQ1,0
6260,SIDM00451,JQ1,0
6261,SIDM01086,JQ1,0
6262,SIDM00402,JQ1,0
6263,SIDM00401,JQ1,0
6264,SIDM00380,JQ1,0
6265,SIDM01107,JQ1,0
6266,SIDM00392,JQ1,0
6267,SIDM01103,JQ1,0
6268,SIDM00420,JQ1,0
6269,SIDM00832,JQ1,0
6270,SIDM01172,JQ1,0
6271,SIDM01191,JQ1,0
6272,SIDM00424,JQ1,0
6273,SIDM00412,JQ1,0
6274,SIDM00411,JQ1,0
6275,SIDM00479,JQ1,0
6276,SIDM00477,JQ1,0
6277,SIDM00286,JQ1,0
6278,SIDM01248,JQ1,0
6279,SIDM00957,JQ1,0
6280,SIDM00343,JQ1,0
6281,SIDM01082,JQ1,0
6282,SIDM00287,JQ1,0
6283,SIDM00798,JQ1,0
6284,SIDM00810,JQ1,0
6285,SIDM00928,JQ1,0
6286,SIDM01089,JQ1,0
6287,SIDM00943,JQ1,0
6288,SIDM00937,JQ1,0
6289,SIDM00980,JQ1,0
6290,SIDM00995,JQ1,0
6291,SIDM00989,JQ1,0
6292,SIDM00933,JQ1,0
6293,SIDM00332,JQ1,0
6294,SIDM00932,JQ1,0
6295,SIDM01052,JQ1,0
6296,SIDM00499,JQ1,0
6297,SIDM00996,JQ1,0
6298,SIDM00964,JQ1,0
6299,SIDM00935,JQ1,0
6300,SIDM01064,JQ1,0
6301,SIDM00312,JQ1,0
6302,SIDM00247,JQ1,0
6303,SIDM00410,JQ1,0
6304,SIDM00963,JQ1,0
6305,SIDM00344,JQ1,0
6306,SIDM00330,JQ1,0
6307,SIDM01045,JQ1,0
6308,SIDM01072,JQ1,0
6309,SIDM01070,JQ1,0
6310,SIDM01069,JQ1,0
6311,SIDM01067,JQ1,0
6312,SIDM01066,JQ1,0
6313,SIDM00333,JQ1,0
6314,SIDM00442,JQ1,0
6315,SIDM00453,JQ1,0
6316,SIDM00426,JQ1,0
6317,SIDM00419,JQ1,0
6318,SIDM00462,JQ1,0
6319,SIDM00936,JQ1,0
6320,SIDM00929,JQ1,0
6321,SIDM00944,JQ1,0
6322,SIDM00950,JQ1,0
6323,SIDM01002,JQ1,0
6324,SIDM01068,JQ1,0
6325,SIDM01062,JQ1,0
6326,SIDM00994,JQ1,0
6327,SIDM00993,JQ1,0
6328,SIDM00946,JQ1,0
6329,SIDM01048,JQ1,0
6330,SIDM00341,JQ1,0
6331,SIDM00455,JQ1,0
6332,SIDM01058,JQ1,0
6333,SIDM00428,JQ1,0
6334,SIDM01036,JQ1,0
6335,SIDM01015,JQ1,0
6336,SIDM01004,JQ1,0
6337,SIDM01034,JQ1,0
6338,SIDM00338,JQ1,0
6339,SIDM00443,JQ1,0
6340,SIDM00461,JQ1,0
6341,SIDM00450,JQ1,0
6342,SIDM00448,JQ1,0
6343,SIDM00415,JQ1,0
6344,SIDM00389,JQ1,0
6345,SIDM00404,JQ1,0
6346,SIDM00405,JQ1,0
6347,SIDM00423,JQ1,0
6348,SIDM00422,JQ1,0
6349,SIDM00421,JQ1,0
6350,SIDM00416,JQ1,0
6351,SIDM00483,JQ1,0
6352,SIDM01111,IOX2,0
6353,SIDM00982,IOX2,0
6354,SIDM00706,IOX2,0
6355,SIDM01131,IOX2,0
6356,SIDM00866,IOX2,0
6357,SIDM00874,IOX2,0
6358,SIDM00990,IOX2,0
6359,SIDM01032,IOX2,0
6360,SIDM01025,IOX2,0
6361,SIDM00395,IOX2,0
6362,SIDM00088,IOX2,0
6363,SIDM00789,IOX2,0
6364,SIDM00136,IOX2,0
6365,SIDM00097,IOX2,0
6366,SIDM00148,IOX2,0
6367,SIDM00124,IOX2,0
6368,SIDM00121,IOX2,0
6369,SIDM00146,IOX2,0
6370,SIDM00941,IOX2,0
6371,SIDM00997,IOX2,0
6372,SIDM00983,IOX2,0
6373,SIDM00954,IOX2,0
6374,SIDM00284,IOX2,0
6375,SIDM00940,IOX2,0
6376,SIDM00930,IOX2,0
6377,SIDM00886,IOX2,0
6378,SIDM00948,IOX2,0
6379,SIDM00947,IOX2,0
6380,SIDM01056,IOX2,0
6381,SIDM01051,IOX2,0
6382,SIDM01049,IOX2,0
6383,SIDM01047,IOX2,0
6384,SIDM01057,IOX2,0
6385,SIDM00227,IOX2,0
6386,SIDM00671,IOX2,0
6387,SIDM01013,IOX2,0
6388,SIDM01012,IOX2,0
6389,SIDM00346,IOX2,0
6390,SIDM00272,IOX2,0
6391,SIDM00336,IOX2,0
6392,SIDM00335,IOX2,0
6393,SIDM00334,IOX2,0
6394,SIDM00438,IOX2,0
6395,SIDM01023,IOX2,0
6396,SIDM00580,IOX2,0
6397,SIDM01086,IOX2,0
6398,SIDM00402,IOX2,0
6399,SIDM00401,IOX2,0
6400,SIDM00380,IOX2,0
6401,SIDM01107,IOX2,0
6402,SIDM00420,IOX2,0
6403,SIDM00832,IOX2,0
6404,SIDM01191,IOX2,0
6405,SIDM00424,IOX2,0
6406,SIDM00411,IOX2,0
6407,SIDM00479,IOX2,0
6408,SIDM00477,IOX2,0
6409,SIDM00286,IOX2,0
6410,SIDM00957,IOX2,0
6411,SIDM00343,IOX2,0
6412,SIDM00988,IOX2,0
6413,SIDM01082,IOX2,0
6414,SIDM00907,IOX2,0
6415,SIDM00962,IOX2,0
6416,SIDM00798,IOX2,0
6417,SIDM00928,IOX2,0
6418,SIDM01089,IOX2,0
6419,SIDM00943,IOX2,0
6420,SIDM00332,IOX2,0
6421,SIDM00932,IOX2,0
6422,SIDM01052,IOX2,0
6423,SIDM00964,IOX2,0
6424,SIDM01064,IOX2,0
6425,SIDM00247,IOX2,0
6426,SIDM00330,IOX2,0
6427,SIDM01045,IOX2,0
6428,SIDM01040,IOX2,0
6429,SIDM01072,IOX2,0
6430,SIDM01070,IOX2,0
6431,SIDM01067,IOX2,0
6432,SIDM00442,IOX2,0
6433,SIDM00419,IOX2,0
6434,SIDM00929,IOX2,0
6435,SIDM01002,IOX2,0
6436,SIDM01062,IOX2,0
6437,SIDM00338,IOX2,0
6438,SIDM00450,IOX2,0
6439,SIDM00415,IOX2,0
6440,SIDM00416,IOX2,0
6441,SIDM01085,Daporinad,0
6442,SIDM01179,Daporinad,0
6443,SIDM00874,Daporinad,0
6444,SIDM00990,Daporinad,0
6445,SIDM00961,Daporinad,0
6446,SIDM00395,Daporinad,0
6447,SIDM00997,Daporinad,0
6448,SIDM00999,Daporinad,0
6449,SIDM00867,Daporinad,0
6450,SIDM00947,Daporinad,0
6451,SIDM01027,Daporinad,0
6452,SIDM00346,Daporinad,0
6453,SIDM00403,Daporinad,0
6454,SIDM00957,Daporinad,0
6455,SIDM00985,Daporinad,0
6456,SIDM00963,Daporinad,0
6457,SIDM01072,Daporinad,0
6458,SIDM00442,Daporinad,0
6459,SIDM00929,Daporinad,0
6460,SIDM01062,Daporinad,0
6461,SIDM00341,Daporinad,0
6462,SIDM00338,Daporinad,0
6463,SIDM00413,Daporinad,0
6464,SIDM01111,UNC1215,0
6465,SIDM00807,UNC1215,0
6466,SIDM01085,UNC1215,0
6467,SIDM00982,UNC1215,0
6468,SIDM00512,UNC1215,0
6469,SIDM00706,UNC1215,0
6470,SIDM01131,UNC1215,0
6471,SIDM01179,UNC1215,0
6472,SIDM01148,UNC1215,0
6473,SIDM00866,UNC1215,0
6474,SIDM00874,UNC1215,0
6475,SIDM00990,UNC1215,0
6476,SIDM00986,UNC1215,0
6477,SIDM00961,UNC1215,0
6478,SIDM00939,UNC1215,0
6479,SIDM00942,UNC1215,0
6480,SIDM00953,UNC1215,0
6481,SIDM00951,UNC1215,0
6482,SIDM00632,UNC1215,0
6483,SIDM01025,UNC1215,0
6484,SIDM01024,UNC1215,0
6485,SIDM00345,UNC1215,0
6486,SIDM00339,UNC1215,0
6487,SIDM00391,UNC1215,0
6488,SIDM00417,UNC1215,0
6489,SIDM01009,UNC1215,0
6490,SIDM00395,UNC1215,0
6491,SIDM00088,UNC1215,0
6492,SIDM00120,UNC1215,0
6493,SIDM00783,UNC1215,0
6494,SIDM00789,UNC1215,0
6495,SIDM00829,UNC1215,0
6496,SIDM00136,UNC1215,0
6497,SIDM00791,UNC1215,0
6498,SIDM00097,UNC1215,0
6499,SIDM00148,UNC1215,0
6500,SIDM00124,UNC1215,0
6501,SIDM00903,UNC1215,0
6502,SIDM00121,UNC1215,0
6503,SIDM00145,UNC1215,0
6504,SIDM00146,UNC1215,0
6505,SIDM00941,UNC1215,0
6506,SIDM00087,UNC1215,0
6507,SIDM00987,UNC1215,0
6508,SIDM00900,UNC1215,0
6509,SIDM00997,UNC1215,0
6510,SIDM00983,UNC1215,0
6511,SIDM00999,UNC1215,0
6512,SIDM01076,UNC1215,0
6513,SIDM00952,UNC1215,0
6514,SIDM00954,UNC1215,0
6515,SIDM00515,UNC1215,0
6516,SIDM00284,UNC1215,0
6517,SIDM00940,UNC1215,0
6518,SIDM00930,UNC1215,0
6519,SIDM00931,UNC1215,0
6520,SIDM00886,UNC1215,0
6521,SIDM00867,UNC1215,0
6522,SIDM00949,UNC1215,0
6523,SIDM00948,UNC1215,0
6524,SIDM00947,UNC1215,0
6525,SIDM01001,UNC1215,0
6526,SIDM01056,UNC1215,0
6527,SIDM01051,UNC1215,0
6528,SIDM01049,UNC1215,0
6529,SIDM01047,UNC1215,0
6530,SIDM01042,UNC1215,0
6531,SIDM01055,UNC1215,0
6532,SIDM01057,UNC1215,0
6533,SIDM00227,UNC1215,0
6534,SIDM01043,UNC1215,0
6535,SIDM01073,UNC1215,0
6536,SIDM00594,UNC1215,0
6537,SIDM00671,UNC1215,0
6538,SIDM00661,UNC1215,0
6539,SIDM00828,UNC1215,0
6540,SIDM01059,UNC1215,0
6541,SIDM01218,UNC1215,0
6542,SIDM01013,UNC1215,0
6543,SIDM01012,UNC1215,0
6544,SIDM01003,UNC1215,0
6545,SIDM00785,UNC1215,0
6546,SIDM01019,UNC1215,0
6547,SIDM00308,UNC1215,0
6548,SIDM01033,UNC1215,0
6549,SIDM01031,UNC1215,0
6550,SIDM01030,UNC1215,0
6551,SIDM01029,UNC1215,0
6552,SIDM01027,UNC1215,0
6553,SIDM01026,UNC1215,0
6554,SIDM00327,UNC1215,0
6555,SIDM00329,UNC1215,0
6556,SIDM00346,UNC1215,0
6557,SIDM00342,UNC1215,0
6558,SIDM00340,UNC1215,0
6559,SIDM00272,UNC1215,0
6560,SIDM00628,UNC1215,0
6561,SIDM00337,UNC1215,0
6562,SIDM00336,UNC1215,0
6563,SIDM00526,UNC1215,0
6564,SIDM00335,UNC1215,0
6565,SIDM00334,UNC1215,0
6566,SIDM00331,UNC1215,0
6567,SIDM00386,UNC1215,0
6568,SIDM00388,UNC1215,0
6569,SIDM00441,UNC1215,0
6570,SIDM00438,UNC1215,0
6571,SIDM00433,UNC1215,0
6572,SIDM00431,UNC1215,0
6573,SIDM01023,UNC1215,0
6574,SIDM00657,UNC1215,0
6575,SIDM00429,UNC1215,0
6576,SIDM00641,UNC1215,0
6577,SIDM00580,UNC1215,0
6578,SIDM00457,UNC1215,0
6579,SIDM00463,UNC1215,0
6580,SIDM00451,UNC1215,0
6581,SIDM00447,UNC1215,0
6582,SIDM00403,UNC1215,0
6583,SIDM01086,UNC1215,0
6584,SIDM00402,UNC1215,0
6585,SIDM00401,UNC1215,0
6586,SIDM01110,UNC1215,0
6587,SIDM00380,UNC1215,0
6588,SIDM01107,UNC1215,0
6589,SIDM00392,UNC1215,0
6590,SIDM01103,UNC1215,0
6591,SIDM01154,UNC1215,0
6592,SIDM00420,UNC1215,0
6593,SIDM00832,UNC1215,0
6594,SIDM01172,UNC1215,0
6595,SIDM01191,UNC1215,0
6596,SIDM00424,UNC1215,0
6597,SIDM00412,UNC1215,0
6598,SIDM00411,UNC1215,0
6599,SIDM01018,UNC1215,0
6600,SIDM00479,UNC1215,0
6601,SIDM00477,UNC1215,0
6602,SIDM00286,UNC1215,0
6603,SIDM01248,UNC1215,0
6604,SIDM00957,UNC1215,0
6605,SIDM00343,UNC1215,0
6606,SIDM00988,UNC1215,0
6607,SIDM01082,UNC1215,0
6608,SIDM00907,UNC1215,0
6609,SIDM00287,UNC1215,0
6610,SIDM00985,UNC1215,0
6611,SIDM00962,UNC1215,0
6612,SIDM00798,UNC1215,0
6613,SIDM00810,UNC1215,0
6614,SIDM00928,UNC1215,0
6615,SIDM01089,UNC1215,0
6616,SIDM00943,UNC1215,0
6617,SIDM00937,UNC1215,0
6618,SIDM00980,UNC1215,0
6619,SIDM00995,UNC1215,0
6620,SIDM00989,UNC1215,0
6621,SIDM00933,UNC1215,0
6622,SIDM00446,UNC1215,0
6623,SIDM00332,UNC1215,0
6624,SIDM00958,UNC1215,0
6625,SIDM00932,UNC1215,0
6626,SIDM01052,UNC1215,0
6627,SIDM00499,UNC1215,0
6628,SIDM00996,UNC1215,0
6629,SIDM00964,UNC1215,0
6630,SIDM00935,UNC1215,0
6631,SIDM01064,UNC1215,0
6632,SIDM00312,UNC1215,0
6633,SIDM00247,UNC1215,0
6634,SIDM00410,UNC1215,0
6635,SIDM00963,UNC1215,0
6636,SIDM00344,UNC1215,0
6637,SIDM00289,UNC1215,0
6638,SIDM00330,UNC1215,0
6639,SIDM00454,UNC1215,0
6640,SIDM01045,UNC1215,0
6641,SIDM01040,UNC1215,0
6642,SIDM01072,UNC1215,0
6643,SIDM01070,UNC1215,0
6644,SIDM01069,UNC1215,0
6645,SIDM01067,UNC1215,0
6646,SIDM01066,UNC1215,0
6647,SIDM00333,UNC1215,0
6648,SIDM00442,UNC1215,0
6649,SIDM00453,UNC1215,0
6650,SIDM00426,UNC1215,0
6651,SIDM00394,UNC1215,0
6652,SIDM00419,UNC1215,0
6653,SIDM00462,UNC1215,0
6654,SIDM00936,UNC1215,0
6655,SIDM00929,UNC1215,0
6656,SIDM00944,UNC1215,0
6657,SIDM01002,UNC1215,0
6658,SIDM01068,UNC1215,0
6659,SIDM01062,UNC1215,0
6660,SIDM00994,UNC1215,0
6661,SIDM00993,UNC1215,0
6662,SIDM00946,UNC1215,0
6663,SIDM01048,UNC1215,0
6664,SIDM00341,UNC1215,0
6665,SIDM00455,UNC1215,0
6666,SIDM01058,UNC1215,0
6667,SIDM00428,UNC1215,0
6668,SIDM01038,UNC1215,0
6669,SIDM01036,UNC1215,0
6670,SIDM01015,UNC1215,0
6671,SIDM01004,UNC1215,0
6672,SIDM01034,UNC1215,0
6673,SIDM00313,UNC1215,0
6674,SIDM00338,UNC1215,0
6675,SIDM00437,UNC1215,0
6676,SIDM00434,UNC1215,0
6677,SIDM00443,UNC1215,0
6678,SIDM00461,UNC1215,0
6679,SIDM00460,UNC1215,0
6680,SIDM00458,UNC1215,0
6681,SIDM00450,UNC1215,0
6682,SIDM00449,UNC1215,0
6683,SIDM00448,UNC1215,0
6684,SIDM00415,UNC1215,0
6685,SIDM00389,UNC1215,0
6686,SIDM00404,UNC1215,0
6687,SIDM00405,UNC1215,0
6688,SIDM00406,UNC1215,0
6689,SIDM00407,UNC1215,0
6690,SIDM00423,UNC1215,0
6691,SIDM00422,UNC1215,0
6692,SIDM00421,UNC1215,0
6693,SIDM00416,UNC1215,0
6694,SIDM00413,UNC1215,0
6695,SIDM00483,UNC1215,0
6696,SIDM01111,UNC0642,0
6697,SIDM00807,UNC0642,0
6698,SIDM01085,UNC0642,0
6699,SIDM00982,UNC0642,0
6700,SIDM00512,UNC0642,0
6701,SIDM00706,UNC0642,0
6702,SIDM01131,UNC0642,0
6703,SIDM01179,UNC0642,0
6704,SIDM01148,UNC0642,0
6705,SIDM00866,UNC0642,0
6706,SIDM00874,UNC0642,0
6707,SIDM00990,UNC0642,0
6708,SIDM00986,UNC0642,0
6709,SIDM00961,UNC0642,0
6710,SIDM00939,UNC0642,0
6711,SIDM00942,UNC0642,0
6712,SIDM00953,UNC0642,0
6713,SIDM00951,UNC0642,0
6714,SIDM00632,UNC0642,0
6715,SIDM01025,UNC0642,0
6716,SIDM01024,UNC0642,0
6717,SIDM00345,UNC0642,0
6718,SIDM00339,UNC0642,0
6719,SIDM00391,UNC0642,0
6720,SIDM00417,UNC0642,0
6721,SIDM01009,UNC0642,0
6722,SIDM00395,UNC0642,0
6723,SIDM00088,UNC0642,0
6724,SIDM00120,UNC0642,0
6725,SIDM00789,UNC0642,0
6726,SIDM00829,UNC0642,0
6727,SIDM00136,UNC0642,0
6728,SIDM00791,UNC0642,0
6729,SIDM00097,UNC0642,0
6730,SIDM00148,UNC0642,0
6731,SIDM00124,UNC0642,0
6732,SIDM00903,UNC0642,0
6733,SIDM00121,UNC0642,0
6734,SIDM00145,UNC0642,0
6735,SIDM00146,UNC0642,0
6736,SIDM00941,UNC0642,0
6737,SIDM00087,UNC0642,0
6738,SIDM00987,UNC0642,0
6739,SIDM00900,UNC0642,0
6740,SIDM00997,UNC0642,0
6741,SIDM00983,UNC0642,0
6742,SIDM00999,UNC0642,0
6743,SIDM01076,UNC0642,0
6744,SIDM00952,UNC0642,0
6745,SIDM00954,UNC0642,0
6746,SIDM00515,UNC0642,0
6747,SIDM00284,UNC0642,0
6748,SIDM00940,UNC0642,0
6749,SIDM00930,UNC0642,0
6750,SIDM00931,UNC0642,0
6751,SIDM00886,UNC0642,0
6752,SIDM00867,UNC0642,0
6753,SIDM00949,UNC0642,0
6754,SIDM00948,UNC0642,0
6755,SIDM00947,UNC0642,0
6756,SIDM01001,UNC0642,0
6757,SIDM01056,UNC0642,0
6758,SIDM01051,UNC0642,0
6759,SIDM01049,UNC0642,0
6760,SIDM01047,UNC0642,0
6761,SIDM01042,UNC0642,0
6762,SIDM01055,UNC0642,0
6763,SIDM01057,UNC0642,0
6764,SIDM00227,UNC0642,0
6765,SIDM01043,UNC0642,0
6766,SIDM01073,UNC0642,0
6767,SIDM00594,UNC0642,0
6768,SIDM00671,UNC0642,0
6769,SIDM00661,UNC0642,0
6770,SIDM01059,UNC0642,0
6771,SIDM01218,UNC0642,0
6772,SIDM01013,UNC0642,0
6773,SIDM01012,UNC0642,0
6774,SIDM01003,UNC0642,0
6775,SIDM00785,UNC0642,0
6776,SIDM01019,UNC0642,0
6777,SIDM00308,UNC0642,0
6778,SIDM01033,UNC0642,0
6779,SIDM01031,UNC0642,0
6780,SIDM01030,UNC0642,0
6781,SIDM01029,UNC0642,0
6782,SIDM01026,UNC0642,0
6783,SIDM00327,UNC0642,0
6784,SIDM00329,UNC0642,0
6785,SIDM00346,UNC0642,0
6786,SIDM00342,UNC0642,0
6787,SIDM00340,UNC0642,0
6788,SIDM00272,UNC0642,0
6789,SIDM00628,UNC0642,0
6790,SIDM00337,UNC0642,0
6791,SIDM00336,UNC0642,0
6792,SIDM00526,UNC0642,0
6793,SIDM00335,UNC0642,0
6794,SIDM00334,UNC0642,0
6795,SIDM00331,UNC0642,0
6796,SIDM00386,UNC0642,0
6797,SIDM00388,UNC0642,0
6798,SIDM00441,UNC0642,0
6799,SIDM00438,UNC0642,0
6800,SIDM00433,UNC0642,0
6801,SIDM00431,UNC0642,0
6802,SIDM01023,UNC0642,0
6803,SIDM00657,UNC0642,0
6804,SIDM00429,UNC0642,0
6805,SIDM00641,UNC0642,0
6806,SIDM00580,UNC0642,0
6807,SIDM00457,UNC0642,0
6808,SIDM00463,UNC0642,0
6809,SIDM00451,UNC0642,0
6810,SIDM00447,UNC0642,0
6811,SIDM00403,UNC0642,0
6812,SIDM01086,UNC0642,0
6813,SIDM00402,UNC0642,0
6814,SIDM00401,UNC0642,0
6815,SIDM01110,UNC0642,0
6816,SIDM00380,UNC0642,0
6817,SIDM01107,UNC0642,0
6818,SIDM00392,UNC0642,0
6819,SIDM01103,UNC0642,0
6820,SIDM01154,UNC0642,0
6821,SIDM00420,UNC0642,0
6822,SIDM00832,UNC0642,0
6823,SIDM01172,UNC0642,0
6824,SIDM01191,UNC0642,0
6825,SIDM00424,UNC0642,0
6826,SIDM00412,UNC0642,0
6827,SIDM00411,UNC0642,0
6828,SIDM01018,UNC0642,0
6829,SIDM00479,UNC0642,0
6830,SIDM00477,UNC0642,0
6831,SIDM00286,UNC0642,0
6832,SIDM01248,UNC0642,0
6833,SIDM00957,UNC0642,0
6834,SIDM00343,UNC0642,0
6835,SIDM00988,UNC0642,0
6836,SIDM01082,UNC0642,0
6837,SIDM00907,UNC0642,0
6838,SIDM00287,UNC0642,0
6839,SIDM00798,UNC0642,0
6840,SIDM00810,UNC0642,0
6841,SIDM00928,UNC0642,0
6842,SIDM00980,UNC0642,0
6843,SIDM00995,UNC0642,0
6844,SIDM00989,UNC0642,0
6845,SIDM00933,UNC0642,0
6846,SIDM00446,UNC0642,0
6847,SIDM00332,UNC0642,0
6848,SIDM00958,UNC0642,0
6849,SIDM00932,UNC0642,0
6850,SIDM01052,UNC0642,0
6851,SIDM00499,UNC0642,0
6852,SIDM00996,UNC0642,0
6853,SIDM00964,UNC0642,0
6854,SIDM00935,UNC0642,0
6855,SIDM01064,UNC0642,0
6856,SIDM00312,UNC0642,0
6857,SIDM00247,UNC0642,0
6858,SIDM00410,UNC0642,0
6859,SIDM00963,UNC0642,0
6860,SIDM00344,UNC0642,0
6861,SIDM00289,UNC0642,0
6862,SIDM00330,UNC0642,0
6863,SIDM00454,UNC0642,0
6864,SIDM01045,UNC0642,0
6865,SIDM01040,UNC0642,0
6866,SIDM01072,UNC0642,0
6867,SIDM01070,UNC0642,0
6868,SIDM01069,UNC0642,0
6869,SIDM01067,UNC0642,0
6870,SIDM01066,UNC0642,0
6871,SIDM00333,UNC0642,0
6872,SIDM00442,UNC0642,0
6873,SIDM00453,UNC0642,0
6874,SIDM00426,UNC0642,0
6875,SIDM00394,UNC0642,0
6876,SIDM00419,UNC0642,0
6877,SIDM00462,UNC0642,0
6878,SIDM00936,UNC0642,0
6879,SIDM00929,UNC0642,0
6880,SIDM00944,UNC0642,0
6881,SIDM01002,UNC0642,0
6882,SIDM01068,UNC0642,0
6883,SIDM01062,UNC0642,0
6884,SIDM00994,UNC0642,0
6885,SIDM00993,UNC0642,0
6886,SIDM00946,UNC0642,0
6887,SIDM01048,UNC0642,0
6888,SIDM00341,UNC0642,0
6889,SIDM00455,UNC0642,0
6890,SIDM01058,UNC0642,0
6891,SIDM00428,UNC0642,0
6892,SIDM01038,UNC0642,0
6893,SIDM01036,UNC0642,0
6894,SIDM01015,UNC0642,0
6895,SIDM01004,UNC0642,0
6896,SIDM01034,UNC0642,0
6897,SIDM00313,UNC0642,0
6898,SIDM00338,UNC0642,0
6899,SIDM00437,UNC0642,0
6900,SIDM00434,UNC0642,0
6901,SIDM00443,UNC0642,0
6902,SIDM00461,UNC0642,0
6903,SIDM00460,UNC0642,0
6904,SIDM00458,UNC0642,0
6905,SIDM00450,UNC0642,0
6906,SIDM00449,UNC0642,0
6907,SIDM00448,UNC0642,0
6908,SIDM00415,UNC0642,0
6909,SIDM00389,UNC0642,0
6910,SIDM00404,UNC0642,0
6911,SIDM00406,UNC0642,0
6912,SIDM00407,UNC0642,0
6913,SIDM00423,UNC0642,0
6914,SIDM00422,UNC0642,0
6915,SIDM00421,UNC0642,0
6916,SIDM00416,UNC0642,0
6917,SIDM00483,UNC0642,0
6918,SIDM01111,SGC0946,0
6919,SIDM00807,SGC0946,0
6920,SIDM01085,SGC0946,0
6921,SIDM00982,SGC0946,0
6922,SIDM00512,SGC0946,0
6923,SIDM00706,SGC0946,0
6924,SIDM01131,SGC0946,0
6925,SIDM01179,SGC0946,0
6926,SIDM01148,SGC0946,0
6927,SIDM00866,SGC0946,0
6928,SIDM00874,SGC0946,0
6929,SIDM00990,SGC0946,0
6930,SIDM00986,SGC0946,0
6931,SIDM00939,SGC0946,0
6932,SIDM00942,SGC0946,0
6933,SIDM00953,SGC0946,0
6934,SIDM00951,SGC0946,0
6935,SIDM00632,SGC0946,0
6936,SIDM01025,SGC0946,0
6937,SIDM01024,SGC0946,0
6938,SIDM00345,SGC0946,0
6939,SIDM00339,SGC0946,0
6940,SIDM00391,SGC0946,0
6941,SIDM00417,SGC0946,0
6942,SIDM01009,SGC0946,0
6943,SIDM00395,SGC0946,0
6944,SIDM00088,SGC0946,0
6945,SIDM00120,SGC0946,0
6946,SIDM00789,SGC0946,0
6947,SIDM00829,SGC0946,0
6948,SIDM00136,SGC0946,0
6949,SIDM00791,SGC0946,0
6950,SIDM00097,SGC0946,0
6951,SIDM00148,SGC0946,0
6952,SIDM00124,SGC0946,0
6953,SIDM00903,SGC0946,0
6954,SIDM00121,SGC0946,0
6955,SIDM00145,SGC0946,0
6956,SIDM00146,SGC0946,0
6957,SIDM00941,SGC0946,0
6958,SIDM00087,SGC0946,0
6959,SIDM00987,SGC0946,0
6960,SIDM00900,SGC0946,0
6961,SIDM00997,SGC0946,0
6962,SIDM00983,SGC0946,0
6963,SIDM00999,SGC0946,0
6964,SIDM01076,SGC0946,0
6965,SIDM00952,SGC0946,0
6966,SIDM00954,SGC0946,0
6967,SIDM00515,SGC0946,0
6968,SIDM00284,SGC0946,0
6969,SIDM00940,SGC0946,0
6970,SIDM00930,SGC0946,0
6971,SIDM00931,SGC0946,0
6972,SIDM00886,SGC0946,0
6973,SIDM00867,SGC0946,0
6974,SIDM00949,SGC0946,0
6975,SIDM00948,SGC0946,0
6976,SIDM00947,SGC0946,0
6977,SIDM01001,SGC0946,0
6978,SIDM01056,SGC0946,0
6979,SIDM01051,SGC0946,0
6980,SIDM01049,SGC0946,0
6981,SIDM01047,SGC0946,0
6982,SIDM01042,SGC0946,0
6983,SIDM01055,SGC0946,0
6984,SIDM01057,SGC0946,0
6985,SIDM00227,SGC0946,0
6986,SIDM01043,SGC0946,0
6987,SIDM01073,SGC0946,0
6988,SIDM00594,SGC0946,0
6989,SIDM00671,SGC0946,0
6990,SIDM00661,SGC0946,0
6991,SIDM00828,SGC0946,0
6992,SIDM01059,SGC0946,0
6993,SIDM01218,SGC0946,0
6994,SIDM01013,SGC0946,0
6995,SIDM01012,SGC0946,0
6996,SIDM01005,SGC0946,0
6997,SIDM01003,SGC0946,0
6998,SIDM00785,SGC0946,0
6999,SIDM01019,SGC0946,0
7000,SIDM00308,SGC0946,0
7001,SIDM01033,SGC0946,0
7002,SIDM01031,SGC0946,0
7003,SIDM01030,SGC0946,0
7004,SIDM01029,SGC0946,0
7005,SIDM01027,SGC0946,0
7006,SIDM01026,SGC0946,0
7007,SIDM00327,SGC0946,0
7008,SIDM00329,SGC0946,0
7009,SIDM00346,SGC0946,0
7010,SIDM00342,SGC0946,0
7011,SIDM00340,SGC0946,0
7012,SIDM00272,SGC0946,0
7013,SIDM00628,SGC0946,0
7014,SIDM00337,SGC0946,0
7015,SIDM00336,SGC0946,0
7016,SIDM00526,SGC0946,0
7017,SIDM00335,SGC0946,0
7018,SIDM00334,SGC0946,0
7019,SIDM00331,SGC0946,0
7020,SIDM00386,SGC0946,0
7021,SIDM00388,SGC0946,0
7022,SIDM00441,SGC0946,0
7023,SIDM00438,SGC0946,0
7024,SIDM00433,SGC0946,0
7025,SIDM00431,SGC0946,0
7026,SIDM01023,SGC0946,0
7027,SIDM00429,SGC0946,0
7028,SIDM00641,SGC0946,0
7029,SIDM00580,SGC0946,0
7030,SIDM00457,SGC0946,0
7031,SIDM00463,SGC0946,0
7032,SIDM00451,SGC0946,0
7033,SIDM00447,SGC0946,0
7034,SIDM00403,SGC0946,0
7035,SIDM01086,SGC0946,0
7036,SIDM00402,SGC0946,0
7037,SIDM00401,SGC0946,0
7038,SIDM01110,SGC0946,0
7039,SIDM00380,SGC0946,0
7040,SIDM01107,SGC0946,0
7041,SIDM00392,SGC0946,0
7042,SIDM01103,SGC0946,0
7043,SIDM01154,SGC0946,0
7044,SIDM00420,SGC0946,0
7045,SIDM00832,SGC0946,0
7046,SIDM01172,SGC0946,0
7047,SIDM01191,SGC0946,0
7048,SIDM00424,SGC0946,0
7049,SIDM00412,SGC0946,0
7050,SIDM00411,SGC0946,0
7051,SIDM01018,SGC0946,0
7052,SIDM00479,SGC0946,0
7053,SIDM00477,SGC0946,0
7054,SIDM00286,SGC0946,0
7055,SIDM01248,SGC0946,0
7056,SIDM00957,SGC0946,0
7057,SIDM00343,SGC0946,0
7058,SIDM00988,SGC0946,0
7059,SIDM01082,SGC0946,0
7060,SIDM00907,SGC0946,0
7061,SIDM00287,SGC0946,0
7062,SIDM00962,SGC0946,0
7063,SIDM00798,SGC0946,0
7064,SIDM00810,SGC0946,0
7065,SIDM00928,SGC0946,0
7066,SIDM01089,SGC0946,0
7067,SIDM00943,SGC0946,0
7068,SIDM00937,SGC0946,0
7069,SIDM00896,SGC0946,0
7070,SIDM00980,SGC0946,0
7071,SIDM00995,SGC0946,0
7072,SIDM00989,SGC0946,0
7073,SIDM00933,SGC0946,0
7074,SIDM00446,SGC0946,0
7075,SIDM00332,SGC0946,0
7076,SIDM00958,SGC0946,0
7077,SIDM00932,SGC0946,0
7078,SIDM01052,SGC0946,0
7079,SIDM00499,SGC0946,0
7080,SIDM00996,SGC0946,0
7081,SIDM00964,SGC0946,0
7082,SIDM00935,SGC0946,0
7083,SIDM01064,SGC0946,0
7084,SIDM00312,SGC0946,0
7085,SIDM00247,SGC0946,0
7086,SIDM00410,SGC0946,0
7087,SIDM00963,SGC0946,0
7088,SIDM00344,SGC0946,0
7089,SIDM00289,SGC0946,0
7090,SIDM00330,SGC0946,0
7091,SIDM00454,SGC0946,0
7092,SIDM01045,SGC0946,0
7093,SIDM01040,SGC0946,0
7094,SIDM01072,SGC0946,0
7095,SIDM01070,SGC0946,0
7096,SIDM01069,SGC0946,0
7097,SIDM01067,SGC0946,0
7098,SIDM01066,SGC0946,0
7099,SIDM00333,SGC0946,0
7100,SIDM00442,SGC0946,0
7101,SIDM00453,SGC0946,0
7102,SIDM00426,SGC0946,0
7103,SIDM00394,SGC0946,0
7104,SIDM00419,SGC0946,0
7105,SIDM00462,SGC0946,0
7106,SIDM00936,SGC0946,0
7107,SIDM00929,SGC0946,0
7108,SIDM00944,SGC0946,0
7109,SIDM01002,SGC0946,0
7110,SIDM01068,SGC0946,0
7111,SIDM01062,SGC0946,0
7112,SIDM00994,SGC0946,0
7113,SIDM00993,SGC0946,0
7114,SIDM00946,SGC0946,0
7115,SIDM01048,SGC0946,0
7116,SIDM00341,SGC0946,0
7117,SIDM00455,SGC0946,0
7118,SIDM01058,SGC0946,0
7119,SIDM00428,SGC0946,0
7120,SIDM01038,SGC0946,0
7121,SIDM01036,SGC0946,0
7122,SIDM01015,SGC0946,0
7123,SIDM01004,SGC0946,0
7124,SIDM01034,SGC0946,0
7125,SIDM00313,SGC0946,0
7126,SIDM00338,SGC0946,0
7127,SIDM00437,SGC0946,0
7128,SIDM00434,SGC0946,0
7129,SIDM00443,SGC0946,0
7130,SIDM00461,SGC0946,0
7131,SIDM00460,SGC0946,0
7132,SIDM00458,SGC0946,0
7133,SIDM00450,SGC0946,0
7134,SIDM00449,SGC0946,0
7135,SIDM00448,SGC0946,0
7136,SIDM00415,SGC0946,0
7137,SIDM00404,SGC0946,0
7138,SIDM00406,SGC0946,0
7139,SIDM00407,SGC0946,0
7140,SIDM00423,SGC0946,0
7141,SIDM00422,SGC0946,0
7142,SIDM00416,SGC0946,0
7143,SIDM00413,SGC0946,0
7144,SIDM00483,SGC0946,0
7145,SIDM00136,XAV939,0
7146,SIDM01111,Trametinib,0
7147,SIDM01131,Trametinib,0
7148,SIDM00990,Trametinib,0
7149,SIDM00961,Trametinib,0
7150,SIDM00953,Trametinib,0
7151,SIDM00951,Trametinib,0
7152,SIDM00345,Trametinib,0
7153,SIDM00391,Trametinib,0
7154,SIDM00088,Trametinib,0
7155,SIDM00789,Trametinib,0
7156,SIDM00097,Trametinib,0
7157,SIDM00148,Trametinib,0
7158,SIDM00121,Trametinib,0
7159,SIDM00952,Trametinib,0
7160,SIDM00515,Trametinib,0
7161,SIDM00949,Trametinib,0
7162,SIDM00948,Trametinib,0
7163,SIDM01056,Trametinib,0
7164,SIDM01042,Trametinib,0
7165,SIDM00594,Trametinib,0
7166,SIDM00671,Trametinib,0
7167,SIDM01218,Trametinib,0
7168,SIDM01003,Trametinib,0
7169,SIDM00327,Trametinib,0
7170,SIDM00329,Trametinib,0
7171,SIDM00340,Trametinib,0
7172,SIDM00637,Trametinib,0
7173,SIDM00335,Trametinib,0
7174,SIDM00331,Trametinib,0
7175,SIDM00386,Trametinib,0
7176,SIDM00438,Trametinib,0
7177,SIDM00429,Trametinib,0
7178,SIDM00641,Trametinib,0
7179,SIDM00457,Trametinib,0
7180,SIDM00463,Trametinib,0
7181,SIDM00451,Trametinib,0
7182,SIDM01086,Trametinib,0
7183,SIDM01154,Trametinib,0
7184,SIDM00424,Trametinib,0
7185,SIDM00412,Trametinib,0
7186,SIDM01018,Trametinib,0
7187,SIDM00286,Trametinib,0
7188,SIDM00343,Trametinib,0
7189,SIDM00907,Trametinib,0
7190,SIDM00287,Trametinib,0
7191,SIDM00985,Trametinib,0
7192,SIDM01089,Trametinib,0
7193,SIDM00499,Trametinib,0
7194,SIDM01064,Trametinib,0
7195,SIDM00312,Trametinib,0
7196,SIDM00410,Trametinib,0
7197,SIDM00963,Trametinib,0
7198,SIDM01045,Trametinib,0
7199,SIDM01070,Trametinib,0
7200,SIDM01002,Trametinib,0
7201,SIDM01048,Trametinib,0
7202,SIDM01058,Trametinib,0
7203,SIDM01038,Trametinib,0
7204,SIDM00313,Trametinib,0
7205,SIDM00443,Trametinib,0
7206,SIDM00449,Trametinib,0
7207,SIDM00448,Trametinib,0
7208,SIDM00415,Trametinib,0
7209,SIDM00404,Trametinib,0
7210,SIDM00405,Trametinib,0
7211,SIDM00407,Trametinib,0
7212,SIDM00422,Trametinib,0
7213,SIDM00416,Trametinib,0
7214,SIDM01111,AZD6094,0
7215,SIDM00807,AZD6094,0
7216,SIDM01085,AZD6094,0
7217,SIDM00982,AZD6094,0
7218,SIDM00512,AZD6094,0
7219,SIDM00706,AZD6094,0
7220,SIDM01131,AZD6094,0
7221,SIDM00866,AZD6094,0
7222,SIDM00877,AZD6094,0
7223,SIDM00874,AZD6094,0
7224,SIDM00990,AZD6094,0
7225,SIDM00986,AZD6094,0
7226,SIDM00939,AZD6094,0
7227,SIDM00942,AZD6094,0
7228,SIDM00953,AZD6094,0
7229,SIDM01032,AZD6094,0
7230,SIDM01028,AZD6094,0
7231,SIDM01025,AZD6094,0
7232,SIDM01024,AZD6094,0
7233,SIDM00391,AZD6094,0
7234,SIDM00417,AZD6094,0
7235,SIDM01009,AZD6094,0
7236,SIDM00395,AZD6094,0
7237,SIDM00934,AZD6094,0
7238,SIDM00088,AZD6094,0
7239,SIDM00120,AZD6094,0
7240,SIDM00783,AZD6094,0
7241,SIDM00789,AZD6094,0
7242,SIDM00829,AZD6094,0
7243,SIDM00136,AZD6094,0
7244,SIDM00097,AZD6094,0
7245,SIDM00148,AZD6094,0
7246,SIDM00124,AZD6094,0
7247,SIDM00903,AZD6094,0
7248,SIDM00121,AZD6094,0
7249,SIDM00146,AZD6094,0
7250,SIDM00941,AZD6094,0
7251,SIDM00087,AZD6094,0
7252,SIDM00987,AZD6094,0
7253,SIDM00900,AZD6094,0
7254,SIDM00997,AZD6094,0
7255,SIDM00983,AZD6094,0
7256,SIDM00999,AZD6094,0
7257,SIDM01076,AZD6094,0
7258,SIDM00952,AZD6094,0
7259,SIDM00954,AZD6094,0
7260,SIDM00515,AZD6094,0
7261,SIDM00284,AZD6094,0
7262,SIDM00940,AZD6094,0
7263,SIDM00930,AZD6094,0
7264,SIDM00931,AZD6094,0
7265,SIDM00886,AZD6094,0
7266,SIDM00867,AZD6094,0
7267,SIDM01001,AZD6094,0
7268,SIDM01056,AZD6094,0
7269,SIDM01051,AZD6094,0
7270,SIDM01049,AZD6094,0
7271,SIDM01047,AZD6094,0
7272,SIDM01042,AZD6094,0
7273,SIDM00860,AZD6094,0
7274,SIDM01055,AZD6094,0
7275,SIDM01057,AZD6094,0
7276,SIDM00227,AZD6094,0
7277,SIDM01043,AZD6094,0
7278,SIDM01073,AZD6094,0
7279,SIDM00594,AZD6094,0
7280,SIDM00661,AZD6094,0
7281,SIDM00828,AZD6094,0
7282,SIDM01060,AZD6094,0
7283,SIDM01059,AZD6094,0
7284,SIDM01218,AZD6094,0
7285,SIDM01013,AZD6094,0
7286,SIDM01012,AZD6094,0
7287,SIDM01019,AZD6094,0
7288,SIDM00308,AZD6094,0
7289,SIDM01033,AZD6094,0
7290,SIDM01031,AZD6094,0
7291,SIDM01030,AZD6094,0
7292,SIDM01029,AZD6094,0
7293,SIDM01026,AZD6094,0
7294,SIDM00327,AZD6094,0
7295,SIDM00329,AZD6094,0
7296,SIDM00346,AZD6094,0
7297,SIDM00340,AZD6094,0
7298,SIDM00272,AZD6094,0
7299,SIDM00628,AZD6094,0
7300,SIDM00337,AZD6094,0
7301,SIDM00336,AZD6094,0
7302,SIDM00526,AZD6094,0
7303,SIDM00335,AZD6094,0
7304,SIDM00334,AZD6094,0
7305,SIDM00441,AZD6094,0
7306,SIDM00438,AZD6094,0
7307,SIDM01023,AZD6094,0
7308,SIDM00457,AZD6094,0
7309,SIDM00463,AZD6094,0
7310,SIDM00451,AZD6094,0
7311,SIDM00447,AZD6094,0
7312,SIDM01086,AZD6094,0
7313,SIDM00402,AZD6094,0
7314,SIDM00401,AZD6094,0
7315,SIDM01110,AZD6094,0
7316,SIDM00380,AZD6094,0
7317,SIDM01107,AZD6094,0
7318,SIDM00392,AZD6094,0
7319,SIDM01103,AZD6094,0
7320,SIDM00420,AZD6094,0
7321,SIDM00832,AZD6094,0
7322,SIDM01172,AZD6094,0
7323,SIDM01191,AZD6094,0
7324,SIDM00424,AZD6094,0
7325,SIDM00412,AZD6094,0
7326,SIDM00411,AZD6094,0
7327,SIDM00479,AZD6094,0
7328,SIDM00286,AZD6094,0
7329,SIDM00957,AZD6094,0
7330,SIDM00343,AZD6094,0
7331,SIDM00988,AZD6094,0
7332,SIDM01082,AZD6094,0
7333,SIDM00907,AZD6094,0
7334,SIDM00287,AZD6094,0
7335,SIDM00962,AZD6094,0
7336,SIDM00810,AZD6094,0
7337,SIDM00928,AZD6094,0
7338,SIDM00980,AZD6094,0
7339,SIDM00995,AZD6094,0
7340,SIDM00933,AZD6094,0
7341,SIDM00332,AZD6094,0
7342,SIDM00932,AZD6094,0
7343,SIDM01052,AZD6094,0
7344,SIDM00499,AZD6094,0
7345,SIDM00996,AZD6094,0
7346,SIDM00935,AZD6094,0
7347,SIDM01064,AZD6094,0
7348,SIDM00312,AZD6094,0
7349,SIDM00410,AZD6094,0
7350,SIDM00963,AZD6094,0
7351,SIDM00344,AZD6094,0
7352,SIDM00289,AZD6094,0
7353,SIDM00330,AZD6094,0
7354,SIDM00454,AZD6094,0
7355,SIDM01045,AZD6094,0
7356,SIDM01040,AZD6094,0
7357,SIDM01072,AZD6094,0
7358,SIDM01070,AZD6094,0
7359,SIDM01067,AZD6094,0
7360,SIDM01066,AZD6094,0
7361,SIDM00333,AZD6094,0
7362,SIDM00442,AZD6094,0
7363,SIDM00453,AZD6094,0
7364,SIDM00426,AZD6094,0
7365,SIDM00394,AZD6094,0
7366,SIDM00419,AZD6094,0
7367,SIDM00462,AZD6094,0
7368,SIDM00936,AZD6094,0
7369,SIDM00944,AZD6094,0
7370,SIDM00950,AZD6094,0
7371,SIDM01002,AZD6094,0
7372,SIDM01068,AZD6094,0
7373,SIDM01062,AZD6094,0
7374,SIDM00994,AZD6094,0
7375,SIDM00946,AZD6094,0
7376,SIDM01048,AZD6094,0
7377,SIDM00341,AZD6094,0
7378,SIDM00455,AZD6094,0
7379,SIDM01058,AZD6094,0
7380,SIDM01038,AZD6094,0
7381,SIDM01015,AZD6094,0
7382,SIDM01034,AZD6094,0
7383,SIDM00313,AZD6094,0
7384,SIDM00338,AZD6094,0
7385,SIDM00437,AZD6094,0
7386,SIDM00434,AZD6094,0
7387,SIDM00443,AZD6094,0
7388,SIDM00461,AZD6094,0
7389,SIDM00450,AZD6094,0
7390,SIDM00415,AZD6094,0
7391,SIDM00423,AZD6094,0
7392,SIDM00422,AZD6094,0
7393,SIDM00416,AZD6094,0
7394,SIDM00413,AZD6094,0
7395,SIDM00483,AZD6094,0
7396,SIDM01107,AZD4877,0
7397,SIDM00415,AZD4877,0
7398,SIDM00874,AZD1480,0
7399,SIDM01025,AZD1480,0
7400,SIDM00934,AZD1480,0
7401,SIDM00088,AZD1480,0
7402,SIDM00789,AZD1480,0
7403,SIDM00136,AZD1480,0
7404,SIDM00661,AZD1480,0
7405,SIDM01059,AZD1480,0
7406,SIDM01031,AZD1480,0
7407,SIDM00327,AZD1480,0
7408,SIDM00337,AZD1480,0
7409,SIDM00438,AZD1480,0
7410,SIDM00451,AZD1480,0
7411,SIDM00401,AZD1480,0
7412,SIDM01107,AZD1480,0
7413,SIDM01103,AZD1480,0
7414,SIDM00832,AZD1480,0
7415,SIDM00477,AZD1480,0
7416,SIDM01089,AZD1480,0
7417,SIDM00943,AZD1480,0
7418,SIDM00499,AZD1480,0
7419,SIDM00963,AZD1480,0
7420,SIDM01040,AZD1480,0
7421,SIDM01067,AZD1480,0
7422,SIDM01058,AZD1480,0
7423,SIDM01015,AZD1480,0
7424,SIDM00338,AZD1480,0
7425,SIDM00448,AZD1480,0
7426,SIDM00415,AZD1480,0
7427,SIDM00416,AZD1480,0
7428,SIDM01085,AZD8186,0
7429,SIDM00512,AZD8186,0
7430,SIDM00706,AZD8186,0
7431,SIDM01131,AZD8186,0
7432,SIDM01179,AZD8186,0
7433,SIDM00866,AZD8186,0
7434,SIDM00990,AZD8186,0
7435,SIDM00961,AZD8186,0
7436,SIDM00632,AZD8186,0
7437,SIDM01032,AZD8186,0
7438,SIDM01028,AZD8186,0
7439,SIDM01025,AZD8186,0
7440,SIDM01024,AZD8186,0
7441,SIDM00345,AZD8186,0
7442,SIDM01009,AZD8186,0
7443,SIDM00395,AZD8186,0
7444,SIDM00934,AZD8186,0
7445,SIDM00789,AZD8186,0
7446,SIDM00136,AZD8186,0
7447,SIDM00791,AZD8186,0
7448,SIDM00930,AZD8186,0
7449,SIDM00594,AZD8186,0
7450,SIDM00828,AZD8186,0
7451,SIDM01060,AZD8186,0
7452,SIDM01033,AZD8186,0
7453,SIDM01031,AZD8186,0
7454,SIDM00327,AZD8186,0
7455,SIDM00346,AZD8186,0
7456,SIDM00340,AZD8186,0
7457,SIDM00526,AZD8186,0
7458,SIDM00438,AZD8186,0
7459,SIDM00457,AZD8186,0
7460,SIDM00463,AZD8186,0
7461,SIDM00451,AZD8186,0
7462,SIDM01107,AZD8186,0
7463,SIDM00392,AZD8186,0
7464,SIDM01154,AZD8186,0
7465,SIDM00832,AZD8186,0
7466,SIDM00411,AZD8186,0
7467,SIDM01018,AZD8186,0
7468,SIDM00479,AZD8186,0
7469,SIDM00286,AZD8186,0
7470,SIDM00957,AZD8186,0
7471,SIDM00962,AZD8186,0
7472,SIDM00810,AZD8186,0
7473,SIDM00332,AZD8186,0
7474,SIDM00958,AZD8186,0
7475,SIDM00996,AZD8186,0
7476,SIDM00247,AZD8186,0
7477,SIDM00410,AZD8186,0
7478,SIDM00330,AZD8186,0
7479,SIDM01045,AZD8186,0
7480,SIDM01067,AZD8186,0
7481,SIDM00929,AZD8186,0
7482,SIDM01058,AZD8186,0
7483,SIDM01036,AZD8186,0
7484,SIDM01015,AZD8186,0
7485,SIDM00338,AZD8186,0
7486,SIDM00448,AZD8186,0
7487,SIDM00415,AZD8186,0
7488,SIDM01049,SN-38,0
7489,SIDM00706,Cisplatin,0
7490,SIDM00866,Cisplatin,0
7491,SIDM00990,Cisplatin,0
7492,SIDM00953,Cisplatin,0
7493,SIDM00632,Cisplatin,0
7494,SIDM00391,Cisplatin,0
7495,SIDM00136,Cisplatin,0
7496,SIDM00097,Cisplatin,0
7497,SIDM00121,Cisplatin,0
7498,SIDM00087,Cisplatin,0
7499,SIDM00900,Cisplatin,0
7500,SIDM00952,Cisplatin,0
7501,SIDM00886,Cisplatin,0
7502,SIDM00947,Cisplatin,0
7503,SIDM01047,Cisplatin,0
7504,SIDM00671,Cisplatin,0
7505,SIDM00661,Cisplatin,0
7506,SIDM01059,Cisplatin,0
7507,SIDM01013,Cisplatin,0
7508,SIDM01012,Cisplatin,0
7509,SIDM01019,Cisplatin,0
7510,SIDM00308,Cisplatin,0
7511,SIDM01029,Cisplatin,0
7512,SIDM00346,Cisplatin,0
7513,SIDM00340,Cisplatin,0
7514,SIDM00526,Cisplatin,0
7515,SIDM00335,Cisplatin,0
7516,SIDM00438,Cisplatin,0
7517,SIDM01023,Cisplatin,0
7518,SIDM00457,Cisplatin,0
7519,SIDM00451,Cisplatin,0
7520,SIDM00447,Cisplatin,0
7521,SIDM01107,Cisplatin,0
7522,SIDM01154,Cisplatin,0
7523,SIDM00411,Cisplatin,0
7524,SIDM00479,Cisplatin,0
7525,SIDM00957,Cisplatin,0
7526,SIDM00907,Cisplatin,0
7527,SIDM00962,Cisplatin,0
7528,SIDM00810,Cisplatin,0
7529,SIDM00943,Cisplatin,0
7530,SIDM00332,Cisplatin,0
7531,SIDM01052,Cisplatin,0
7532,SIDM00963,Cisplatin,0
7533,SIDM00289,Cisplatin,0
7534,SIDM00330,Cisplatin,0
7535,SIDM00454,Cisplatin,0
7536,SIDM01045,Cisplatin,0
7537,SIDM01040,Cisplatin,0
7538,SIDM00394,Cisplatin,0
7539,SIDM00462,Cisplatin,0
7540,SIDM01002,Cisplatin,0
7541,SIDM01062,Cisplatin,0
7542,SIDM00338,Cisplatin,0
7543,SIDM00437,Cisplatin,0
7544,SIDM00434,Cisplatin,0
7545,SIDM00450,Cisplatin,0
7546,SIDM00448,Cisplatin,0
7547,SIDM01111,AZD4547,0
7548,SIDM00807,AZD4547,0
7549,SIDM00512,AZD4547,0
7550,SIDM00706,AZD4547,0
7551,SIDM01131,AZD4547,0
7552,SIDM01179,AZD4547,0
7553,SIDM01148,AZD4547,0
7554,SIDM00866,AZD4547,0
7555,SIDM00874,AZD4547,0
7556,SIDM00990,AZD4547,0
7557,SIDM00986,AZD4547,0
7558,SIDM00961,AZD4547,0
7559,SIDM00939,AZD4547,0
7560,SIDM00953,AZD4547,0
7561,SIDM00951,AZD4547,0
7562,SIDM00632,AZD4547,0
7563,SIDM01025,AZD4547,0
7564,SIDM01024,AZD4547,0
7565,SIDM00345,AZD4547,0
7566,SIDM00339,AZD4547,0
7567,SIDM00417,AZD4547,0
7568,SIDM01009,AZD4547,0
7569,SIDM00088,AZD4547,0
7570,SIDM00120,AZD4547,0
7571,SIDM00783,AZD4547,0
7572,SIDM00829,AZD4547,0
7573,SIDM00136,AZD4547,0
7574,SIDM00791,AZD4547,0
7575,SIDM00097,AZD4547,0
7576,SIDM00148,AZD4547,0
7577,SIDM00124,AZD4547,0
7578,SIDM00903,AZD4547,0
7579,SIDM00121,AZD4547,0
7580,SIDM00146,AZD4547,0
7581,SIDM00941,AZD4547,0
7582,SIDM00087,AZD4547,0
7583,SIDM00987,AZD4547,0
7584,SIDM00900,AZD4547,0
7585,SIDM00997,AZD4547,0
7586,SIDM00983,AZD4547,0
7587,SIDM00999,AZD4547,0
7588,SIDM00952,AZD4547,0
7589,SIDM00954,AZD4547,0
7590,SIDM00515,AZD4547,0
7591,SIDM00284,AZD4547,0
7592,SIDM00886,AZD4547,0
7593,SIDM00867,AZD4547,0
7594,SIDM00949,AZD4547,0
7595,SIDM00948,AZD4547,0
7596,SIDM00947,AZD4547,0
7597,SIDM01001,AZD4547,0
7598,SIDM01056,AZD4547,0
7599,SIDM01049,AZD4547,0
7600,SIDM01047,AZD4547,0
7601,SIDM01042,AZD4547,0
7602,SIDM01073,AZD4547,0
7603,SIDM00594,AZD4547,0
7604,SIDM00671,AZD4547,0
7605,SIDM00661,AZD4547,0
7606,SIDM01059,AZD4547,0
7607,SIDM01218,AZD4547,0
7608,SIDM01013,AZD4547,0
7609,SIDM01012,AZD4547,0
7610,SIDM01003,AZD4547,0
7611,SIDM01019,AZD4547,0
7612,SIDM00308,AZD4547,0
7613,SIDM01033,AZD4547,0
7614,SIDM01031,AZD4547,0
7615,SIDM01030,AZD4547,0
7616,SIDM01029,AZD4547,0
7617,SIDM01026,AZD4547,0
7618,SIDM00327,AZD4547,0
7619,SIDM00329,AZD4547,0
7620,SIDM00346,AZD4547,0
7621,SIDM00342,AZD4547,0
7622,SIDM00340,AZD4547,0
7623,SIDM00628,AZD4547,0
7624,SIDM00337,AZD4547,0
7625,SIDM00336,AZD4547,0
7626,SIDM00526,AZD4547,0
7627,SIDM00331,AZD4547,0
7628,SIDM00386,AZD4547,0
7629,SIDM00388,AZD4547,0
7630,SIDM00441,AZD4547,0
7631,SIDM00438,AZD4547,0
7632,SIDM00433,AZD4547,0
7633,SIDM00431,AZD4547,0
7634,SIDM00429,AZD4547,0
7635,SIDM00641,AZD4547,0
7636,SIDM00580,AZD4547,0
7637,SIDM00463,AZD4547,0
7638,SIDM00451,AZD4547,0
7639,SIDM00447,AZD4547,0
7640,SIDM00403,AZD4547,0
7641,SIDM01086,AZD4547,0
7642,SIDM00401,AZD4547,0
7643,SIDM01110,AZD4547,0
7644,SIDM00380,AZD4547,0
7645,SIDM01107,AZD4547,0
7646,SIDM00392,AZD4547,0
7647,SIDM01103,AZD4547,0
7648,SIDM01154,AZD4547,0
7649,SIDM00420,AZD4547,0
7650,SIDM00832,AZD4547,0
7651,SIDM01172,AZD4547,0
7652,SIDM01191,AZD4547,0
7653,SIDM00424,AZD4547,0
7654,SIDM00412,AZD4547,0
7655,SIDM00411,AZD4547,0
7656,SIDM01018,AZD4547,0
7657,SIDM00479,AZD4547,0
7658,SIDM00477,AZD4547,0
7659,SIDM00286,AZD4547,0
7660,SIDM00957,AZD4547,0
7661,SIDM00343,AZD4547,0
7662,SIDM00988,AZD4547,0
7663,SIDM01082,AZD4547,0
7664,SIDM00907,AZD4547,0
7665,SIDM00287,AZD4547,0
7666,SIDM00985,AZD4547,0
7667,SIDM00962,AZD4547,0
7668,SIDM00928,AZD4547,0
7669,SIDM01089,AZD4547,0
7670,SIDM00943,AZD4547,0
7671,SIDM00937,AZD4547,0
7672,SIDM00896,AZD4547,0
7673,SIDM00980,AZD4547,0
7674,SIDM00995,AZD4547,0
7675,SIDM00933,AZD4547,0
7676,SIDM00446,AZD4547,0
7677,SIDM00958,AZD4547,0
7678,SIDM00932,AZD4547,0
7679,SIDM01052,AZD4547,0
7680,SIDM00499,AZD4547,0
7681,SIDM00935,AZD4547,0
7682,SIDM01064,AZD4547,0
7683,SIDM00312,AZD4547,0
7684,SIDM00247,AZD4547,0
7685,SIDM00410,AZD4547,0
7686,SIDM00963,AZD4547,0
7687,SIDM00344,AZD4547,0
7688,SIDM00289,AZD4547,0
7689,SIDM00330,AZD4547,0
7690,SIDM01045,AZD4547,0
7691,SIDM01040,AZD4547,0
7692,SIDM01072,AZD4547,0
7693,SIDM01070,AZD4547,0
7694,SIDM01069,AZD4547,0
7695,SIDM01067,AZD4547,0
7696,SIDM01066,AZD4547,0
7697,SIDM00333,AZD4547,0
7698,SIDM00453,AZD4547,0
7699,SIDM00394,AZD4547,0
7700,SIDM00419,AZD4547,0
7701,SIDM00462,AZD4547,0
7702,SIDM00944,AZD4547,0
7703,SIDM00950,AZD4547,0
7704,SIDM01002,AZD4547,0
7705,SIDM01068,AZD4547,0
7706,SIDM01062,AZD4547,0
7707,SIDM00994,AZD4547,0
7708,SIDM00993,AZD4547,0
7709,SIDM00946,AZD4547,0
7710,SIDM01048,AZD4547,0
7711,SIDM00341,AZD4547,0
7712,SIDM00455,AZD4547,0
7713,SIDM00428,AZD4547,0
7714,SIDM01038,AZD4547,0
7715,SIDM01036,AZD4547,0
7716,SIDM01015,AZD4547,0
7717,SIDM01004,AZD4547,0
7718,SIDM01034,AZD4547,0
7719,SIDM00313,AZD4547,0
7720,SIDM00338,AZD4547,0
7721,SIDM00434,AZD4547,0
7722,SIDM00443,AZD4547,0
7723,SIDM00461,AZD4547,0
7724,SIDM00460,AZD4547,0
7725,SIDM00458,AZD4547,0
7726,SIDM00450,AZD4547,0
7727,SIDM00449,AZD4547,0
7728,SIDM00448,AZD4547,0
7729,SIDM00415,AZD4547,0
7730,SIDM00389,AZD4547,0
7731,SIDM00404,AZD4547,0
7732,SIDM00405,AZD4547,0
7733,SIDM00406,AZD4547,0
7734,SIDM00407,AZD4547,0
7735,SIDM00423,AZD4547,0
7736,SIDM00422,AZD4547,0
7737,SIDM00421,AZD4547,0
7738,SIDM00413,AZD4547,0
7739,SIDM00483,AZD4547,0
7740,SIDM00706,Selumetinib,0
7741,SIDM00953,Selumetinib,0
7742,SIDM00391,Selumetinib,0
7743,SIDM01056,Selumetinib,0
7744,SIDM00272,Selumetinib,0
7745,SIDM00335,Selumetinib,0
7746,SIDM00438,Selumetinib,0
7747,SIDM00832,Selumetinib,0
7748,SIDM00286,Selumetinib,0
7749,SIDM00332,Selumetinib,0
7750,SIDM01045,Selumetinib,0
7751,SIDM01002,Selumetinib,0
7752,SIDM00415,Selumetinib,0
7753,SIDM01085,Pictilisib,0
7754,SIDM00338,Pictilisib,0
7755,SIDM00415,Pictilisib,0
7756,SIDM01131,Pevonedistat,0
7757,SIDM01148,Pevonedistat,0
7758,SIDM00866,Pevonedistat,0
7759,SIDM00990,Pevonedistat,0
7760,SIDM01025,Pevonedistat,0
7761,SIDM01024,Pevonedistat,0
7762,SIDM00417,Pevonedistat,0
7763,SIDM00791,Pevonedistat,0
7764,SIDM00097,Pevonedistat,0
7765,SIDM00941,Pevonedistat,0
7766,SIDM00997,Pevonedistat,0
7767,SIDM00886,Pevonedistat,0
7768,SIDM00948,Pevonedistat,0
7769,SIDM00947,Pevonedistat,0
7770,SIDM01056,Pevonedistat,0
7771,SIDM01051,Pevonedistat,0
7772,SIDM01049,Pevonedistat,0
7773,SIDM00671,Pevonedistat,0
7774,SIDM00661,Pevonedistat,0
7775,SIDM00346,Pevonedistat,0
7776,SIDM00340,Pevonedistat,0
7777,SIDM00637,Pevonedistat,0
7778,SIDM00331,Pevonedistat,0
7779,SIDM00457,Pevonedistat,0
7780,SIDM00451,Pevonedistat,0
7781,SIDM01107,Pevonedistat,0
7782,SIDM00424,Pevonedistat,0
7783,SIDM01018,Pevonedistat,0
7784,SIDM00479,Pevonedistat,0
7785,SIDM00477,Pevonedistat,0
7786,SIDM00957,Pevonedistat,0
7787,SIDM00343,Pevonedistat,0
7788,SIDM01082,Pevonedistat,0
7789,SIDM00287,Pevonedistat,0
7790,SIDM01089,Pevonedistat,0
7791,SIDM00943,Pevonedistat,0
7792,SIDM01052,Pevonedistat,0
7793,SIDM00289,Pevonedistat,0
7794,SIDM00330,Pevonedistat,0
7795,SIDM00454,Pevonedistat,0
7796,SIDM01040,Pevonedistat,0
7797,SIDM01070,Pevonedistat,0
7798,SIDM01067,Pevonedistat,0
7799,SIDM00333,Pevonedistat,0
7800,SIDM00442,Pevonedistat,0
7801,SIDM01002,Pevonedistat,0
7802,SIDM01062,Pevonedistat,0
7803,SIDM01048,Pevonedistat,0
7804,SIDM01038,Pevonedistat,0
7805,SIDM00338,Pevonedistat,0
7806,SIDM00460,Pevonedistat,0
7807,SIDM00448,Pevonedistat,0
7808,SIDM00415,Pevonedistat,0
