id,cell_lines,drug,label
0,SIDM00227,(5Z)-7-Oxozeaenol,1
1,SIDM00124,(5Z)-7-Oxozeaenol,1
2,SIDM00308,(5Z)-7-Oxozeaenol,1
3,SIDM00479,(5Z)-7-Oxozeaenol,1
4,SIDM00148,(5Z)-7-Oxozeaenol,1
5,SIDM00829,(5Z)-7-Oxozeaenol,1
6,SIDM00944,(5Z)-7-Oxozeaenol,1
7,SIDM01033,(5Z)-7-Oxozeaenol,1
8,SIDM00933,(5Z)-7-Oxozeaenol,1
9,SIDM00441,(5Z)-7-Oxozeaenol,1
10,SIDM00903,(5Z)-7-Oxozeaenol,1
11,SIDM00810,(5Z)-7-Oxozeaenol,1
12,SIDM00407,(5Z)-7-Oxozeaenol,1
13,SIDM00405,(5Z)-7-Oxozeaenol,1
14,SIDM00338,(5Z)-7-Oxozeaenol,1
15,SIDM00985,(5Z)-7-Oxozeaenol,1
16,SIDM00380,(5Z)-7-Oxozeaenol,1
17,SIDM00832,(5Z)-7-Oxozeaenol,1
18,SIDM01068,(5Z)-7-Oxozeaenol,1
19,SIDM00388,(5Z)-7-Oxozeaenol,1
20,SIDM01082,(5Z)-7-Oxozeaenol,1
21,SIDM00415,(5Z)-7-Oxozeaenol,1
22,SIDM00462,(5Z)-7-Oxozeaenol,1
23,SIDM00284,(5Z)-7-Oxozeaenol,1
24,SIDM00448,(5Z)-7-Oxozeaenol,1
25,SIDM01009,(5Z)-7-Oxozeaenol,1
26,SIDM00982,(5Z)-7-Oxozeaenol,1
27,SIDM00867,(5Z)-7-Oxozeaenol,1
28,SIDM00886,(5Z)-7-Oxozeaenol,1
29,SIDM00907,(5Z)-7-Oxozeaenol,1
30,SIDM01089,(5Z)-7-Oxozeaenol,1
31,SIDM00932,(5Z)-7-Oxozeaenol,1
32,SIDM00121,(5Z)-7-Oxozeaenol,1
33,SIDM00994,(5Z)-7-Oxozeaenol,1
34,SIDM00330,(5Z)-7-Oxozeaenol,1
35,SIDM01131,(5Z)-7-Oxozeaenol,1
36,SIDM00412,(5Z)-7-Oxozeaenol,1
37,SIDM00953,(5Z)-7-Oxozeaenol,1
38,SIDM00404,(5Z)-7-Oxozeaenol,1
39,SIDM00437,(5Z)-7-Oxozeaenol,1
40,SIDM00948,(5Z)-7-Oxozeaenol,1
41,SIDM00097,(5Z)-7-Oxozeaenol,1
42,SIDM00345,(5Z)-7-Oxozeaenol,1
43,SIDM00987,(5Z)-7-Oxozeaenol,1
44,SIDM01049,(5Z)-7-Oxozeaenol,1
45,SIDM01056,(5Z)-7-Oxozeaenol,1
46,SIDM00791,(5Z)-7-Oxozeaenol,1
47,SIDM00952,(5Z)-7-Oxozeaenol,1
48,SIDM00422,(5Z)-7-Oxozeaenol,1
49,SIDM01086,(5Z)-7-Oxozeaenol,1
50,SIDM00980,(5Z)-7-Oxozeaenol,1
51,SIDM01001,(5Z)-7-Oxozeaenol,1
52,SIDM00961,(5Z)-7-Oxozeaenol,1
53,SIDM00394,(5Z)-7-Oxozeaenol,1
54,SIDM01072,(5Z)-7-Oxozeaenol,1
55,SIDM00512,(5Z)-7-Oxozeaenol,1
56,SIDM00866,(5Z)-7-Oxozeaenol,1
57,SIDM01040,(5Z)-7-Oxozeaenol,1
58,SIDM01148,(5Z)-7-Oxozeaenol,1
59,SIDM01110,(5Z)-7-Oxozeaenol,1
60,SIDM00515,(5Z)-7-Oxozeaenol,1
61,SIDM00997,(5Z)-7-Oxozeaenol,1
62,SIDM00929,5-Fluorouracil,1
63,SIDM01027,5-Fluorouracil,1
64,SIDM00339,5-Fluorouracil,1
65,SIDM00829,5-Fluorouracil,1
66,SIDM00661,5-Fluorouracil,1
67,SIDM00867,5-Fluorouracil,1
68,SIDM01218,5-Fluorouracil,1
69,SIDM00335,5-Fluorouracil,1
70,SIDM00463,5-Fluorouracil,1
71,SIDM00285,5-Fluorouracil,1
72,SIDM00461,5-Fluorouracil,1
73,SIDM00344,5-Fluorouracil,1
74,SIDM00386,5-Fluorouracil,1
75,SIDM00996,5-Fluorouracil,1
76,SIDM00988,5-Fluorouracil,1
77,SIDM01009,5-Fluorouracil,1
78,SIDM00479,5-Fluorouracil,1
79,SIDM00937,5-Fluorouracil,1
80,SIDM00594,5-Fluorouracil,1
81,SIDM01082,5-Fluorouracil,1
82,SIDM01172,5-Fluorouracil,1
83,SIDM00313,5-Fluorouracil,1
84,SIDM00341,5-Fluorouracil,1
85,SIDM01047,5-Fluorouracil,1
86,SIDM00387,5-Fluorouracil,1
87,SIDM00447,5-Fluorouracil,1
88,SIDM00396,5-Fluorouracil,1
89,SIDM01015,5-Fluorouracil,1
90,SIDM01060,5-Fluorouracil,1
91,SIDM01024,5-Fluorouracil,1
92,SIDM00124,5-Fluorouracil,1
93,SIDM00628,5-Fluorouracil,1
94,SIDM00458,5-Fluorouracil,1
95,SIDM01052,5-Fluorouracil,1
96,SIDM01057,5-Fluorouracil,1
97,SIDM00938,5-Fluorouracil,1
98,SIDM00990,5-Fluorouracil,1
99,SIDM00982,5-Fluorouracil,1
100,SIDM00088,5-Fluorouracil,1
101,SIDM00272,5-Fluorouracil,1
102,SIDM01034,5-Fluorouracil,1
103,SIDM00946,5-Fluorouracil,1
104,SIDM01179,5-Fluorouracil,1
105,SIDM01131,5-Fluorouracil,1
106,SIDM00441,5-Fluorouracil,1
107,SIDM00391,5-Fluorouracil,1
108,SIDM01154,5-Fluorouracil,1
109,SIDM00457,5-Fluorouracil,1
110,SIDM01087,5-Fluorouracil,1
111,SIDM01085,5-Fluorouracil,1
112,SIDM00327,5-Fluorouracil,1
113,SIDM01176,5-Fluorouracil,1
114,SIDM00330,5-Fluorouracil,1
115,SIDM00785,5-Fluorouracil,1
116,SIDM01058,5-Fluorouracil,1
117,SIDM00900,5-Fluorouracil,1
118,SIDM01023,5-Fluorouracil,1
119,SIDM00962,A-443654,1
120,SIDM00312,A-443654,1
121,SIDM00671,A-443654,1
122,SIDM00946,A-443654,1
123,SIDM00877,A-443654,1
124,SIDM00429,A-443654,1
125,SIDM00661,A-443654,1
126,SIDM00438,A-443654,1
127,SIDM00403,A-443654,1
128,SIDM00332,A-443654,1
129,SIDM00431,A-443654,1
130,SIDM00886,A-443654,1
131,SIDM00417,A-443654,1
132,SIDM00949,A-443654,1
133,SIDM00641,A-443654,1
134,SIDM01047,A-443654,1
135,SIDM00413,A-443654,1
136,SIDM00415,A-443654,1
137,SIDM00330,A-443654,1
138,SIDM00900,A-443654,1
139,SIDM00308,A-443654,1
140,SIDM00994,A-443654,1
141,SIDM01071,A-443654,1
142,SIDM00985,A-443654,1
143,SIDM01048,A-443654,1
144,SIDM00896,A-443654,1
145,SIDM00829,A-443654,1
146,SIDM00413,A-770041,1
147,SIDM01036,A-770041,1
148,SIDM00661,A-770041,1
149,SIDM00429,A-770041,1
150,SIDM00391,A-770041,1
151,SIDM00327,A-770041,1
152,SIDM00312,A-770041,1
153,SIDM00287,A-770041,1
154,SIDM01004,A-770041,1
155,SIDM00907,A-770041,1
156,SIDM00396,A-770041,1
157,SIDM00424,A-770041,1
158,SIDM00462,A-770041,1
159,SIDM00286,A-770041,1
160,SIDM01058,A-770041,1
161,SIDM01003,A-770041,1
162,SIDM00338,A-770041,1
163,SIDM00641,A-770041,1
164,SIDM00417,A-770041,1
165,SIDM00433,A-770041,1
166,SIDM01111,A-770041,1
167,SIDM01001,A-770041,1
168,SIDM00981,A-770041,1
169,SIDM01172,A-770041,1
170,SIDM00087,A-770041,1
171,SIDM01086,A-770041,1
172,SIDM00438,A-770041,1
173,SIDM00121,A-770041,1
174,SIDM00419,A-770041,1
175,SIDM00458,A-770041,1
176,SIDM00993,A-770041,1
177,SIDM00515,A-770041,1
178,SIDM00388,A-770041,1
179,SIDM00146,A-83-01,1
180,SIDM01036,A-83-01,1
181,SIDM00392,A-83-01,1
182,SIDM00421,A-83-01,1
183,SIDM00441,A-83-01,1
184,SIDM00935,A-83-01,1
185,SIDM00455,A-83-01,1
186,SIDM01012,A-83-01,1
187,SIDM01176,A-83-01,1
188,SIDM01034,A-83-01,1
189,SIDM00886,A-83-01,1
190,SIDM00410,A-83-01,1
191,SIDM01019,A-83-01,1
192,SIDM00422,A-83-01,1
193,SIDM00429,A-83-01,1
194,SIDM00961,A-83-01,1
195,SIDM01103,A-83-01,1
196,SIDM00931,A-83-01,1
197,SIDM00867,A-83-01,1
198,SIDM00928,A-83-01,1
199,SIDM00340,A-83-01,1
200,SIDM00336,A-83-01,1
201,SIDM01073,A-83-01,1
202,SIDM00957,A-83-01,1
203,SIDM00994,A-83-01,1
204,SIDM00927,A-83-01,1
205,SIDM00284,A-83-01,1
206,SIDM00449,A-83-01,1
207,SIDM00463,A-83-01,1
208,SIDM01048,A-83-01,1
209,SIDM01042,A-83-01,1
210,SIDM00988,A-83-01,1
211,SIDM00580,A-83-01,1
212,SIDM00953,A-83-01,1
213,SIDM01024,A-83-01,1
214,SIDM00419,A-83-01,1
215,SIDM00990,A-83-01,1
216,SIDM00798,A-83-01,1
217,SIDM00628,A-83-01,1
218,SIDM01052,A-83-01,1
219,SIDM00227,A-83-01,1
220,SIDM00900,A-83-01,1
221,SIDM00460,A-83-01,1
222,SIDM00789,A-83-01,1
223,SIDM00594,A-83-01,1
224,SIDM01031,A-83-01,1
225,SIDM01029,A-83-01,1
226,SIDM00335,A-83-01,1
227,SIDM00962,A-83-01,1
228,SIDM00391,A-83-01,1
229,SIDM00406,A-83-01,1
230,SIDM01018,A-83-01,1
231,SIDM01131,A-83-01,1
232,SIDM01062,A-83-01,1
233,SIDM01013,ACY-1215,1
234,SIDM00907,ACY-1215,1
235,SIDM00389,ACY-1215,1
236,SIDM00411,ACY-1215,1
237,SIDM01087,ACY-1215,1
238,SIDM00421,ACY-1215,1
239,SIDM01131,ACY-1215,1
240,SIDM01030,ACY-1215,1
241,SIDM00339,ACY-1215,1
242,SIDM00985,ACY-1215,1
243,SIDM01048,ACY-1215,1
244,SIDM00335,ACY-1215,1
245,SIDM00329,ACY-1215,1
246,SIDM00479,ACY-1215,1
247,SIDM01218,ACY-1215,1
248,SIDM00441,ACY-1215,1
249,SIDM00433,ACY-1215,1
250,SIDM00995,ACY-1215,1
251,SIDM00227,ACY-1215,1
252,SIDM01001,ACY-1215,1
253,SIDM00327,ACY-1215,1
254,SIDM00706,ACY-1215,1
255,SIDM00285,ACY-1215,1
256,SIDM00462,ACY-1215,1
257,SIDM00942,ACY-1215,1
258,SIDM00927,ACY-1215,1
259,SIDM00402,ACY-1215,1
260,SIDM00097,ACY-1215,1
261,SIDM01059,ACY-1215,1
262,SIDM00394,ACY-1215,1
263,SIDM00828,ACY-1215,1
264,SIDM01027,ACY-1215,1
265,SIDM01060,ACY-1215,1
266,SIDM00454,ACY-1215,1
267,SIDM00145,ACY-1215,1
268,SIDM01103,ACY-1215,1
269,SIDM00807,ACY-1215,1
270,SIDM00343,ACY-1215,1
271,SIDM00340,ACY-1215,1
272,SIDM00148,ACY-1215,1
273,SIDM00867,ACY-1215,1
274,SIDM00789,ACY-1215,1
275,SIDM00387,ACY-1215,1
276,SIDM00657,ACY-1215,1
277,SIDM00423,ACY-1215,1
278,SIDM00412,ACY-1215,1
279,SIDM00798,ACY-1215,1
280,SIDM01111,ACY-1215,1
281,SIDM01042,ACY-1215,1
282,SIDM01051,ACY-1215,1
283,SIDM00896,ACY-1215,1
284,SIDM00413,ACY-1215,1
285,SIDM00594,ACY-1215,1
286,SIDM00287,ACY-1215,1
287,SIDM00930,ACY-1215,1
288,SIDM00415,ACY-1215,1
289,SIDM01089,AGI-6780,1
290,SIDM00958,AGI-6780,1
291,SIDM00405,AGI-6780,1
292,SIDM00447,AGI-6780,1
293,SIDM00706,AGI-6780,1
294,SIDM00342,AGI-6780,1
295,SIDM00313,AGI-6780,1
296,SIDM00433,AGI-6780,1
297,SIDM01076,AGI-6780,1
298,SIDM00458,AGI-6780,1
299,SIDM00447,AICA Ribonucleotide,1
300,SIDM00406,AICA Ribonucleotide,1
301,SIDM00952,AICA Ribonucleotide,1
302,SIDM00345,AICA Ribonucleotide,1
303,SIDM00340,AICA Ribonucleotide,1
304,SIDM01131,AICA Ribonucleotide,1
305,SIDM00810,AICA Ribonucleotide,1
306,SIDM00391,AICA Ribonucleotide,1
307,SIDM00928,AICA Ribonucleotide,1
308,SIDM00785,AICA Ribonucleotide,1
309,SIDM00339,AICA Ribonucleotide,1
310,SIDM00949,AICA Ribonucleotide,1
311,SIDM00982,AICA Ribonucleotide,1
312,SIDM00985,AICA Ribonucleotide,1
313,SIDM01072,AICA Ribonucleotide,1
314,SIDM01018,AICA Ribonucleotide,1
315,SIDM01076,AICA Ribonucleotide,1
316,SIDM00455,AICA Ribonucleotide,1
317,SIDM01056,AICA Ribonucleotide,1
318,SIDM00420,AICA Ribonucleotide,1
319,SIDM01082,AICA Ribonucleotide,1
320,SIDM00996,AICA Ribonucleotide,1
321,SIDM00333,AICA Ribonucleotide,1
322,SIDM00431,AICA Ribonucleotide,1
323,SIDM01066,AICA Ribonucleotide,1
324,SIDM00931,AICA Ribonucleotide,1
325,SIDM01049,AICA Ribonucleotide,1
326,SIDM01001,AICA Ribonucleotide,1
327,SIDM00706,AICA Ribonucleotide,1
328,SIDM00989,AICA Ribonucleotide,1
329,SIDM00963,AICA Ribonucleotide,1
330,SIDM01055,AICA Ribonucleotide,1
331,SIDM01087,AICA Ribonucleotide,1
332,SIDM00146,AICA Ribonucleotide,1
333,SIDM00499,AICA Ribonucleotide,1
334,SIDM00434,AICA Ribonucleotide,1
335,SIDM01028,AICA Ribonucleotide,1
336,SIDM01191,AICA Ribonucleotide,1
337,SIDM00981,AICA Ribonucleotide,1
338,SIDM01060,AICA Ribonucleotide,1
339,SIDM01020,AICA Ribonucleotide,1
340,SIDM00939,AICA Ribonucleotide,1
341,SIDM00932,AICA Ribonucleotide,1
342,SIDM01059,AICA Ribonucleotide,1
343,SIDM00993,AICA Ribonucleotide,1
344,SIDM01047,AICA Ribonucleotide,1
345,SIDM00807,AICA Ribonucleotide,1
346,SIDM01107,AICA Ribonucleotide,1
347,SIDM00380,AICA Ribonucleotide,1
348,SIDM00097,AICA Ribonucleotide,1
349,SIDM01012,AICA Ribonucleotide,1
350,SIDM00980,AICA Ribonucleotide,1
351,SIDM01025,AICA Ribonucleotide,1
352,SIDM00477,AICA Ribonucleotide,1
353,SIDM01064,AKT inhibitor VIII,1
354,SIDM01002,AKT inhibitor VIII,1
355,SIDM00416,AKT inhibitor VIII,1
356,SIDM00980,AKT inhibitor VIII,1
357,SIDM00285,AKT inhibitor VIII,1
358,SIDM00791,AKT inhibitor VIII,1
359,SIDM00330,AKT inhibitor VIII,1
360,SIDM01024,AKT inhibitor VIII,1
361,SIDM00942,AKT inhibitor VIII,1
362,SIDM00946,AKT inhibitor VIII,1
363,SIDM00088,AKT inhibitor VIII,1
364,SIDM00329,AKT inhibitor VIII,1
365,SIDM00637,AKT inhibitor VIII,1
366,SIDM00963,AKT inhibitor VIII,1
367,SIDM00443,AKT inhibitor VIII,1
368,SIDM00345,AKT inhibitor VIII,1
369,SIDM00443,AKT inhibitor VIII,1
370,SIDM00434,AKT inhibitor VIII,1
371,SIDM00671,AKT inhibitor VIII,1
372,SIDM00453,AKT inhibitor VIII,1
373,SIDM00947,AKT inhibitor VIII,1
374,SIDM00828,AKT inhibitor VIII,1
375,SIDM00087,AKT inhibitor VIII,1
376,SIDM01015,AKT inhibitor VIII,1
377,SIDM00939,AKT inhibitor VIII,1
378,SIDM00994,AKT inhibitor VIII,1
379,SIDM01012,AKT inhibitor VIII,1
380,SIDM00964,AKT inhibitor VIII,1
381,SIDM00148,AKT inhibitor VIII,1
382,SIDM01051,AKT inhibitor VIII,1
383,SIDM00429,AKT inhibitor VIII,1
384,SIDM00996,AKT inhibitor VIII,1
385,SIDM00936,AKT inhibitor VIII,1
386,SIDM00994,AKT inhibitor VIII,1
387,SIDM01031,AKT inhibitor VIII,1
388,SIDM01057,AKT inhibitor VIII,1
389,SIDM00394,AKT inhibitor VIII,1
390,SIDM01025,AKT inhibitor VIII,1
391,SIDM00941,AKT inhibitor VIII,1
392,SIDM01060,AKT inhibitor VIII,1
393,SIDM00458,AKT inhibitor VIII,1
394,SIDM00982,AKT inhibitor VIII,1
395,SIDM00423,AKT inhibitor VIII,1
396,SIDM01086,AKT inhibitor VIII,1
397,SIDM00405,AKT inhibitor VIII,1
398,SIDM01082,AKT inhibitor VIII,1
399,SIDM01103,AKT inhibitor VIII,1
400,SIDM00460,AKT inhibitor VIII,1
401,SIDM00420,AKT inhibitor VIII,1
402,SIDM00661,AKT inhibitor VIII,1
403,SIDM00990,AKT inhibitor VIII,1
404,SIDM00943,AKT inhibitor VIII,1
405,SIDM00900,AKT inhibitor VIII,1
406,SIDM00948,AKT inhibitor VIII,1
407,SIDM00951,AKT inhibitor VIII,1
408,SIDM00120,AKT inhibitor VIII,1
409,SIDM00327,AKT inhibitor VIII,1
410,SIDM00907,AKT inhibitor VIII,1
411,SIDM00932,AKT inhibitor VIII,1
412,SIDM01056,AKT inhibitor VIII,1
413,SIDM00450,AKT inhibitor VIII,1
414,SIDM00272,AKT inhibitor VIII,1
415,SIDM00783,AKT inhibitor VIII,1
416,SIDM00942,AKT inhibitor VIII,1
417,SIDM00457,AKT inhibitor VIII,1
418,SIDM00980,AKT inhibitor VIII,1
419,SIDM01020,AKT inhibitor VIII,1
420,SIDM00391,AKT inhibitor VIII,1
421,SIDM01032,AKT inhibitor VIII,1
422,SIDM01034,AKT inhibitor VIII,1
423,SIDM01087,AKT inhibitor VIII,1
424,SIDM00284,AKT inhibitor VIII,1
425,SIDM01042,AKT inhibitor VIII,1
426,SIDM00145,AKT inhibitor VIII,1
427,SIDM00402,AKT inhibitor VIII,1
428,SIDM01027,AKT inhibitor VIII,1
429,SIDM01071,AKT inhibitor VIII,1
430,SIDM01001,AKT inhibitor VIII,1
431,SIDM00395,AKT inhibitor VIII,1
432,SIDM00412,AKT inhibitor VIII,1
433,SIDM00388,AKT inhibitor VIII,1
434,SIDM00954,AKT inhibitor VIII,1
435,SIDM00340,AKT inhibitor VIII,1
436,SIDM00402,AKT inhibitor VIII,1
437,SIDM01019,AKT inhibitor VIII,1
438,SIDM00934,AR-42,1
439,SIDM01032,AR-42,1
440,SIDM00446,AR-42,1
441,SIDM00706,AR-42,1
442,SIDM00420,AR-42,1
443,SIDM00412,AR-42,1
444,SIDM01004,AR-42,1
445,SIDM00947,AR-42,1
446,SIDM00886,AR-42,1
447,SIDM00396,AR-42,1
448,SIDM00413,AR-42,1
449,SIDM00951,AR-42,1
450,SIDM00453,AR-42,1
451,SIDM00810,AR-42,1
452,SIDM00932,AR-42,1
453,SIDM00346,AR-42,1
454,SIDM00406,AR-42,1
455,SIDM00345,AR-42,1
456,SIDM01033,AR-42,1
457,SIDM00438,AR-42,1
458,SIDM00391,AR-42,1
459,SIDM00450,AR-42,1
460,SIDM00343,AR-42,1
461,SIDM00461,AR-42,1
462,SIDM00419,AR-42,1
463,SIDM00874,AR-42,1
464,SIDM00515,AR-42,1
465,SIDM00422,AR-42,1
466,SIDM00388,AR-42,1
467,SIDM00329,AR-42,1
468,SIDM00136,AR-42,1
469,SIDM00448,AR-42,1
470,SIDM00416,AR-42,1
471,SIDM01107,AR-42,1
472,SIDM00512,AR-42,1
473,SIDM00390,AR-42,1
474,SIDM00783,AR-42,1
475,SIDM00424,AR-42,1
476,SIDM00982,AR-42,1
477,SIDM00499,AR-42,1
478,SIDM00931,AR-42,1
479,SIDM00339,AR-42,1
480,SIDM01073,AR-42,1
481,SIDM00423,AR-42,1
482,SIDM00337,AR-42,1
483,SIDM01001,AR-42,1
484,SIDM01131,AR-42,1
485,SIDM00247,AR-42,1
486,SIDM00935,AR-42,1
487,SIDM00441,AR-42,1
488,SIDM00462,AR-42,1
489,SIDM01040,AR-42,1
490,SIDM00433,AR-42,1
491,SIDM00941,AR-42,1
492,SIDM01025,AR-42,1
493,SIDM00949,ARRY-520,1
494,SIDM00950,ARRY-520,1
495,SIDM00148,ARRY-520,1
496,SIDM00458,ARRY-520,1
497,SIDM00946,ARRY-520,1
498,SIDM00987,ARRY-520,1
499,SIDM00332,ARRY-520,1
500,SIDM00120,ARRY-520,1
501,SIDM00431,ARRY-520,1
502,SIDM00785,ARRY-520,1
503,SIDM00499,ARRY-520,1
504,SIDM00334,ARRY-520,1
505,SIDM00929,ARRY-520,1
506,SIDM00402,ARRY-520,1
507,SIDM01018,ARRY-520,1
508,SIDM00146,ARRY-520,1
509,SIDM00935,ARRY-520,1
510,SIDM01087,ARRY-520,1
511,SIDM00940,ARRY-520,1
512,SIDM01179,ARRY-520,1
513,SIDM00446,ARRY-520,1
514,SIDM00417,ARRY-520,1
515,SIDM00810,ARRY-520,1
516,SIDM00412,ARRY-520,1
517,SIDM00455,ARRY-520,1
518,SIDM00339,ARRY-520,1
519,SIDM01064,ARRY-520,1
520,SIDM00404,ARRY-520,1
521,SIDM00942,ARRY-520,1
522,SIDM01067,ARRY-520,1
523,SIDM00395,ARRY-520,1
524,SIDM01058,ARRY-520,1
525,SIDM00413,ARRY-520,1
526,SIDM00671,ARRY-520,1
527,SIDM01172,ARRY-520,1
528,SIDM00429,ARRY-520,1
529,SIDM00963,ARRY-520,1
530,SIDM00394,ARRY-520,1
531,SIDM01009,ARRY-520,1
532,SIDM01072,ARRY-520,1
533,SIDM00419,ARRY-520,1
534,SIDM01056,ARRY-520,1
535,SIDM00958,ARRY-520,1
536,SIDM00953,ARRY-520,1
537,SIDM00896,ARRY-520,1
538,SIDM00990,ARRY-520,1
539,SIDM00632,ARRY-520,1
540,SIDM00877,ARRY-520,1
541,SIDM00981,ARRY-520,1
542,SIDM01068,ARRY-520,1
543,SIDM00941,ARRY-520,1
544,SIDM01055,ARRY-520,1
545,SIDM00986,ARRY-520,1
546,SIDM01110,ARRY-520,1
547,SIDM00448,ARRY-520,1
548,SIDM00335,ARRY-520,1
549,SIDM00424,ARRY-520,1
550,SIDM00434,ARRY-520,1
551,SIDM00810,AS601245,1
552,SIDM00828,AS601245,1
553,SIDM00637,AS601245,1
554,SIDM00962,AS601245,1
555,SIDM00284,AS601245,1
556,SIDM00426,AS601245,1
557,SIDM00335,AS601245,1
558,SIDM01248,AS601245,1
559,SIDM00877,AS601245,1
560,SIDM00997,AS601245,1
561,SIDM00453,AS601245,1
562,SIDM00954,AS601245,1
563,SIDM00392,AS601245,1
564,SIDM00424,AS601245,1
565,SIDM00657,AS601245,1
566,SIDM00121,AS601245,1
567,SIDM00963,AS601245,1
568,SIDM00951,AS601245,1
569,SIDM00403,AS601245,1
570,SIDM00988,AS601245,1
571,SIDM00980,AS601245,1
572,SIDM00312,AS601245,1
573,SIDM00272,AS601245,1
574,SIDM00411,AS601245,1
575,SIDM00939,AS601245,1
576,SIDM01191,AS601245,1
577,SIDM00334,AS601245,1
578,SIDM01131,AS601245,1
579,SIDM01057,AS601245,1
580,SIDM00990,AS601245,1
581,SIDM00936,AS601245,1
582,SIDM00146,AS601245,1
583,SIDM00390,AS601245,1
584,SIDM00340,AS601245,1
585,SIDM00932,AS601245,1
586,SIDM00938,AS601245,1
587,SIDM01002,AS601245,1
588,SIDM00860,AS601245,1
589,SIDM01029,AS601245,1
590,SIDM00993,AS601245,1
591,SIDM00957,AS601245,1
592,SIDM01087,AS601245,1
593,SIDM01179,AS601245,1
594,SIDM01034,AS601245,1
595,SIDM00895,AS601245,1
596,SIDM00416,AS601245,1
597,SIDM00401,AS601245,1
598,SIDM00455,AS601245,1
599,SIDM00346,AS601245,1
600,SIDM01032,AS601245,1
601,SIDM00120,AS601245,1
602,SIDM00942,AS601245,1
603,SIDM00463,AS601245,1
604,SIDM00446,AS601245,1
605,SIDM00632,AS601245,1
606,SIDM00867,AS601245,1
607,SIDM00405,AS601245,1
608,SIDM00477,AS601245,1
609,SIDM01004,AS601245,1
610,SIDM00387,AS601245,1
611,SIDM01071,AS601245,1
612,SIDM00345,AS601245,1
613,SIDM00388,AS601245,1
614,SIDM01066,AS601245,1
615,SIDM00462,AS601245,1
616,SIDM00928,AS601245,1
617,SIDM01060,AS605240,1
618,SIDM01048,AS605240,1
619,SIDM01026,AS605240,1
620,SIDM01062,AS605240,1
621,SIDM00706,AS605240,1
622,SIDM01131,AS605240,1
623,SIDM01031,AS605240,1
624,SIDM00272,AS605240,1
625,SIDM00936,AS605240,1
626,SIDM00391,AS605240,1
627,SIDM00446,AS605240,1
628,SIDM00339,AS605240,1
629,SIDM00929,AS605240,1
630,SIDM00334,AS605240,1
631,SIDM00661,AS605240,1
632,SIDM01056,AS605240,1
633,SIDM00479,AS605240,1
634,SIDM00417,AS605240,1
635,SIDM00453,AS605240,1
636,SIDM01015,AS605240,1
637,SIDM00431,AS605240,1
638,SIDM01179,AS605240,1
639,SIDM01002,AS605240,1
640,SIDM00957,AS605240,1
641,SIDM00423,AS605240,1
642,SIDM00938,AS605240,1
643,SIDM01005,AS605240,1
644,SIDM00421,AS605240,1
645,SIDM00329,AS605240,1
646,SIDM00441,AS605240,1
647,SIDM01076,AS605240,1
648,SIDM00937,AS605240,1
649,SIDM00455,AS605240,1
650,SIDM00953,AS605240,1
651,SIDM00930,AS605240,1
652,SIDM00410,AS605240,1
653,SIDM00935,AS605240,1
654,SIDM00395,AS605240,1
655,SIDM00942,AS605240,1
656,SIDM00641,AS605240,1
657,SIDM01052,AS605240,1
658,SIDM00087,AS605240,1
659,SIDM00785,AS605240,1
660,SIDM01019,AS605240,1
661,SIDM00947,AS605240,1
662,SIDM00308,AS605240,1
663,SIDM00628,AS605240,1
664,SIDM00227,AS605240,1
665,SIDM00426,AS605240,1
666,SIDM00526,AS605240,1
667,SIDM01172,AS605240,1
668,SIDM00999,AS605240,1
669,SIDM00886,AS605240,1
670,SIDM00124,AS605240,1
671,SIDM00828,AS605240,1
672,SIDM00982,AS605240,1
673,SIDM00419,AS605240,1
674,SIDM00944,AST-1306,1
675,SIDM00964,AST-1306,1
676,SIDM00628,AST-1306,1
677,SIDM00339,AST-1306,1
678,SIDM00937,AST-1306,1
679,SIDM01023,AST-1306,1
680,SIDM00337,AST-1306,1
681,SIDM00391,AST-1306,1
682,SIDM00387,AST-1306,1
683,SIDM00146,AST-1306,1
684,SIDM00928,AST-1306,1
685,SIDM01027,AST-1306,1
686,SIDM00951,AST-1306,1
687,SIDM00454,AST-1306,1
688,SIDM00982,AST-1306,1
689,SIDM00989,AST-1306,1
690,SIDM00340,AST-1306,1
691,SIDM00789,AST-1306,1
692,SIDM00419,AST-1306,1
693,SIDM01051,AST-1306,1
694,SIDM00380,AST-1306,1
695,SIDM01068,AST-1306,1
696,SIDM00423,AST-1306,1
697,SIDM00999,AST-1306,1
698,SIDM00997,AST-1306,1
699,SIDM00417,AST-1306,1
700,SIDM00940,AST-1306,1
701,SIDM01047,AST-1306,1
702,SIDM00907,AST-1306,1
703,SIDM00985,AST-1306,1
704,SIDM01019,AST-1306,1
705,SIDM00272,AST-1306,1
706,SIDM01071,AST-1306,1
707,SIDM00289,AST-1306,1
708,SIDM01072,AST-1306,1
709,SIDM00412,AST-1306,1
710,SIDM00420,AST-1306,1
711,SIDM01131,AST-1306,1
712,SIDM00088,AST-1306,1
713,SIDM01048,AST-1306,1
714,SIDM00499,AST-1306,1
715,SIDM00284,AST-1306,1
716,SIDM00443,AST-1306,1
717,SIDM01110,AST-1306,1
718,SIDM01064,AST-1306,1
719,SIDM01062,AST-1306,1
720,SIDM01030,AST-1306,1
721,SIDM01015,AST-1306,1
722,SIDM00895,AST-1306,1
723,SIDM00332,AST-1306,1
724,SIDM01001,AST-1306,1
725,SIDM00287,AST-1306,1
726,SIDM01031,AST-1306,1
727,SIDM00932,AST-1306,1
728,SIDM01026,AST-1306,1
729,SIDM00415,AST-1306,1
730,SIDM00342,AST-1306,1
731,SIDM00396,AST-1306,1
732,SIDM00927,AST-1306,1
733,SIDM01082,AST-1306,1
734,SIDM00336,AST-1306,1
735,SIDM00227,AST-1306,1
736,SIDM00431,AST-1306,1
737,SIDM00442,AST-1306,1
738,SIDM00807,AST-1306,1
739,SIDM00515,AT-7519,1
740,SIDM00934,AT-7519,1
741,SIDM00417,AT-7519,1
742,SIDM00594,AT-7519,1
743,SIDM00791,AT-7519,1
744,SIDM01040,AT-7519,1
745,SIDM00463,AT-7519,1
746,SIDM00336,AT-7519,1
747,SIDM00997,AT-7519,1
748,SIDM00391,AT-7519,1
749,SIDM01131,AT-7519,1
750,SIDM00954,AT-7519,1
751,SIDM01002,AT-7519,1
752,SIDM00146,AT-7519,1
753,SIDM01056,AT-7519,1
754,SIDM01034,AT-7519,1
755,SIDM01026,AT-7519,1
756,SIDM01047,AT-7519,1
757,SIDM00388,AT-7519,1
758,SIDM00415,AT-7519,1
759,SIDM00124,AT-7519,1
760,SIDM01087,AT-7519,1
761,SIDM00285,AT-7519,1
762,SIDM01073,AT-7519,1
763,SIDM00931,AT-7519,1
764,SIDM00387,AT-7519,1
765,SIDM01089,AT-7519,1
766,SIDM00120,AT-7519,1
767,SIDM00346,AT-7519,1
768,SIDM00810,AT-7519,1
769,SIDM01029,AT-7519,1
770,SIDM00424,AT-7519,1
771,SIDM01057,AT-7519,1
772,SIDM00944,AT-7519,1
773,SIDM00832,AT-7519,1
774,SIDM00961,AT-7519,1
775,SIDM00798,AT-7519,1
776,SIDM00088,AT-7519,1
777,SIDM00657,AT-7519,1
778,SIDM00953,AT-7519,1
779,SIDM00458,AT-7519,1
780,SIDM00287,AT-7519,1
781,SIDM00434,AT-7519,1
782,SIDM01103,AT-7519,1
783,SIDM01059,AT-7519,1
784,SIDM00405,AT-7519,1
785,SIDM00935,AT-7519,1
786,SIDM00989,AT-7519,1
787,SIDM00940,AT-7519,1
788,SIDM00386,AT-7519,1
789,SIDM00448,AT-7519,1
790,SIDM01023,AT-7519,1
791,SIDM00933,AT7867,1
792,SIDM00088,AT7867,1
793,SIDM01110,AT7867,1
794,SIDM01089,AT7867,1
795,SIDM01058,AT7867,1
796,SIDM00477,AT7867,1
797,SIDM01072,AT7867,1
798,SIDM01030,AT7867,1
799,SIDM00337,AT7867,1
800,SIDM00431,AT7867,1
801,SIDM00428,AT7867,1
802,SIDM01154,AT7867,1
803,SIDM01028,AT7867,1
804,SIDM00461,AT7867,1
805,SIDM01067,AT7867,1
806,SIDM01131,AT7867,1
807,SIDM00964,AT7867,1
808,SIDM00420,AT7867,1
809,SIDM00446,AT7867,1
810,SIDM00927,AT7867,1
811,SIDM00939,AT7867,1
812,SIDM00121,AT7867,1
813,SIDM00594,AT7867,1
814,SIDM00346,AT7867,1
815,SIDM01003,AT7867,1
816,SIDM00330,AT7867,1
817,SIDM00957,AT7867,1
818,SIDM01048,AT7867,1
819,SIDM00950,AT7867,1
820,SIDM00394,AT7867,1
821,SIDM00416,AT7867,1
822,SIDM00989,AT7867,1
823,SIDM00284,AT7867,1
824,SIDM00785,AT7867,1
825,SIDM00526,AT7867,1
826,SIDM00227,AT7867,1
827,SIDM00981,AT7867,1
828,SIDM00983,AT7867,1
829,SIDM00512,AT7867,1
830,SIDM00940,AT7867,1
831,SIDM00791,AT7867,1
832,SIDM01013,AT7867,1
833,SIDM00332,AT7867,1
834,SIDM00443,AT7867,1
835,SIDM00947,AT7867,1
836,SIDM00380,AT7867,1
837,SIDM00985,AT7867,1
838,SIDM00426,AT7867,1
839,SIDM01049,AT7867,1
840,SIDM00148,AT7867,1
841,SIDM00661,AT7867,1
842,SIDM00437,AT7867,1
843,SIDM01020,AT7867,1
844,SIDM00403,AT7867,1
845,SIDM00344,AT7867,1
846,SIDM00422,AT7867,1
847,SIDM01068,AT7867,1
848,SIDM00829,AT7867,1
849,SIDM00333,AT7867,1
850,SIDM01073,AZ20,1
851,SIDM00227,AZ20,1
852,SIDM00512,AZ20,1
853,SIDM00333,AZ20,1
854,SIDM00426,AZ20,1
855,SIDM00993,AZ20,1
856,SIDM00402,AZ20,1
857,SIDM00337,AZ20,1
858,SIDM01059,AZ20,1
859,SIDM00403,AZ20,1
860,SIDM00389,AZ20,1
861,SIDM00284,AZ20,1
862,SIDM00431,AZ20,1
863,SIDM00421,AZ20,1
864,SIDM00999,AZ20,1
865,SIDM00146,AZ20,1
866,SIDM00907,AZ20,1
867,SIDM00874,AZ20,1
868,SIDM00996,AZ20,1
869,SIDM00423,AZ20,1
870,SIDM01070,AZ20,1
871,SIDM00424,AZ20,1
872,SIDM00327,AZ20,1
873,SIDM00446,AZ20,1
874,SIDM00442,AZ20,1
875,SIDM00391,AZ20,1
876,SIDM00339,AZ20,1
877,SIDM00441,AZ20,1
878,SIDM01248,AZ20,1
879,SIDM01058,AZ20,1
880,SIDM00706,AZ20,1
881,SIDM00286,AZ20,1
882,SIDM00947,AZ20,1
883,SIDM00942,AZ20,1
884,SIDM00346,AZ20,1
885,SIDM00954,AZ20,1
886,SIDM00832,AZ20,1
887,SIDM01033,AZ20,1
888,SIDM00429,AZ20,1
889,SIDM00982,AZ20,1
890,SIDM01055,AZ20,1
891,SIDM00447,AZ20,1
892,SIDM01131,AZ20,1
893,SIDM00344,AZ20,1
894,SIDM00386,AZ20,1
895,SIDM01056,AZ20,1
896,SIDM01042,AZ20,1
897,SIDM00329,AZ20,1
898,SIDM00934,AZ20,1
899,SIDM00946,AZ628,1
900,SIDM01049,AZ628,1
901,SIDM00448,AZ628,1
902,SIDM00396,AZ628,1
903,SIDM01179,AZ628,1
904,SIDM00907,AZ628,1
905,SIDM00330,AZ628,1
906,SIDM00327,AZ628,1
907,SIDM00446,AZ628,1
908,SIDM00434,AZ628,1
909,SIDM01003,AZ628,1
910,SIDM01009,AZ628,1
911,SIDM00429,AZ628,1
912,SIDM00395,AZ628,1
913,SIDM00410,AZ628,1
914,SIDM01047,AZ628,1
915,SIDM00417,AZ628,1
916,SIDM00421,AZ628,1
917,SIDM00387,AZ628,1
918,SIDM00896,AZ628,1
919,SIDM00949,AZ628,1
920,SIDM01036,AZ628,1
921,SIDM00433,AZ628,1
922,SIDM01018,AZ628,1
923,SIDM00886,AZ628,1
924,SIDM00515,AZ628,1
925,SIDM00412,AZ628,1
926,SIDM00424,AZ628,1
927,SIDM01076,AZ628,1
928,SIDM01048,AZ628,1
929,SIDM00346,AZ628,1
930,SIDM01015,AZ628,1
931,SIDM00963,AZ628,1
932,SIDM00458,AZ628,1
933,SIDM01042,AZ628,1
934,SIDM00447,AZ628,1
935,SIDM00963,AZD1208,1
936,SIDM00460,AZD1208,1
937,SIDM00386,AZD1208,1
938,SIDM00410,AZD1208,1
939,SIDM01191,AZD1208,1
940,SIDM01005,AZD1208,1
941,SIDM00874,AZD1208,1
942,SIDM00329,AZD1208,1
943,SIDM00993,AZD1208,1
944,SIDM00401,AZD1208,1
945,SIDM01051,AZD1208,1
946,SIDM00148,AZD1208,1
947,SIDM00903,AZD1208,1
948,SIDM00342,AZD1208,1
949,SIDM01027,AZD1208,1
950,SIDM00935,AZD1208,1
951,SIDM01072,AZD1208,1
952,SIDM00943,AZD1208,1
953,SIDM00985,AZD1208,1
954,SIDM00944,AZD1208,1
955,SIDM00428,AZD1208,1
956,SIDM00454,AZD1208,1
957,SIDM00332,AZD1208,1
958,SIDM00388,AZD1208,1
959,SIDM00286,AZD1208,1
960,SIDM00995,AZD1208,1
961,SIDM00449,AZD1208,1
962,SIDM00628,AZD1208,1
963,SIDM00900,AZD1208,1
964,SIDM01058,AZD1208,1
965,SIDM00446,AZD1208,1
966,SIDM00990,AZD1208,1
967,SIDM00949,AZD1208,1
968,SIDM00419,AZD1208,1
969,SIDM01110,AZD1208,1
970,SIDM00308,AZD1208,1
971,SIDM00420,AZD1208,1
972,SIDM00867,AZD1208,1
973,SIDM01013,AZD1208,1
974,SIDM01040,AZD1208,1
975,SIDM00953,AZD1208,1
976,SIDM01055,AZD1208,1
977,SIDM01034,AZD1208,1
978,SIDM00146,AZD1208,1
979,SIDM00395,AZD1208,1
980,SIDM00458,AZD1208,1
981,SIDM01060,AZD1208,1
982,SIDM01023,AZD1208,1
983,SIDM00798,AZD1208,1
984,SIDM01029,AZD1208,1
985,SIDM00421,AZD1208,1
986,SIDM00940,AZD1208,1
987,SIDM00331,AZD1208,1
988,SIDM01032,AZD1208,1
989,SIDM00345,AZD1208,1
990,SIDM00422,AZD1208,1
991,SIDM00451,AZD1208,1
992,SIDM00941,AZD1208,1
993,SIDM01085,AZD1208,1
994,SIDM01179,AZD1208,1
995,SIDM01131,AZD1208,1
996,SIDM00145,AZD1208,1
997,SIDM00339,AZD1332,1
998,SIDM01070,AZD1332,1
999,SIDM01069,AZD1332,1
1000,SIDM01005,AZD1332,1
1001,SIDM00386,AZD1332,1
1002,SIDM00146,AZD1332,1
1003,SIDM00434,AZD1332,1
1004,SIDM00289,AZD1332,1
1005,SIDM00944,AZD1332,1
1006,SIDM00417,AZD1332,1
1007,SIDM01057,AZD1332,1
1008,SIDM01049,AZD1332,1
1009,SIDM00272,AZD1332,1
1010,SIDM00877,AZD1332,1
1011,SIDM01058,AZD1332,1
1012,SIDM00330,AZD1332,1
1013,SIDM00402,AZD1332,1
1014,SIDM00419,AZD1332,1
1015,SIDM01148,AZD1332,1
1016,SIDM00416,AZD1332,1
1017,SIDM00946,AZD1332,1
1018,SIDM00995,AZD1332,1
1019,SIDM01027,AZD1332,1
1020,SIDM00426,AZD1332,1
1021,SIDM00454,AZD1332,1
1022,SIDM00345,AZD1332,1
1023,SIDM01089,AZD1332,1
1024,SIDM00996,AZD1332,1
1025,SIDM00798,AZD1332,1
1026,SIDM00499,AZD1332,1
1027,SIDM00446,AZD1332,1
1028,SIDM00334,AZD1332,1
1029,SIDM01030,AZD1332,1
1030,SIDM00088,AZD1332,1
1031,SIDM00308,AZD1332,1
1032,SIDM00512,AZD1332,1
1033,SIDM01131,AZD1332,1
1034,SIDM01028,AZD1332,1
1035,SIDM00637,AZD1332,1
1036,SIDM00410,AZD1332,1
1037,SIDM00424,AZD1332,1
1038,SIDM00441,AZD1332,1
1039,SIDM00342,AZD1332,1
1040,SIDM00097,AZD1332,1
1041,SIDM01001,AZD1332,1
1042,SIDM01179,AZD1332,1
1043,SIDM00874,AZD1332,1
1044,SIDM00866,AZD1332,1
1045,SIDM00333,AZD1332,1
1046,SIDM01172,AZD1332,1
1047,SIDM00403,AZD1332,1
1048,SIDM01036,AZD1332,1
1049,SIDM00431,AZD1332,1
1050,SIDM00124,AZD1332,1
1051,SIDM01013,AZD1332,1
1052,SIDM00346,AZD1332,1
1053,SIDM00931,AZD1332,1
1054,SIDM00483,AZD1332,1
1055,SIDM00948,AZD1332,1
1056,SIDM01218,AZD1332,1
1057,SIDM00462,AZD1332,1
1058,SIDM01056,AZD1332,1
1059,SIDM01110,AZD1332,1
1060,SIDM00934,AZD1332,1
1061,SIDM00391,AZD1332,1
1062,SIDM00455,AZD1332,1
1063,SIDM00896,AZD1332,1
1064,SIDM00331,AZD1332,1
1065,SIDM00930,AZD1332,1
1066,SIDM00121,AZD1480,1
1067,SIDM01036,AZD1480,1
1068,SIDM00987,AZD1480,1
1069,SIDM01060,AZD1480,1
1070,SIDM00442,AZD1480,1
1071,SIDM00336,AZD1480,1
1072,SIDM00419,AZD1480,1
1073,SIDM01034,AZD1480,1
1074,SIDM00828,AZD1480,1
1075,SIDM00406,AZD1480,1
1076,SIDM00953,AZD1480,1
1077,SIDM00462,AZD1480,1
1078,SIDM01069,AZD1480,1
1079,SIDM00124,AZD1480,1
1080,SIDM01072,AZD1480,1
1081,SIDM01003,AZD1480,1
1082,SIDM00580,AZD1480,1
1083,SIDM01049,AZD1480,1
1084,SIDM01019,AZD1480,1
1085,SIDM01029,AZD1480,1
1086,SIDM00964,AZD1480,1
1087,SIDM01248,AZD1480,1
1088,SIDM00247,AZD1480,1
1089,SIDM00429,AZD1480,1
1090,SIDM01018,AZD1480,1
1091,SIDM00428,AZD1480,1
1092,SIDM00454,AZD1480,1
1093,SIDM00330,AZD1480,1
1094,SIDM00515,AZD1480,1
1095,SIDM01068,AZD1480,1
1096,SIDM00380,AZD1480,1
1097,SIDM00423,AZD1480,1
1098,SIDM00145,AZD1480,1
1099,SIDM00791,AZD1480,1
1100,SIDM00388,AZD1480,1
1101,SIDM00449,AZD1480,1
1102,SIDM01148,AZD1480,1
1103,SIDM00120,AZD1480,1
1104,SIDM00341,AZD1480,1
1105,SIDM01062,AZD1480,1
1106,SIDM01028,AZD1480,1
1107,SIDM01030,AZD1480,1
1108,SIDM00422,AZD1480,1
1109,SIDM00829,AZD1480,1
1110,SIDM00411,AZD1480,1
1111,SIDM00941,AZD1480,1
1112,SIDM00957,AZD1480,1
1113,SIDM00907,AZD1480,1
1114,SIDM01070,AZD1480,1
1115,SIDM00417,AZD1480,1
1116,SIDM00287,AZD1480,1
1117,SIDM00392,AZD1480,1
1118,SIDM01111,AZD1480,1
1119,SIDM00860,AZD1480,1
1120,SIDM00426,AZD2014,1
1121,SIDM00417,AZD2014,1
1122,SIDM00963,AZD2014,1
1123,SIDM00415,AZD2014,1
1124,SIDM00335,AZD2014,1
1125,SIDM01107,AZD2014,1
1126,SIDM00411,AZD2014,1
1127,SIDM00997,AZD2014,1
1128,SIDM00928,AZD2014,1
1129,SIDM01179,AZD2014,1
1130,SIDM00402,AZD2014,1
1131,SIDM01066,AZD2014,1
1132,SIDM01103,AZD2014,1
1133,SIDM00312,AZD2014,1
1134,SIDM01018,AZD2014,1
1135,SIDM00148,AZD2014,1
1136,SIDM00477,AZD2014,1
1137,SIDM01030,AZD2014,1
1138,SIDM00097,AZD2014,1
1139,SIDM00332,AZD2014,1
1140,SIDM01025,AZD2014,1
1141,SIDM00146,AZD2014,1
1142,SIDM01073,AZD2014,1
1143,SIDM01023,AZD2014,1
1144,SIDM00512,AZD2014,1
1145,SIDM01148,AZD2014,1
1146,SIDM00996,AZD2014,1
1147,SIDM00951,AZD2014,1
1148,SIDM00088,AZD2014,1
1149,SIDM00942,AZD2014,1
1150,SIDM00457,AZD2014,1
1151,SIDM00789,AZD2014,1
1152,SIDM01067,AZD2014,1
1153,SIDM01051,AZD2014,1
1154,SIDM00405,AZD2014,1
1155,SIDM00964,AZD2014,1
1156,SIDM01033,AZD2014,1
1157,SIDM01015,AZD2014,1
1158,SIDM01043,AZD2014,1
1159,SIDM00447,AZD2014,1
1160,SIDM00993,AZD2014,1
1161,SIDM00999,AZD2014,1
1162,SIDM01218,AZD2014,1
1163,SIDM01076,AZD2014,1
1164,SIDM00451,AZD2014,1
1165,SIDM00463,AZD2014,1
1166,SIDM00461,AZD2014,1
1167,SIDM00392,AZD2014,1
1168,SIDM00810,AZD2014,1
1169,SIDM00392,AZD3514,1
1170,SIDM00939,AZD3514,1
1171,SIDM00338,AZD3514,1
1172,SIDM00985,AZD3514,1
1173,SIDM00463,AZD3514,1
1174,SIDM01028,AZD3514,1
1175,SIDM00948,AZD3514,1
1176,SIDM00345,AZD3514,1
1177,SIDM01131,AZD3514,1
1178,SIDM00515,AZD3514,1
1179,SIDM01038,AZD3514,1
1180,SIDM00312,AZD3514,1
1181,SIDM00331,AZD3514,1
1182,SIDM01029,AZD3514,1
1183,SIDM00087,AZD3514,1
1184,SIDM00947,AZD3514,1
1185,SIDM00934,AZD3514,1
1186,SIDM00958,AZD3514,1
1187,SIDM00451,AZD3514,1
1188,SIDM01191,AZD3514,1
1189,SIDM00950,AZD3514,1
1190,SIDM00994,AZD3514,1
1191,SIDM00952,AZD3514,1
1192,SIDM01103,AZD3514,1
1193,SIDM01070,AZD3514,1
1194,SIDM01089,AZD3514,1
1195,SIDM00247,AZD3514,1
1196,SIDM00962,AZD3514,1
1197,SIDM00148,AZD3514,1
1198,SIDM00628,AZD3514,1
1199,SIDM01062,AZD3514,1
1200,SIDM01012,AZD3514,1
1201,SIDM00447,AZD3514,1
1202,SIDM00401,AZD3514,1
1203,SIDM01031,AZD3514,1
1204,SIDM00403,AZD3514,1
1205,SIDM01015,AZD3514,1
1206,SIDM00943,AZD3514,1
1207,SIDM00867,AZD3514,1
1208,SIDM00424,AZD3514,1
1209,SIDM00783,AZD3514,1
1210,SIDM00395,AZD3514,1
1211,SIDM01179,AZD3514,1
1212,SIDM00810,AZD3514,1
1213,SIDM00937,AZD3514,1
1214,SIDM00512,AZD3514,1
1215,SIDM00936,AZD3514,1
1216,SIDM00330,AZD3514,1
1217,SIDM01055,AZD3514,1
1218,SIDM00907,AZD3514,1
1219,SIDM00896,AZD3514,1
1220,SIDM00942,AZD3514,1
1221,SIDM00411,AZD3514,1
1222,SIDM01111,AZD3514,1
1223,SIDM01043,AZD3514,1
1224,SIDM01034,AZD3514,1
1225,SIDM01049,AZD3514,1
1226,SIDM00900,AZD3514,1
1227,SIDM00340,AZD3514,1
1228,SIDM00313,AZD3514,1
1229,SIDM01056,AZD4547,1
1230,SIDM01025,AZD4547,1
1231,SIDM01033,AZD4547,1
1232,SIDM00785,AZD4547,1
1233,SIDM00120,AZD4547,1
1234,SIDM01131,AZD4547,1
1235,SIDM00342,AZD4547,1
1236,SIDM00308,AZD4547,1
1237,SIDM00641,AZD4547,1
1238,SIDM00449,AZD4547,1
1239,SIDM00941,AZD4547,1
1240,SIDM00336,AZD4547,1
1241,SIDM01058,AZD4547,1
1242,SIDM00949,AZD4547,1
1243,SIDM00944,AZD4547,1
1244,SIDM00443,AZD4547,1
1245,SIDM00420,AZD4547,1
1246,SIDM00829,AZD4547,1
1247,SIDM00087,AZD4547,1
1248,SIDM00437,AZD4547,1
1249,SIDM00097,AZD4547,1
1250,SIDM00455,AZD4547,1
1251,SIDM00952,AZD4547,1
1252,SIDM01040,AZD4547,1
1253,SIDM00962,AZD4547,1
1254,SIDM01055,AZD4547,1
1255,SIDM00433,AZD4547,1
1256,SIDM00403,AZD4547,1
1257,SIDM00874,AZD4547,1
1258,SIDM00391,AZD4547,1
1259,SIDM00442,AZD4547,1
1260,SIDM01076,AZD4547,1
1261,SIDM01030,AZD4547,1
1262,SIDM01070,AZD4547,1
1263,SIDM00931,AZD4547,1
1264,SIDM00451,AZD4547,1
1265,SIDM01045,AZD4547,1
1266,SIDM00928,AZD4547,1
1267,SIDM00343,AZD4547,1
1268,SIDM00580,AZD4547,1
1269,SIDM00431,AZD4547,1
1270,SIDM00933,AZD4547,1
1271,SIDM00136,AZD4547,1
1272,SIDM01019,AZD4547,1
1273,SIDM00460,AZD4547,1
1274,SIDM01068,AZD4547,1
1275,SIDM00951,AZD4547,1
1276,SIDM00448,AZD4547,1
1277,SIDM01089,AZD4547,1
1278,SIDM00272,AZD4547,1
1279,SIDM00327,AZD4547,1
1280,SIDM00947,AZD4547,1
1281,SIDM00828,AZD4547,1
1282,SIDM01055,AZD4547,1
1283,SIDM00332,AZD4547,1
1284,SIDM00416,AZD4547,1
1285,SIDM00637,AZD4547,1
1286,SIDM00395,AZD4547,1
1287,SIDM01059,AZD4547,1
1288,SIDM01005,AZD4547,1
1289,SIDM01023,AZD4547,1
1290,SIDM00453,AZD4547,1
1291,SIDM00939,AZD4547,1
1292,SIDM01085,AZD4547,1
1293,SIDM00995,AZD4547,1
1294,SIDM01051,AZD4547,1
1295,SIDM00810,AZD4547,1
1296,SIDM01032,AZD4547,1
1297,SIDM00344,AZD4547,1
1298,SIDM00957,AZD4547,1
1299,SIDM00479,AZD4547,1
1300,SIDM00426,AZD4547,1
1301,SIDM00424,AZD4547,1
1302,SIDM00333,AZD4877,1
1303,SIDM01036,AZD4877,1
1304,SIDM00874,AZD4877,1
1305,SIDM00420,AZD4877,1
1306,SIDM00088,AZD4877,1
1307,SIDM01029,AZD4877,1
1308,SIDM00429,AZD4877,1
1309,SIDM00957,AZD4877,1
1310,SIDM00950,AZD4877,1
1311,SIDM00962,AZD4877,1
1312,SIDM00928,AZD4877,1
1313,SIDM00953,AZD4877,1
1314,SIDM00312,AZD4877,1
1315,SIDM00996,AZD4877,1
1316,SIDM00994,AZD4877,1
1317,SIDM00423,AZD4877,1
1318,SIDM00419,AZD4877,1
1319,SIDM01154,AZD4877,1
1320,SIDM00394,AZD4877,1
1321,SIDM00308,AZD4877,1
1322,SIDM01148,AZD4877,1
1323,SIDM00657,AZD4877,1
1324,SIDM00289,AZD4877,1
1325,SIDM00448,AZD4877,1
1326,SIDM01111,AZD4877,1
1327,SIDM01013,AZD4877,1
1328,SIDM00903,AZD4877,1
1329,SIDM00930,AZD4877,1
1330,SIDM00990,AZD4877,1
1331,SIDM00336,AZD4877,1
1332,SIDM01047,AZD4877,1
1333,SIDM01043,AZD4877,1
1334,SIDM00980,AZD4877,1
1335,SIDM00952,AZD4877,1
1336,SIDM01033,AZD4877,1
1337,SIDM00287,AZD4877,1
1338,SIDM00941,AZD4877,1
1339,SIDM00272,AZD4877,1
1340,SIDM01072,AZD4877,1
1341,SIDM00997,AZD4877,1
1342,SIDM00939,AZD4877,1
1343,SIDM01086,AZD4877,1
1344,SIDM00477,AZD4877,1
1345,SIDM01051,AZD4877,1
1346,SIDM00461,AZD4877,1
1347,SIDM01048,AZD4877,1
1348,SIDM00443,AZD4877,1
1349,SIDM00403,AZD4877,1
1350,SIDM00431,AZD4877,1
1351,SIDM00392,AZD4877,1
1352,SIDM00661,AZD4877,1
1353,SIDM00798,AZD4877,1
1354,SIDM00410,AZD4877,1
1355,SIDM00783,AZD4877,1
1356,SIDM01067,AZD4877,1
1357,SIDM00330,AZD4877,1
1358,SIDM00993,AZD4877,1
1359,SIDM01066,AZD4877,1
1360,SIDM01030,AZD4877,1
1361,SIDM00331,AZD4877,1
1362,SIDM00930,AZD5438,1
1363,SIDM01052,AZD5438,1
1364,SIDM00594,AZD5438,1
1365,SIDM00388,AZD5438,1
1366,SIDM00783,AZD5438,1
1367,SIDM00961,AZD5438,1
1368,SIDM00995,AZD5438,1
1369,SIDM00336,AZD5438,1
1370,SIDM00415,AZD5438,1
1371,SIDM00345,AZD5438,1
1372,SIDM00789,AZD5438,1
1373,SIDM00958,AZD5438,1
1374,SIDM00334,AZD5438,1
1375,SIDM00286,AZD5438,1
1376,SIDM01131,AZD5438,1
1377,SIDM01043,AZD5438,1
1378,SIDM01030,AZD5438,1
1379,SIDM00386,AZD5438,1
1380,SIDM01055,AZD5438,1
1381,SIDM00931,AZD5438,1
1382,SIDM01082,AZD5438,1
1383,SIDM00446,AZD5438,1
1384,SIDM01019,AZD5438,1
1385,SIDM00426,AZD5438,1
1386,SIDM01111,AZD5438,1
1387,SIDM00951,AZD5438,1
1388,SIDM01027,AZD5438,1
1389,SIDM00338,AZD5438,1
1390,SIDM00993,AZD5438,1
1391,SIDM00637,AZD5438,1
1392,SIDM00628,AZD5438,1
1393,SIDM00987,AZD5438,1
1394,SIDM00148,AZD5438,1
1395,SIDM00933,AZD5438,1
1396,SIDM00407,AZD5438,1
1397,SIDM00832,AZD5438,1
1398,SIDM00335,AZD5438,1
1399,SIDM00451,AZD5438,1
1400,SIDM00406,AZD5438,1
1401,SIDM01001,AZD5438,1
1402,SIDM00860,AZD5438,1
1403,SIDM01057,AZD5438,1
1404,SIDM01025,AZD5438,1
1405,SIDM01070,AZD5438,1
1406,SIDM00455,AZD5438,1
1407,SIDM00392,AZD5438,1
1408,SIDM00438,AZD5438,1
1409,SIDM00416,AZD5438,1
1410,SIDM00798,AZD5438,1
1411,SIDM01013,AZD5438,1
1412,SIDM00952,AZD5438,1
1413,SIDM01028,AZD5438,1
1414,SIDM00907,AZD5438,1
1415,SIDM01067,AZD5438,1
1416,SIDM00457,AZD5438,1
1417,SIDM00428,AZD5438,1
1418,SIDM00447,AZD5438,1
1419,SIDM00994,AZD5438,1
1420,SIDM00419,AZD5438,1
1421,SIDM00402,AZD5438,1
1422,SIDM00332,AZD5438,1
1423,SIDM00791,AZD5438,1
1424,SIDM00313,AZD5438,1
1425,SIDM00985,AZD5438,1
1426,SIDM00671,AZD5582,1
1427,SIDM00479,AZD5582,1
1428,SIDM01191,AZD5582,1
1429,SIDM00392,AZD5582,1
1430,SIDM01154,AZD5582,1
1431,SIDM00930,AZD5582,1
1432,SIDM01086,AZD5582,1
1433,SIDM00526,AZD5582,1
1434,SIDM01033,AZD5582,1
1435,SIDM00828,AZD5582,1
1436,SIDM01060,AZD5582,1
1437,SIDM00388,AZD5582,1
1438,SIDM01049,AZD5582,1
1439,SIDM00329,AZD5582,1
1440,SIDM00954,AZD5582,1
1441,SIDM00900,AZD5582,1
1442,SIDM00424,AZD5582,1
1443,SIDM00463,AZD5582,1
1444,SIDM00632,AZD5582,1
1445,SIDM00580,AZD5582,1
1446,SIDM00420,AZD5582,1
1447,SIDM00931,AZD5582,1
1448,SIDM00483,AZD5582,1
1449,SIDM00339,AZD5582,1
1450,SIDM01148,AZD5582,1
1451,SIDM01110,AZD5582,1
1452,SIDM00437,AZD5582,1
1453,SIDM00477,AZD5582,1
1454,SIDM00949,AZD5582,1
1455,SIDM01218,AZD5582,1
1456,SIDM00932,AZD5582,1
1457,SIDM00461,AZD5582,1
1458,SIDM00287,AZD5582,1
1459,SIDM01055,AZD5582,1
1460,SIDM00455,AZD5582,1
1461,SIDM01018,AZD5582,1
1462,SIDM00460,AZD5582,1
1463,SIDM00832,AZD5582,1
1464,SIDM00996,AZD5582,1
1465,SIDM00391,AZD5582,1
1466,SIDM00995,AZD5582,1
1467,SIDM00289,AZD5582,1
1468,SIDM00994,AZD5582,1
1469,SIDM01085,AZD5582,1
1470,SIDM00453,AZD5582,1
1471,SIDM01045,AZD5582,1
1472,SIDM00987,AZD5582,1
1473,SIDM01248,AZD5582,1
1474,SIDM00499,AZD5582,1
1475,SIDM00941,AZD5582,1
1476,SIDM00247,AZD5582,1
1477,SIDM00341,AZD5582,1
1478,SIDM00877,AZD5582,1
1479,SIDM00860,AZD5582,1
1480,SIDM00407,AZD5582,1
1481,SIDM00462,AZD5582,1
1482,SIDM00434,AZD5582,1
1483,SIDM01072,AZD5582,1
1484,SIDM00807,AZD5582,1
1485,SIDM01042,AZD5582,1
1486,SIDM00950,AZD5582,1
1487,SIDM01154,AZD6094,1
1488,SIDM00429,AZD6094,1
1489,SIDM00477,AZD6094,1
1490,SIDM01069,AZD6094,1
1491,SIDM00421,AZD6094,1
1492,SIDM01179,AZD6094,1
1493,SIDM00433,AZD6094,1
1494,SIDM00947,AZD6094,1
1495,SIDM00345,AZD6094,1
1496,SIDM00331,AZD6094,1
1497,SIDM01248,AZD6094,1
1498,SIDM01005,AZD6094,1
1499,SIDM00993,AZD6094,1
1500,SIDM00951,AZD6094,1
1501,SIDM01018,AZD6094,1
1502,SIDM01049,AZD6482,1
1503,SIDM01103,AZD6482,1
1504,SIDM00935,AZD6482,1
1505,SIDM00706,AZD6482,1
1506,SIDM01068,AZD6482,1
1507,SIDM00346,AZD6482,1
1508,SIDM00994,AZD6482,1
1509,SIDM00327,AZD6482,1
1510,SIDM00828,AZD6482,1
1511,SIDM01028,AZD6482,1
1512,SIDM01086,AZD6482,1
1513,SIDM00931,AZD6482,1
1514,SIDM00421,AZD6482,1
1515,SIDM00437,AZD6482,1
1516,SIDM00438,AZD6482,1
1517,SIDM00342,AZD6482,1
1518,SIDM01176,AZD6482,1
1519,SIDM00810,AZD6482,1
1520,SIDM00932,AZD6482,1
1521,SIDM00637,AZD6482,1
1522,SIDM00337,AZD6482,1
1523,SIDM00988,AZD6482,1
1524,SIDM00416,AZD6482,1
1525,SIDM01248,AZD6482,1
1526,SIDM00429,AZD6482,1
1527,SIDM00455,AZD6482,1
1528,SIDM00934,AZD6482,1
1529,SIDM00953,AZD6482,1
1530,SIDM00334,AZD6482,1
1531,SIDM00783,AZD6482,1
1532,SIDM00877,AZD6482,1
1533,SIDM00829,AZD6482,1
1534,SIDM00438,AZD6482,1
1535,SIDM00993,AZD6482,1
1536,SIDM01025,AZD6482,1
1537,SIDM00939,AZD6482,1
1538,SIDM00964,AZD6482,1
1539,SIDM00284,AZD6482,1
1540,SIDM00986,AZD6482,1
1541,SIDM01023,AZD6482,1
1542,SIDM01034,AZD6482,1
1543,SIDM00944,AZD6482,1
1544,SIDM00942,AZD6482,1
1545,SIDM00451,AZD6482,1
1546,SIDM00927,AZD6482,1
1547,SIDM01040,AZD6482,1
1548,SIDM00380,AZD6482,1
1549,SIDM00785,AZD6482,1
1550,SIDM00330,AZD6482,1
1551,SIDM01043,AZD6482,1
1552,SIDM00944,AZD6482,1
1553,SIDM01043,AZD6482,1
1554,SIDM00983,AZD6482,1
1555,SIDM01028,AZD6482,1
1556,SIDM00964,AZD6482,1
1557,SIDM00343,AZD6482,1
1558,SIDM00335,AZD6482,1
1559,SIDM00999,AZD6482,1
1560,SIDM00936,AZD6482,1
1561,SIDM00828,AZD6482,1
1562,SIDM00460,AZD6482,1
1563,SIDM00145,AZD6482,1
1564,SIDM00313,AZD6482,1
1565,SIDM01068,AZD6482,1
1566,SIDM01048,AZD6482,1
1567,SIDM00386,AZD6482,1
1568,SIDM01013,AZD6482,1
1569,SIDM00632,AZD6482,1
1570,SIDM00463,AZD6482,1
1571,SIDM00941,AZD6482,1
1572,SIDM00344,AZD6482,1
1573,SIDM00637,AZD6482,1
1574,SIDM00337,AZD6482,1
1575,SIDM00479,AZD6482,1
1576,SIDM00120,AZD6482,1
1577,SIDM01051,AZD6482,1
1578,SIDM01055,AZD6482,1
1579,SIDM00420,AZD6482,1
1580,SIDM00339,AZD6482,1
1581,SIDM00332,AZD6482,1
1582,SIDM00390,AZD6482,1
1583,SIDM00312,AZD6482,1
1584,SIDM00407,AZD6482,1
1585,SIDM00341,AZD6482,1
1586,SIDM00287,AZD6482,1
1587,SIDM01036,AZD6482,1
1588,SIDM00580,AZD6482,1
1589,SIDM00247,AZD6482,1
1590,SIDM00338,AZD6482,1
1591,SIDM01087,AZD6482,1
1592,SIDM00287,AZD6482,1
1593,SIDM00405,AZD6482,1
1594,SIDM01036,AZD6482,1
1595,SIDM01051,AZD6482,1
1596,SIDM00336,AZD6482,1
1597,SIDM00426,AZD6482,1
1598,SIDM00340,AZD6482,1
1599,SIDM00994,AZD6482,1
1600,SIDM00412,AZD6482,1
1601,SIDM00957,AZD6482,1
1602,SIDM00874,AZD6482,1
1603,SIDM00428,AZD6482,1
1604,SIDM00935,AZD6482,1
1605,SIDM00327,AZD6482,1
1606,SIDM00927,AZD6482,1
1607,SIDM00387,AZD6482,1
1608,SIDM00424,AZD6482,1
1609,SIDM00457,AZD6482,1
1610,SIDM00342,AZD6482,1
1611,SIDM00431,AZD6482,1
1612,SIDM00340,AZD6482,1
1613,SIDM00434,AZD6482,1
1614,SIDM01003,AZD6482,1
1615,SIDM00461,AZD6482,1
1616,SIDM00421,AZD6738,1
1617,SIDM01013,AZD6738,1
1618,SIDM00935,AZD6738,1
1619,SIDM01030,AZD6738,1
1620,SIDM00958,AZD6738,1
1621,SIDM00146,AZD6738,1
1622,SIDM01001,AZD6738,1
1623,SIDM00286,AZD6738,1
1624,SIDM00985,AZD6738,1
1625,SIDM00997,AZD6738,1
1626,SIDM01043,AZD6738,1
1627,SIDM01107,AZD6738,1
1628,SIDM00990,AZD6738,1
1629,SIDM00936,AZD6738,1
1630,SIDM00455,AZD6738,1
1631,SIDM01172,AZD6738,1
1632,SIDM00580,AZD6738,1
1633,SIDM00946,AZD6738,1
1634,SIDM00986,AZD6738,1
1635,SIDM00987,AZD6738,1
1636,SIDM00829,AZD6738,1
1637,SIDM00451,AZD6738,1
1638,SIDM01002,AZD6738,1
1639,SIDM00463,AZD6738,1
1640,SIDM00866,AZD6738,1
1641,SIDM00886,AZD6738,1
1642,SIDM00402,AZD6738,1
1643,SIDM01036,AZD6738,1
1644,SIDM00939,AZD6738,1
1645,SIDM01023,AZD6738,1
1646,SIDM00312,AZD6738,1
1647,SIDM00948,AZD6738,1
1648,SIDM00798,AZD6738,1
1649,SIDM00867,AZD6738,1
1650,SIDM01048,AZD6738,1
1651,SIDM00632,AZD6738,1
1652,SIDM01049,AZD6738,1
1653,SIDM00896,AZD6738,1
1654,SIDM00429,AZD6738,1
1655,SIDM00415,AZD6738,1
1656,SIDM00483,AZD6738,1
1657,SIDM00088,AZD6738,1
1658,SIDM00515,AZD6738,1
1659,SIDM01024,AZD6738,1
1660,SIDM00412,AZD6738,1
1661,SIDM01047,AZD6738,1
1662,SIDM00789,AZD6738,1
1663,SIDM00433,AZD6738,1
1664,SIDM00380,AZD6738,1
1665,SIDM00272,AZD6738,1
1666,SIDM00386,AZD6738,1
1667,SIDM01148,AZD6738,1
1668,SIDM00120,AZD6738,1
1669,SIDM00791,AZD6738,1
1670,SIDM00512,AZD6738,1
1671,SIDM01070,AZD6738,1
1672,SIDM01024,AZD7762,1
1673,SIDM00448,AZD7762,1
1674,SIDM01001,AZD7762,1
1675,SIDM00404,AZD7762,1
1676,SIDM01001,AZD7762,1
1677,SIDM00985,AZD7762,1
1678,SIDM01056,AZD7762,1
1679,SIDM00996,AZD7762,1
1680,SIDM00411,AZD7762,1
1681,SIDM00929,AZD7762,1
1682,SIDM00344,AZD7762,1
1683,SIDM01070,AZD7762,1
1684,SIDM00798,AZD7762,1
1685,SIDM00594,AZD7762,1
1686,SIDM00982,AZD7762,1
1687,SIDM01067,AZD7762,1
1688,SIDM00953,AZD7762,1
1689,SIDM01066,AZD7762,1
1690,SIDM01009,AZD7762,1
1691,SIDM00986,AZD7762,1
1692,SIDM00903,AZD7762,1
1693,SIDM00426,AZD7762,1
1694,SIDM00424,AZD7762,1
1695,SIDM00477,AZD7762,1
1696,SIDM01055,AZD7762,1
1697,SIDM00961,AZD7762,1
1698,SIDM01048,AZD7762,1
1699,SIDM01003,AZD7762,1
1700,SIDM00380,AZD7762,1
1701,SIDM01025,AZD7762,1
1702,SIDM00392,AZD7762,1
1703,SIDM00458,AZD7762,1
1704,SIDM00832,AZD7762,1
1705,SIDM01051,AZD7762,1
1706,SIDM00783,AZD7762,1
1707,SIDM00419,AZD7762,1
1708,SIDM00392,AZD7762,1
1709,SIDM00935,AZD7762,1
1710,SIDM01004,AZD7762,1
1711,SIDM01058,AZD7762,1
1712,SIDM00951,AZD7762,1
1713,SIDM00331,AZD7762,1
1714,SIDM00996,AZD7762,1
1715,SIDM00329,AZD7762,1
1716,SIDM00417,AZD7762,1
1717,SIDM00641,AZD7762,1
1718,SIDM01076,AZD7762,1
1719,SIDM01009,AZD7762,1
1720,SIDM00453,AZD7762,1
1721,SIDM00866,AZD7762,1
1722,SIDM00526,AZD7762,1
1723,SIDM00419,AZD7762,1
1724,SIDM00429,AZD7762,1
1725,SIDM00985,AZD7762,1
1726,SIDM01028,AZD7762,1
1727,SIDM00483,AZD7762,1
1728,SIDM00477,AZD7762,1
1729,SIDM00388,AZD7762,1
1730,SIDM01026,AZD7762,1
1731,SIDM01057,AZD7762,1
1732,SIDM00338,AZD7762,1
1733,SIDM00336,AZD7762,1
1734,SIDM00336,AZD7762,1
1735,SIDM01069,AZD7762,1
1736,SIDM01018,AZD7762,1
1737,SIDM01012,AZD7762,1
1738,SIDM00990,AZD7762,1
1739,SIDM00632,AZD7762,1
1740,SIDM01131,AZD7762,1
1741,SIDM00313,AZD7762,1
1742,SIDM00671,AZD7762,1
1743,SIDM01043,AZD7762,1
1744,SIDM01110,AZD7762,1
1745,SIDM00986,AZD7762,1
1746,SIDM00829,AZD7762,1
1747,SIDM00934,AZD7762,1
1748,SIDM00948,AZD7762,1
1749,SIDM01085,AZD7762,1
1750,SIDM00394,AZD7762,1
1751,SIDM00405,AZD7762,1
1752,SIDM00247,AZD7762,1
1753,SIDM00947,AZD7762,1
1754,SIDM01176,AZD7762,1
1755,SIDM00980,AZD7762,1
1756,SIDM01005,AZD7762,1
1757,SIDM01073,AZD7762,1
1758,SIDM00632,AZD7762,1
1759,SIDM00426,AZD7762,1
1760,SIDM00343,AZD7762,1
1761,SIDM00438,AZD7762,1
1762,SIDM01148,AZD7762,1
1763,SIDM01062,AZD7762,1
1764,SIDM01179,AZD7762,1
1765,SIDM00982,AZD7762,1
1766,SIDM00330,AZD7762,1
1767,SIDM00994,AZD7762,1
1768,SIDM00416,AZD7762,1
1769,SIDM00785,AZD7762,1
1770,SIDM00940,AZD7762,1
1771,SIDM01003,AZD8055,1
1772,SIDM00983,AZD8055,1
1773,SIDM00422,AZD8055,1
1774,SIDM01068,AZD8055,1
1775,SIDM01089,AZD8055,1
1776,SIDM00932,AZD8055,1
1777,SIDM00429,AZD8055,1
1778,SIDM00441,AZD8055,1
1779,SIDM01191,AZD8055,1
1780,SIDM00995,AZD8055,1
1781,SIDM00434,AZD8055,1
1782,SIDM01051,AZD8055,1
1783,SIDM01052,AZD8055,1
1784,SIDM00145,AZD8055,1
1785,SIDM00337,AZD8055,1
1786,SIDM00415,AZD8055,1
1787,SIDM00512,AZD8055,1
1788,SIDM00313,AZD8055,1
1789,SIDM01064,AZD8055,1
1790,SIDM00671,AZD8055,1
1791,SIDM01004,AZD8055,1
1792,SIDM00931,AZD8055,1
1793,SIDM00419,AZD8055,1
1794,SIDM01012,AZD8055,1
1795,SIDM00380,AZD8055,1
1796,SIDM00447,AZD8055,1
1797,SIDM00791,AZD8055,1
1798,SIDM00657,AZD8055,1
1799,SIDM00438,AZD8055,1
1800,SIDM00963,AZD8055,1
1801,SIDM01076,AZD8055,1
1802,SIDM00336,AZD8055,1
1803,SIDM00661,AZD8055,1
1804,SIDM00985,AZD8055,1
1805,SIDM00457,AZD8055,1
1806,SIDM00886,AZD8055,1
1807,SIDM01103,AZD8055,1
1808,SIDM00988,AZD8055,1
1809,SIDM00896,AZD8055,1
1810,SIDM01082,AZD8055,1
1811,SIDM00088,AZD8055,1
1812,SIDM01024,AZD8055,1
1813,SIDM00949,AZD8055,1
1814,SIDM00340,AZD8055,1
1815,SIDM00990,AZD8055,1
1816,SIDM01043,AZD8055,1
1817,SIDM00874,AZD8055,1
1818,SIDM00308,AZD8055,1
1819,SIDM00641,AZD8055,1
1820,SIDM01070,AZD8055,1
1821,SIDM01013,AZD8055,1
1822,SIDM01172,AZD8055,1
1823,SIDM00942,AZD8055,1
1824,SIDM01015,AZD8055,1
1825,SIDM00403,AZD8055,1
1826,SIDM00431,AZD8055,1
1827,SIDM00401,AZD8055,1
1828,SIDM00442,AZD8055,1
1829,SIDM00394,AZD8186,1
1830,SIDM00483,AZD8186,1
1831,SIDM00417,AZD8186,1
1832,SIDM00985,AZD8186,1
1833,SIDM00989,AZD8186,1
1834,SIDM01029,AZD8186,1
1835,SIDM00422,AZD8186,1
1836,SIDM00867,AZD8186,1
1837,SIDM00947,AZD8186,1
1838,SIDM00458,AZD8186,1
1839,SIDM01086,AZD8186,1
1840,SIDM00428,AZD8186,1
1841,SIDM00941,AZD8186,1
1842,SIDM00441,AZD8186,1
1843,SIDM00896,AZD8186,1
1844,SIDM01172,AZD8186,1
1845,SIDM00936,AZD8186,1
1846,SIDM00450,AZD8186,1
1847,SIDM00783,AZD8186,1
1848,SIDM00333,AZD8186,1
1849,SIDM00388,AZD8186,1
1850,SIDM01076,AZD8186,1
1851,SIDM00146,AZD8186,1
1852,SIDM00860,AZD8186,1
1853,SIDM00087,AZD8186,1
1854,SIDM00341,AZD8186,1
1855,SIDM00954,AZD8186,1
1856,SIDM01047,AZD8186,1
1857,SIDM01087,AZD8186,1
1858,SIDM00477,AZD8186,1
1859,SIDM00148,AZD8186,1
1860,SIDM01004,AZD8186,1
1861,SIDM00907,AZD8186,1
1862,SIDM00401,AZD8186,1
1863,SIDM01056,AZD8186,1
1864,SIDM00963,AZD8186,1
1865,SIDM00419,AZD8186,1
1866,SIDM00785,AZD8186,1
1867,SIDM00088,AZD8186,1
1868,SIDM00461,AZD8186,1
1869,SIDM00446,AZD8186,1
1870,SIDM01040,AZD8186,1
1871,SIDM00877,AZD8186,1
1872,SIDM00121,AZD8186,1
1873,SIDM00431,AZD8186,1
1874,SIDM00454,AZD8186,1
1875,SIDM00983,AZD8186,1
1876,SIDM00386,AZD8186,1
1877,SIDM01026,AZD8186,1
1878,SIDM00982,AZD8186,1
1879,SIDM01002,AZD8186,1
1880,SIDM01024,AZD8835,1
1881,SIDM00963,AZD8835,1
1882,SIDM00789,AZD8835,1
1883,SIDM01062,AZD8835,1
1884,SIDM01029,AZD8835,1
1885,SIDM00964,AZD8835,1
1886,SIDM00417,AZD8835,1
1887,SIDM00403,AZD8835,1
1888,SIDM00996,AZD8835,1
1889,SIDM00671,AZD8835,1
1890,SIDM00961,AZD8835,1
1891,SIDM01082,AZD8835,1
1892,SIDM00477,AZD8835,1
1893,SIDM01052,AZD8835,1
1894,SIDM00999,AZD8835,1
1895,SIDM00272,AZD8835,1
1896,SIDM00936,AZD8835,1
1897,SIDM00807,AZD8835,1
1898,SIDM00995,AZD8835,1
1899,SIDM01040,AZD8835,1
1900,SIDM01028,AZD8835,1
1901,SIDM01026,AZD8835,1
1902,SIDM00939,AZD8835,1
1903,SIDM01015,AZD8835,1
1904,SIDM00952,AZD8835,1
1905,SIDM01048,AZD8835,1
1906,SIDM00428,AZD8835,1
1907,SIDM00402,AZD8835,1
1908,SIDM01023,AZD8835,1
1909,SIDM01051,AZD8835,1
1910,SIDM01086,AZD8835,1
1911,SIDM00448,AZD8835,1
1912,SIDM01070,AZD8835,1
1913,SIDM00227,AZD8835,1
1914,SIDM00422,AZD8835,1
1915,SIDM00986,AZD8835,1
1916,SIDM00798,AZD8835,1
1917,SIDM01218,AZD8835,1
1918,SIDM00404,AZD8835,1
1919,SIDM00406,AZD8835,1
1920,SIDM00903,AZD8835,1
1921,SIDM00455,AZD8835,1
1922,SIDM00930,AZD8835,1
1923,SIDM00330,AZD8835,1
1924,SIDM00632,AZD8835,1
1925,SIDM00388,AZD8835,1
1926,SIDM01148,AZD8835,1
1927,SIDM00407,AZD8835,1
1928,SIDM01072,AZD8931,1
1929,SIDM00983,AZD8931,1
1930,SIDM00455,AZD8931,1
1931,SIDM00964,AZD8931,1
1932,SIDM01049,AZD8931,1
1933,SIDM00433,AZD8931,1
1934,SIDM00417,AZD8931,1
1935,SIDM00948,AZD8931,1
1936,SIDM00936,AZD8931,1
1937,SIDM00952,AZD8931,1
1938,SIDM01029,AZD8931,1
1939,SIDM01015,AZD8931,1
1940,SIDM00407,AZD8931,1
1941,SIDM01086,AZD8931,1
1942,SIDM00247,AZD8931,1
1943,SIDM01040,AZD8931,1
1944,SIDM00431,AZD8931,1
1945,SIDM00928,AZD8931,1
1946,SIDM00386,AZD8931,1
1947,SIDM00994,AZD8931,1
1948,SIDM00512,AZD8931,1
1949,SIDM01085,AZD8931,1
1950,SIDM01191,AZD8931,1
1951,SIDM00392,AZD8931,1
1952,SIDM00934,AZD8931,1
1953,SIDM00789,AZD8931,1
1954,SIDM00389,AZD8931,1
1955,SIDM00447,AZD8931,1
1956,SIDM00999,AZD8931,1
1957,SIDM00419,AZD8931,1
1958,SIDM00939,AZD8931,1
1959,SIDM00437,AZD8931,1
1960,SIDM00403,AZD8931,1
1961,SIDM00146,AZD8931,1
1962,SIDM00426,AZD8931,1
1963,SIDM00477,AZD8931,1
1964,SIDM00120,AZD8931,1
1965,SIDM00461,AZD8931,1
1966,SIDM00671,AZD8931,1
1967,SIDM01089,AZD8931,1
1968,SIDM00933,AZD8931,1
1969,SIDM00341,AZD8931,1
1970,SIDM01060,AZD8931,1
1971,SIDM00453,AZD8931,1
1972,SIDM00962,AZD8931,1
1973,SIDM00449,AZD8931,1
1974,SIDM00637,AZD8931,1
1975,SIDM01002,AZD8931,1
1976,SIDM01019,AZD8931,1
1977,SIDM01001,AZD8931,1
1978,SIDM00401,AZD8931,1
1979,SIDM00954,AZD8931,1
1980,SIDM00783,AZD8931,1
1981,SIDM01005,AZD8931,1
1982,SIDM00479,AZD8931,1
1983,SIDM01047,AZD8931,1
1984,SIDM01003,AZD8931,1
1985,SIDM00421,AZD8931,1
1986,SIDM00330,AZD8931,1
1987,SIDM00087,AZD8931,1
1988,SIDM01179,AZD8931,1
1989,SIDM00426,Afatinib,1
1990,SIDM00860,Afatinib,1
1991,SIDM01055,Afatinib,1
1992,SIDM00515,Afatinib,1
1993,SIDM00943,Afatinib,1
1994,SIDM01069,Afatinib,1
1995,SIDM00389,Afatinib,1
1996,SIDM01028,Afatinib,1
1997,SIDM00964,Afatinib,1
1998,SIDM00986,Afatinib,1
1999,SIDM00939,Afatinib,1
2000,SIDM00661,Afatinib,1
2001,SIDM00940,Afatinib,1
2002,SIDM00405,Afatinib,1
2003,SIDM01172,Afatinib,1
2004,SIDM00422,Afatinib,1
2005,SIDM00431,Afatinib,1
2006,SIDM00329,Afatinib,1
2007,SIDM00446,Afatinib,1
2008,SIDM00954,Afatinib,1
2009,SIDM01059,Afatinib,1
2010,SIDM00392,Afatinib,1
2011,SIDM00449,Afatinib,1
2012,SIDM01013,Afatinib,1
2013,SIDM00580,Afatinib,1
2014,SIDM00791,Afatinib,1
2015,SIDM00287,Afatinib,1
2016,SIDM00450,Afatinib,1
2017,SIDM01004,Afatinib,1
2018,SIDM00417,Afatinib,1
2019,SIDM01018,Afatinib,1
2020,SIDM00395,Afatinib,1
2021,SIDM00334,Afatinib,1
2022,SIDM00453,Afatinib,1
2023,SIDM00928,Afatinib,1
2024,SIDM00828,Afatinib,1
2025,SIDM00327,Afatinib,1
2026,SIDM00344,Afatinib,1
2027,SIDM00146,Afatinib,1
2028,SIDM00785,Afatinib,1
2029,SIDM00995,Afatinib,1
2030,SIDM01023,Afatinib,1
2031,SIDM00463,Afatinib,1
2032,SIDM00087,Afatinib,1
2033,SIDM00386,Afatinib,1
2034,SIDM01034,Afatinib,1
2035,SIDM01047,Afatinib,1
2036,SIDM00337,Afatinib,1
2037,SIDM01040,Afatinib,1
2038,SIDM01066,Afatinib,1
2039,SIDM01030,Afatinib,1
2040,SIDM01073,Afatinib,1
2041,SIDM00460,Afatinib,1
2042,SIDM00097,Afatinib,1
2043,SIDM00953,Afatinib,1
2044,SIDM00632,Afatinib,1
2045,SIDM01085,Afatinib,1
2046,SIDM00948,Afatinib,1
2047,SIDM01068,Afatinib,1
2048,SIDM00145,Afatinib,1
2049,SIDM00415,Afatinib,1
2050,SIDM00637,Afatinib,1
2051,SIDM01057,Afatinib,1
2052,SIDM00332,Afatinib,1
2053,SIDM01009,Afatinib,1
2054,SIDM00136,Afatinib,1
2055,SIDM00935,Afatinib,1
2056,SIDM00338,Afatinib,1
2057,SIDM00933,Alectinib,1
2058,SIDM00419,Alectinib,1
2059,SIDM00982,Alectinib,1
2060,SIDM00987,Alectinib,1
2061,SIDM00954,Alectinib,1
2062,SIDM00874,Alectinib,1
2063,SIDM00407,Alectinib,1
2064,SIDM00942,Alectinib,1
2065,SIDM00832,Alectinib,1
2066,SIDM00943,Alectinib,1
2067,SIDM00807,Alectinib,1
2068,SIDM00951,Alectinib,1
2069,SIDM00387,Alectinib,1
2070,SIDM00791,Alectinib,1
2071,SIDM00332,Alectinib,1
2072,SIDM01026,Alectinib,1
2073,SIDM01111,Alectinib,1
2074,SIDM00512,Alectinib,1
2075,SIDM00993,Alectinib,1
2076,SIDM01131,Alectinib,1
2077,SIDM00999,Alectinib,1
2078,SIDM00483,Alectinib,1
2079,SIDM00391,Alectinib,1
2080,SIDM00935,Alectinib,1
2081,SIDM00947,Alectinib,1
2082,SIDM00401,Alectinib,1
2083,SIDM01110,Alectinib,1
2084,SIDM01028,Alectinib,1
2085,SIDM00828,Alectinib,1
2086,SIDM00457,Alectinib,1
2087,SIDM01032,Alectinib,1
2088,SIDM01056,Alectinib,1
2089,SIDM00388,Alectinib,1
2090,SIDM00526,Alectinib,1
2091,SIDM00900,Alectinib,1
2092,SIDM00980,Alectinib,1
2093,SIDM00447,Alectinib,1
2094,SIDM00460,Alectinib,1
2095,SIDM00404,Alectinib,1
2096,SIDM00403,Alectinib,1
2097,SIDM00938,Alectinib,1
2098,SIDM00247,Alectinib,1
2099,SIDM00448,Alectinib,1
2100,SIDM01218,Alectinib,1
2101,SIDM01005,Alectinib,1
2102,SIDM00637,Alectinib,1
2103,SIDM00929,Alectinib,1
2104,SIDM01058,Alectinib,1
2105,SIDM00346,Alectinib,1
2106,SIDM00431,Alectinib,1
2107,SIDM01068,Alectinib,1
2108,SIDM01073,Alectinib,1
2109,SIDM01040,Alectinib,1
2110,SIDM00097,Alisertib,1
2111,SIDM01068,Alisertib,1
2112,SIDM00422,Alisertib,1
2113,SIDM01057,Alisertib,1
2114,SIDM00947,Alisertib,1
2115,SIDM00942,Alisertib,1
2116,SIDM00388,Alisertib,1
2117,SIDM01073,Alisertib,1
2118,SIDM00148,Alisertib,1
2119,SIDM00330,Alisertib,1
2120,SIDM01025,Alisertib,1
2121,SIDM00943,Alisertib,1
2122,SIDM01020,Alisertib,1
2123,SIDM00272,Alisertib,1
2124,SIDM00988,Alisertib,1
2125,SIDM00458,Alisertib,1
2126,SIDM01003,Alisertib,1
2127,SIDM00935,Alisertib,1
2128,SIDM00227,Alisertib,1
2129,SIDM01076,Alisertib,1
2130,SIDM01048,Alisertib,1
2131,SIDM00999,Alisertib,1
2132,SIDM00951,Alisertib,1
2133,SIDM01072,Alisertib,1
2134,SIDM00333,Alisertib,1
2135,SIDM00657,Alisertib,1
2136,SIDM00428,Alisertib,1
2137,SIDM00431,Alisertib,1
2138,SIDM00983,Alisertib,1
2139,SIDM00896,Alisertib,1
2140,SIDM00449,Alisertib,1
2141,SIDM00145,Alisertib,1
2142,SIDM00335,Alisertib,1
2143,SIDM00136,Alisertib,1
2144,SIDM00962,Alisertib,1
2145,SIDM00996,Alisertib,1
2146,SIDM01018,Alisertib,1
2147,SIDM00120,Alisertib,1
2148,SIDM01045,Alisertib,1
2149,SIDM00457,Alisertib,1
2150,SIDM00944,Alisertib,1
2151,SIDM00981,Alisertib,1
2152,SIDM00512,Alisertib,1
2153,SIDM00927,Alisertib,1
2154,SIDM00463,Amuvatinib,1
2155,SIDM01032,Amuvatinib,1
2156,SIDM00989,Amuvatinib,1
2157,SIDM01076,Amuvatinib,1
2158,SIDM00446,Amuvatinib,1
2159,SIDM00426,Amuvatinib,1
2160,SIDM01110,Amuvatinib,1
2161,SIDM00928,Amuvatinib,1
2162,SIDM00512,Amuvatinib,1
2163,SIDM00088,Amuvatinib,1
2164,SIDM01064,Amuvatinib,1
2165,SIDM01068,Amuvatinib,1
2166,SIDM00332,Amuvatinib,1
2167,SIDM00657,Amuvatinib,1
2168,SIDM00451,Amuvatinib,1
2169,SIDM00483,Amuvatinib,1
2170,SIDM00526,Amuvatinib,1
2171,SIDM00441,Amuvatinib,1
2172,SIDM01030,Amuvatinib,1
2173,SIDM01111,Amuvatinib,1
2174,SIDM00330,Amuvatinib,1
2175,SIDM01036,Amuvatinib,1
2176,SIDM00087,Amuvatinib,1
2177,SIDM00637,Amuvatinib,1
2178,SIDM00387,Amuvatinib,1
2179,SIDM00641,Amuvatinib,1
2180,SIDM00944,Amuvatinib,1
2181,SIDM00453,Amuvatinib,1
2182,SIDM00289,Amuvatinib,1
2183,SIDM00950,Amuvatinib,1
2184,SIDM00953,Amuvatinib,1
2185,SIDM00443,Amuvatinib,1
2186,SIDM00783,Amuvatinib,1
2187,SIDM00329,Amuvatinib,1
2188,SIDM00389,Amuvatinib,1
2189,SIDM01001,Amuvatinib,1
2190,SIDM00936,Amuvatinib,1
2191,SIDM01191,Amuvatinib,1
2192,SIDM00954,Amuvatinib,1
2193,SIDM01057,Amuvatinib,1
2194,SIDM00962,Amuvatinib,1
2195,SIDM01042,Amuvatinib,1
2196,SIDM00340,Amuvatinib,1
2197,SIDM00829,Amuvatinib,1
2198,SIDM00628,Amuvatinib,1
2199,SIDM00423,Amuvatinib,1
2200,SIDM01131,Amuvatinib,1
2201,SIDM01086,Amuvatinib,1
2202,SIDM00341,Amuvatinib,1
2203,SIDM00877,Amuvatinib,1
2204,SIDM00286,Amuvatinib,1
2205,SIDM00832,Amuvatinib,1
2206,SIDM00996,Amuvatinib,1
2207,SIDM00828,Amuvatinib,1
2208,SIDM00937,Amuvatinib,1
2209,SIDM00391,Apitolisib,1
2210,SIDM00443,Apitolisib,1
2211,SIDM00124,Apitolisib,1
2212,SIDM01179,Apitolisib,1
2213,SIDM01043,Apitolisib,1
2214,SIDM00526,Apitolisib,1
2215,SIDM00637,Apitolisib,1
2216,SIDM00327,Apitolisib,1
2217,SIDM01048,Apitolisib,1
2218,SIDM00389,Apitolisib,1
2219,SIDM00392,Apitolisib,1
2220,SIDM00423,Apitolisib,1
2221,SIDM01086,Apitolisib,1
2222,SIDM00932,Apitolisib,1
2223,SIDM00515,Apitolisib,1
2224,SIDM00451,Apitolisib,1
2225,SIDM01082,Apitolisib,1
2226,SIDM00449,Apitolisib,1
2227,SIDM00941,Apitolisib,1
2228,SIDM00657,Apitolisib,1
2229,SIDM00308,Apitolisib,1
2230,SIDM00895,Apitolisib,1
2231,SIDM01028,Apitolisib,1
2232,SIDM01001,Apitolisib,1
2233,SIDM00867,Apitolisib,1
2234,SIDM00446,Apitolisib,1
2235,SIDM01013,Apitolisib,1
2236,SIDM00929,Apitolisib,1
2237,SIDM01055,Apitolisib,1
2238,SIDM00120,Apitolisib,1
2239,SIDM00477,Apitolisib,1
2240,SIDM00993,Apitolisib,1
2241,SIDM00338,Apitolisib,1
2242,SIDM00420,Apitolisib,1
2243,SIDM00437,Apitolisib,1
2244,SIDM00329,Apitolisib,1
2245,SIDM00396,Apitolisib,1
2246,SIDM01034,Apitolisib,1
2247,SIDM00950,Apitolisib,1
2248,SIDM00953,Apitolisib,1
2249,SIDM01004,Apitolisib,1
2250,SIDM01176,Apitolisib,1
2251,SIDM00783,Apitolisib,1
2252,SIDM00429,Apitolisib,1
2253,SIDM00981,Apitolisib,1
2254,SIDM00980,Apitolisib,1
2255,SIDM01111,Apitolisib,1
2256,SIDM01024,Apitolisib,1
2257,SIDM00416,Apitolisib,1
2258,SIDM00949,Apitolisib,1
2259,SIDM00933,Apitolisib,1
2260,SIDM00390,Apitolisib,1
2261,SIDM00632,Apitolisib,1
2262,SIDM01040,Apitolisib,1
2263,SIDM01058,Apitolisib,1
2264,SIDM00412,Apitolisib,1
2265,SIDM00455,Apitolisib,1
2266,SIDM00996,Apitolisib,1
2267,SIDM01015,Apitolisib,1
2268,SIDM00421,Apitolisib,1
2269,SIDM00419,Apitolisib,1
2270,SIDM00947,Apitolisib,1
2271,SIDM00406,Apitolisib,1
2272,SIDM01048,Ara-G,1
2273,SIDM00136,Ara-G,1
2274,SIDM00287,Ara-G,1
2275,SIDM01058,Ara-G,1
2276,SIDM01087,Ara-G,1
2277,SIDM00962,Ara-G,1
2278,SIDM00900,Ara-G,1
2279,SIDM00877,Ara-G,1
2280,SIDM00339,Ara-G,1
2281,SIDM00458,Ara-G,1
2282,SIDM00426,Ara-G,1
2283,SIDM00958,Ara-G,1
2284,SIDM00461,Ara-G,1
2285,SIDM00447,Ara-G,1
2286,SIDM00407,Ara-G,1
2287,SIDM00344,Ara-G,1
2288,SIDM01003,Ara-G,1
2289,SIDM01024,Ara-G,1
2290,SIDM00405,Ara-G,1
2291,SIDM01071,Ara-G,1
2292,SIDM00981,Ara-G,1
2293,SIDM01056,Ara-G,1
2294,SIDM00334,Ara-G,1
2295,SIDM00333,Ara-G,1
2296,SIDM01028,Ara-G,1
2297,SIDM01060,Ara-G,1
2298,SIDM01110,Ara-G,1
2299,SIDM00429,Ara-G,1
2300,SIDM00336,Ara-G,1
2301,SIDM00988,Ara-G,1
2302,SIDM00785,Ara-G,1
2303,SIDM01045,Ara-G,1
2304,SIDM00342,Ara-G,1
2305,SIDM00437,Ara-G,1
2306,SIDM01047,Ara-G,1
2307,SIDM00512,Ara-G,1
2308,SIDM00462,Ara-G,1
2309,SIDM00477,Ara-G,1
2310,SIDM00783,Ara-G,1
2311,SIDM00389,Ara-G,1
2312,SIDM00396,Ara-G,1
2313,SIDM00406,Ara-G,1
2314,SIDM01034,Ara-G,1
2315,SIDM00867,Ara-G,1
2316,SIDM01154,Ara-G,1
2317,SIDM00987,Ara-G,1
2318,SIDM00860,Ara-G,1
2319,SIDM00637,Ara-G,1
2320,SIDM01073,Ara-G,1
2321,SIDM00953,Ara-G,1
2322,SIDM00390,Ara-G,1
2323,SIDM01033,Ara-G,1
2324,SIDM01131,Ara-G,1
2325,SIDM00120,Ara-G,1
2326,SIDM01049,Ara-G,1
2327,SIDM01066,Ara-G,1
2328,SIDM00963,Ara-G,1
2329,SIDM00941,Ara-G,1
2330,SIDM00927,Ara-G,1
2331,SIDM00441,Ara-G,1
2332,SIDM00996,Ara-G,1
2333,SIDM00332,Avagacestat,1
2334,SIDM01023,Avagacestat,1
2335,SIDM00345,Avagacestat,1
2336,SIDM00437,Avagacestat,1
2337,SIDM01070,Avagacestat,1
2338,SIDM00335,Avagacestat,1
2339,SIDM00447,Avagacestat,1
2340,SIDM00900,Avagacestat,1
2341,SIDM00944,Avagacestat,1
2342,SIDM01032,Avagacestat,1
2343,SIDM01031,Avagacestat,1
2344,SIDM01009,Avagacestat,1
2345,SIDM01191,Avagacestat,1
2346,SIDM01082,Avagacestat,1
2347,SIDM00424,Avagacestat,1
2348,SIDM00389,Avagacestat,1
2349,SIDM00964,Avagacestat,1
2350,SIDM01048,Avagacestat,1
2351,SIDM00932,Avagacestat,1
2352,SIDM00930,Avagacestat,1
2353,SIDM00990,Avagacestat,1
2354,SIDM00088,Avagacestat,1
2355,SIDM00454,Avagacestat,1
2356,SIDM01148,Avagacestat,1
2357,SIDM00980,Avagacestat,1
2358,SIDM00406,Avagacestat,1
2359,SIDM01069,Avagacestat,1
2360,SIDM00946,Avagacestat,1
2361,SIDM00410,Avagacestat,1
2362,SIDM00426,Avagacestat,1
2363,SIDM00289,Avagacestat,1
2364,SIDM00460,Avagacestat,1
2365,SIDM01045,Avagacestat,1
2366,SIDM00462,Avagacestat,1
2367,SIDM00896,Avagacestat,1
2368,SIDM00411,Avagacestat,1
2369,SIDM00791,Avagacestat,1
2370,SIDM01001,Avagacestat,1
2371,SIDM00272,Avagacestat,1
2372,SIDM00798,Avagacestat,1
2373,SIDM01005,Avagacestat,1
2374,SIDM00392,Avagacestat,1
2375,SIDM00284,Avagacestat,1
2376,SIDM00334,Avagacestat,1
2377,SIDM00594,Avagacestat,1
2378,SIDM00338,Avagacestat,1
2379,SIDM00935,Avagacestat,1
2380,SIDM00097,Avagacestat,1
2381,SIDM00938,Avagacestat,1
2382,SIDM01047,Avagacestat,1
2383,SIDM01073,Avagacestat,1
2384,SIDM00087,Avagacestat,1
2385,SIDM00341,Avagacestat,1
2386,SIDM00928,Avagacestat,1
2387,SIDM00934,Avagacestat,1
2388,SIDM01003,Avagacestat,1
2389,SIDM00145,Avagacestat,1
2390,SIDM01089,Avagacestat,1
2391,SIDM00874,Avagacestat,1
2392,SIDM00900,Avagacestat,1
2393,SIDM01071,Avagacestat,1
2394,SIDM00433,Avagacestat,1
2395,SIDM00431,Avagacestat,1
2396,SIDM00429,Avagacestat,1
2397,SIDM00941,Avagacestat,1
2398,SIDM00455,Avagacestat,1
2399,SIDM00807,Avagacestat,1
2400,SIDM00832,Avagacestat,1
2401,SIDM00661,Avagacestat,1
2402,SIDM01103,Avagacestat,1
2403,SIDM00458,Avagacestat,1
2404,SIDM00285,Avagacestat,1
2405,SIDM00477,Avagacestat,1
2406,SIDM01111,Avagacestat,1
2407,SIDM01002,Avagacestat,1
2408,SIDM00946,Avagacestat,1
2409,SIDM01060,Avagacestat,1
2410,SIDM00308,Avagacestat,1
2411,SIDM00327,Avagacestat,1
2412,SIDM00428,Avagacestat,1
2413,SIDM00706,Avagacestat,1
2414,SIDM00392,Avagacestat,1
2415,SIDM01055,Avagacestat,1
2416,SIDM00391,Avagacestat,1
2417,SIDM00580,Avagacestat,1
2418,SIDM00526,Avagacestat,1
2419,SIDM01076,Avagacestat,1
2420,SIDM01024,Avagacestat,1
2421,SIDM00386,Avagacestat,1
2422,SIDM01056,Avagacestat,1
2423,SIDM01062,Avagacestat,1
2424,SIDM00860,Avagacestat,1
2425,SIDM00783,Avagacestat,1
2426,SIDM00406,Avagacestat,1
2427,SIDM00395,Avagacestat,1
2428,SIDM00791,Avagacestat,1
2429,SIDM01110,Avagacestat,1
2430,SIDM00421,Avagacestat,1
2431,SIDM00903,Avagacestat,1
2432,SIDM01131,Avagacestat,1
2433,SIDM00671,Avagacestat,1
2434,SIDM00463,Avagacestat,1
2435,SIDM00416,Avagacestat,1
2436,SIDM00463,Avagacestat,1
2437,SIDM00453,Avagacestat,1
2438,SIDM00396,Avagacestat,1
2439,SIDM00949,Avagacestat,1
2440,SIDM01051,Avagacestat,1
2441,SIDM00932,Avagacestat,1
2442,SIDM00337,Avagacestat,1
2443,SIDM00479,Avagacestat,1
2444,SIDM00148,Avagacestat,1
2445,SIDM01067,Avagacestat,1
2446,SIDM01024,Avagacestat,1
2447,SIDM00657,Avagacestat,1
2448,SIDM00641,Avagacestat,1
2449,SIDM00706,Axitinib,1
2450,SIDM00227,Axitinib,1
2451,SIDM00460,Axitinib,1
2452,SIDM01020,Axitinib,1
2453,SIDM00996,Axitinib,1
2454,SIDM00936,Axitinib,1
2455,SIDM00419,Axitinib,1
2456,SIDM00999,Axitinib,1
2457,SIDM01058,Axitinib,1
2458,SIDM00982,Axitinib,1
2459,SIDM00526,Axitinib,1
2460,SIDM01019,Axitinib,1
2461,SIDM00442,Axitinib,1
2462,SIDM00479,Axitinib,1
2463,SIDM00380,Axitinib,1
2464,SIDM00641,Axitinib,1
2465,SIDM00437,Axitinib,1
2466,SIDM00798,Axitinib,1
2467,SIDM00441,Axitinib,1
2468,SIDM01038,Axitinib,1
2469,SIDM00637,Axitinib,1
2470,SIDM01045,Axitinib,1
2471,SIDM01018,Axitinib,1
2472,SIDM00949,Axitinib,1
2473,SIDM00422,Axitinib,1
2474,SIDM01001,Axitinib,1
2475,SIDM00428,Axitinib,1
2476,SIDM00515,Axitinib,1
2477,SIDM00395,Axitinib,1
2478,SIDM00329,Axitinib,1
2479,SIDM00308,BAM7,1
2480,SIDM00479,BAM7,1
2481,SIDM00938,BAM7,1
2482,SIDM00946,BAM7,1
2483,SIDM00929,BAM7,1
2484,SIDM00345,BAM7,1
2485,SIDM00900,BAM7,1
2486,SIDM00783,BAM7,1
2487,SIDM01111,BAM7,1
2488,SIDM00785,BAM7,1
2489,SIDM00874,BAM7,1
2490,SIDM01009,BAM7,1
2491,SIDM00942,BAM7,1
2492,SIDM01110,BAM7,1
2493,SIDM01072,BAM7,1
2494,SIDM01056,BAM7,1
2495,SIDM00434,BAM7,1
2496,SIDM00412,BAM7,1
2497,SIDM00983,BAM7,1
2498,SIDM00953,BAM7,1
2499,SIDM01004,BAM7,1
2500,SIDM00930,BAM7,1
2501,SIDM01027,BAM7,1
2502,SIDM00458,BAM7,1
2503,SIDM00088,BAM7,1
2504,SIDM01085,BAM7,1
2505,SIDM00477,BAM7,1
2506,SIDM01073,BAM7,1
2507,SIDM00944,BAM7,1
2508,SIDM01051,BAM7,1
2509,SIDM00121,BAM7,1
2510,SIDM01067,BAM7,1
2511,SIDM00389,BAM7,1
2512,SIDM00934,BAM7,1
2513,SIDM00789,BAM7,1
2514,SIDM00706,BAM7,1
2515,SIDM00442,BAM7,1
2516,SIDM01059,BAM7,1
2517,SIDM00982,BAM7,1
2518,SIDM01033,BAM7,1
2519,SIDM00429,BAM7,1
2520,SIDM00420,BAM7,1
2521,SIDM00903,BAM7,1
2522,SIDM00424,BAM7,1
2523,SIDM00146,BAM7,1
2524,SIDM00344,BAM7,1
2525,SIDM00272,BAM7,1
2526,SIDM00927,BAM7,1
2527,SIDM00463,BAM7,1
2528,SIDM01048,BAM7,1
2529,SIDM00985,BAM7,1
2530,SIDM00907,BAM7,1
2531,SIDM01025,BAM7,1
2532,SIDM01131,BAM7,1
2533,SIDM01002,BAM7,1
2534,SIDM00995,BAY-61-3606,1
2535,SIDM00785,BAY-61-3606,1
2536,SIDM00088,BAY-61-3606,1
2537,SIDM00962,BAY-61-3606,1
2538,SIDM00907,BAY-61-3606,1
2539,SIDM00783,BAY-61-3606,1
2540,SIDM00410,BAY-61-3606,1
2541,SIDM00895,BAY-61-3606,1
2542,SIDM00944,BAY-61-3606,1
2543,SIDM00340,BAY-61-3606,1
2544,SIDM00860,BAY-61-3606,1
2545,SIDM00791,BAY-61-3606,1
2546,SIDM00936,BAY-61-3606,1
2547,SIDM00706,BAY-61-3606,1
2548,SIDM00628,BAY-61-3606,1
2549,SIDM00387,BAY-61-3606,1
2550,SIDM01067,BAY-61-3606,1
2551,SIDM00789,BAY-61-3606,1
2552,SIDM00632,BAY-61-3606,1
2553,SIDM00441,BAY-61-3606,1
2554,SIDM01025,BAY-61-3606,1
2555,SIDM01089,BAY-61-3606,1
2556,SIDM01052,BAY-61-3606,1
2557,SIDM00341,BAY-61-3606,1
2558,SIDM00990,BAY-61-3606,1
2559,SIDM01042,BAY-61-3606,1
2560,SIDM00401,BAY-61-3606,1
2561,SIDM01071,BAY-61-3606,1
2562,SIDM01057,BAY-61-3606,1
2563,SIDM00951,BAY-61-3606,1
2564,SIDM00657,BAY-61-3606,1
2565,SIDM01086,BAY-61-3606,1
2566,SIDM00411,BAY-61-3606,1
2567,SIDM00437,BAY-61-3606,1
2568,SIDM00334,BAY-61-3606,1
2569,SIDM00994,BAY-61-3606,1
2570,SIDM00227,BAY-61-3606,1
2571,SIDM00448,BAY-61-3606,1
2572,SIDM00289,BAY-61-3606,1
2573,SIDM00443,BAY-61-3606,1
2574,SIDM01003,BAY-61-3606,1
2575,SIDM01018,BAY-61-3606,1
2576,SIDM00499,BAY-61-3606,1
2577,SIDM00446,BAY-61-3606,1
2578,SIDM00641,BAY-61-3606,1
2579,SIDM00807,BAY-61-3606,1
2580,SIDM00996,BAY-61-3606,1
2581,SIDM00120,BAY-61-3606,1
2582,SIDM00447,BAY-61-3606,1
2583,SIDM00087,BI-2536,1
2584,SIDM00994,BI-2536,1
2585,SIDM00313,BI-2536,1
2586,SIDM00342,BI-2536,1
2587,SIDM01176,BI-2536,1
2588,SIDM01018,BI-2536,1
2589,SIDM00641,BI-2536,1
2590,SIDM00437,BI-2536,1
2591,SIDM00963,BI-2536,1
2592,SIDM00431,BI-2536,1
2593,SIDM00421,BI-2536,1
2594,SIDM01076,BI-2536,1
2595,SIDM00460,BI-2536,1
2596,SIDM00877,BI-2536,1
2597,SIDM00993,BI-2536,1
2598,SIDM00580,BI-2536,1
2599,SIDM00946,BI-2536,1
2600,SIDM01047,BI-2536,1
2601,SIDM00907,BI-2536,1
2602,SIDM00417,BI-2536,1
2603,SIDM01073,BI-2536,1
2604,SIDM01131,BI-2536,1
2605,SIDM00706,BI-2536,1
2606,SIDM01058,BI-2536,1
2607,SIDM00434,BI-2536,1
2608,SIDM00877,BIBF-1120,1
2609,SIDM00424,BIBF-1120,1
2610,SIDM01131,BIBF-1120,1
2611,SIDM00628,BIBF-1120,1
2612,SIDM00896,BIBF-1120,1
2613,SIDM00985,BIBF-1120,1
2614,SIDM01062,BIBF-1120,1
2615,SIDM01048,BIBF-1120,1
2616,SIDM01191,BIBF-1120,1
2617,SIDM00420,BIBF-1120,1
2618,SIDM01073,BIBF-1120,1
2619,SIDM01069,BIBF-1120,1
2620,SIDM00421,BIBF-1120,1
2621,SIDM01110,BIBF-1120,1
2622,SIDM01029,BIBF-1120,1
2623,SIDM00443,BIBF-1120,1
2624,SIDM00477,BIBF-1120,1
2625,SIDM01049,BIBF-1120,1
2626,SIDM00346,BIBF-1120,1
2627,SIDM00927,BIBF-1120,1
2628,SIDM00344,BIBF-1120,1
2629,SIDM00097,BIBF-1120,1
2630,SIDM01030,BIBF-1120,1
2631,SIDM00272,BIBF-1120,1
2632,SIDM00402,BIBF-1120,1
2633,SIDM00463,BIBF-1120,1
2634,SIDM00943,BIBF-1120,1
2635,SIDM00338,BIBF-1120,1
2636,SIDM01057,BIBF-1120,1
2637,SIDM01218,BIBF-1120,1
2638,SIDM00345,BIBF-1120,1
2639,SIDM00401,BIBF-1120,1
2640,SIDM01176,BIBF-1120,1
2641,SIDM00949,BIBF-1120,1
2642,SIDM00886,BIBF-1120,1
2643,SIDM01071,BIBF-1120,1
2644,SIDM00438,BIBF-1120,1
2645,SIDM00907,BIBF-1120,1
2646,SIDM00832,BIBF-1120,1
2647,SIDM01019,BIBF-1120,1
2648,SIDM00657,BIBF-1120,1
2649,SIDM00454,BIBF-1120,1
2650,SIDM00789,BIBF-1120,1
2651,SIDM00403,BIBF-1120,1
2652,SIDM00391,BIBF-1120,1
2653,SIDM01076,BIBF-1120,1
2654,SIDM00327,BIBF-1120,1
2655,SIDM01060,BIBF-1120,1
2656,SIDM00947,BIBF-1120,1
2657,SIDM00981,BIBF-1120,1
2658,SIDM00404,BIBF-1120,1
2659,SIDM01089,BIBF-1120,1
2660,SIDM00995,BIBF-1120,1
2661,SIDM00942,BIX02189,1
2662,SIDM01085,BIX02189,1
2663,SIDM00441,BIX02189,1
2664,SIDM00932,BIX02189,1
2665,SIDM01036,BIX02189,1
2666,SIDM00930,BIX02189,1
2667,SIDM00284,BIX02189,1
2668,SIDM00387,BIX02189,1
2669,SIDM00415,BIX02189,1
2670,SIDM01191,BIX02189,1
2671,SIDM01034,BIX02189,1
2672,SIDM00329,BIX02189,1
2673,SIDM01025,BIX02189,1
2674,SIDM00327,BIX02189,1
2675,SIDM00996,BIX02189,1
2676,SIDM00458,BIX02189,1
2677,SIDM00413,BIX02189,1
2678,SIDM00463,BIX02189,1
2679,SIDM01048,BIX02189,1
2680,SIDM00308,BIX02189,1
2681,SIDM00460,BIX02189,1
2682,SIDM00903,BIX02189,1
2683,SIDM01009,BIX02189,1
2684,SIDM00433,BIX02189,1
2685,SIDM00410,BIX02189,1
2686,SIDM00386,BIX02189,1
2687,SIDM00446,BIX02189,1
2688,SIDM00828,BIX02189,1
2689,SIDM01131,BIX02189,1
2690,SIDM01066,BIX02189,1
2691,SIDM00957,BIX02189,1
2692,SIDM00404,BIX02189,1
2693,SIDM01013,BIX02189,1
2694,SIDM01020,BIX02189,1
2695,SIDM00785,BIX02189,1
2696,SIDM00391,BIX02189,1
2697,SIDM01027,BIX02189,1
2698,SIDM00860,BIX02189,1
2699,SIDM00983,BIX02189,1
2700,SIDM00338,BIX02189,1
2701,SIDM01089,BIX02189,1
2702,SIDM01067,BIX02189,1
2703,SIDM00434,BIX02189,1
2704,SIDM00997,BIX02189,1
2705,SIDM00330,BIX02189,1
2706,SIDM00148,BIX02189,1
2707,SIDM01076,BIX02189,1
2708,SIDM00479,BIX02189,1
2709,SIDM01043,BIX02189,1
2710,SIDM00829,BIX02189,1
2711,SIDM00939,BIX02189,1
2712,SIDM01062,BIX02189,1
2713,SIDM01218,BIX02189,1
2714,SIDM01031,BIX02189,1
2715,SIDM01029,BIX02189,1
2716,SIDM00940,BIX02189,1
2717,SIDM00403,BIX02189,1
2718,SIDM00941,BIX02189,1
2719,SIDM00886,BIX02189,1
2720,SIDM00929,BMS-345541,1
2721,SIDM00783,BMS-345541,1
2722,SIDM00121,BMS-345541,1
2723,SIDM00964,BMS-345541,1
2724,SIDM00124,BMS-345541,1
2725,SIDM00671,BMS-345541,1
2726,SIDM00995,BMS-345541,1
2727,SIDM01029,BMS-345541,1
2728,SIDM01020,BMS-345541,1
2729,SIDM01076,BMS-345541,1
2730,SIDM00441,BMS-345541,1
2731,SIDM00933,BMS-345541,1
2732,SIDM00936,BMS-345541,1
2733,SIDM00434,BMS-345541,1
2734,SIDM01004,BMS-345541,1
2735,SIDM00637,BMS-345541,1
2736,SIDM00791,BMS-345541,1
2737,SIDM00963,BMS-345541,1
2738,SIDM01069,BMS-345541,1
2739,SIDM00950,BMS-345541,1
2740,SIDM01057,BMS-345541,1
2741,SIDM00433,BMS-345541,1
2742,SIDM00940,BMS-345541,1
2743,SIDM01060,BMS-345541,1
2744,SIDM00342,BMS-345541,1
2745,SIDM00457,BMS-345541,1
2746,SIDM00927,BMS-345541,1
2747,SIDM00335,BMS-345541,1
2748,SIDM00284,BMS-345541,1
2749,SIDM00986,BMS-345541,1
2750,SIDM00946,BMS-345541,1
2751,SIDM00832,BMS-345541,1
2752,SIDM00985,BMS-345541,1
2753,SIDM00460,BMS-345541,1
2754,SIDM00421,BMS-345541,1
2755,SIDM00895,BMS-345541,1
2756,SIDM00661,BMS-345541,1
2757,SIDM00313,BMS-345541,1
2758,SIDM00387,BMS-345541,1
2759,SIDM01064,BMS-345541,1
2760,SIDM00807,BMS-345541,1
2761,SIDM00396,BMS-345541,1
2762,SIDM00829,BMS-345541,1
2763,SIDM00594,BMS-345541,1
2764,SIDM00420,BMS-345541,1
2765,SIDM00097,BMS-345541,1
2766,SIDM00340,BMS-345541,1
2767,SIDM00308,BMS-345541,1
2768,SIDM00455,BMS-345541,1
2769,SIDM00148,BMS-345541,1
2770,SIDM00145,BMS-345541,1
2771,SIDM00406,BMS-345541,1
2772,SIDM01131,BMS-345541,1
2773,SIDM00272,BMS-345541,1
2774,SIDM00391,BMS-345541,1
2775,SIDM01103,BMS-345541,1
2776,SIDM00447,BMS-345541,1
2777,SIDM01067,BMS-345541,1
2778,SIDM00810,BMS-345541,1
2779,SIDM00938,BMS-345541,1
2780,SIDM01172,BMS-509744,1
2781,SIDM00661,BMS-509744,1
2782,SIDM01058,BMS-509744,1
2783,SIDM00405,BMS-509744,1
2784,SIDM00413,BMS-509744,1
2785,SIDM01176,BMS-509744,1
2786,SIDM00637,BMS-509744,1
2787,SIDM00657,BMS-509744,1
2788,SIDM00419,BMS-509744,1
2789,SIDM00340,BMS-509744,1
2790,SIDM00460,BMS-509744,1
2791,SIDM00391,BMS-509744,1
2792,SIDM00441,BMS-509744,1
2793,SIDM01047,BMS-509744,1
2794,SIDM00457,BMS-509744,1
2795,SIDM00287,BMS-509744,1
2796,SIDM00346,BMS-509744,1
2797,SIDM00380,BMS-509744,1
2798,SIDM00388,BMS-509744,1
2799,SIDM00422,BMS-509744,1
2800,SIDM00580,BMS-509744,1
2801,SIDM00938,BMS-509744,1
2802,SIDM00338,BMS-509744,1
2803,SIDM00289,BMS-509744,1
2804,SIDM01036,BMS-509744,1
2805,SIDM00313,BMS-509744,1
2806,SIDM01019,BMS-509744,1
2807,SIDM00145,BMS-509744,1
2808,SIDM00450,BMS-509744,1
2809,SIDM00948,BMS-509744,1
2810,SIDM00286,BMS-509744,1
2811,SIDM00332,BMS-509744,1
2812,SIDM01064,BMS-509744,1
2813,SIDM01005,BMS-509744,1
2814,SIDM00429,BMS-509744,1
2815,SIDM00340,BMS-536924,1
2816,SIDM00940,BMS-536924,1
2817,SIDM01019,BMS-536924,1
2818,SIDM00515,BMS-536924,1
2819,SIDM00380,BMS-536924,1
2820,SIDM00983,BMS-536924,1
2821,SIDM01059,BMS-536924,1
2822,SIDM00964,BMS-536924,1
2823,SIDM00341,BMS-536924,1
2824,SIDM00936,BMS-536924,1
2825,SIDM01085,BMS-536924,1
2826,SIDM01034,BMS-536924,1
2827,SIDM00289,BMS-536924,1
2828,SIDM00437,BMS-536924,1
2829,SIDM01086,BMS-536924,1
2830,SIDM01107,BMS-536924,1
2831,SIDM00877,BMS-536924,1
2832,SIDM01066,BMS-536924,1
2833,SIDM01110,BMS-536924,1
2834,SIDM00637,BMS-536924,1
2835,SIDM00424,BMS-536924,1
2836,SIDM00995,BMS-536924,1
2837,SIDM00121,BMS-536924,1
2838,SIDM00441,BMS-536924,1
2839,SIDM00946,BMS-536924,1
2840,SIDM01076,BMS-536924,1
2841,SIDM00961,BMS-536924,1
2842,SIDM00448,BMS-536924,1
2843,SIDM00339,BMS-536924,1
2844,SIDM00424,BMS-536924,1
2845,SIDM00453,BMS-536924,1
2846,SIDM00313,BMS-536924,1
2847,SIDM00446,BMS-536924,1
2848,SIDM01040,BMS-536924,1
2849,SIDM01028,BMS-536924,1
2850,SIDM00994,BMS-536924,1
2851,SIDM01004,BMS-536924,1
2852,SIDM00962,BMS-536924,1
2853,SIDM00441,BMS-536924,1
2854,SIDM00996,BMS-536924,1
2855,SIDM00419,BMS-536924,1
2856,SIDM00287,BMS-536924,1
2857,SIDM00423,BMS-536924,1
2858,SIDM00954,BMS-536924,1
2859,SIDM00907,BMS-536924,1
2860,SIDM00512,BMS-536924,1
2861,SIDM00415,BMS-536924,1
2862,SIDM00989,BMS-536924,1
2863,SIDM01042,BMS-536924,1
2864,SIDM01248,BMS-536924,1
2865,SIDM00499,BMS-536924,1
2866,SIDM00337,BMS-536924,1
2867,SIDM00900,BMS-536924,1
2868,SIDM00272,BMS-536924,1
2869,SIDM00661,BMS-536924,1
2870,SIDM00380,BMS-536924,1
2871,SIDM00896,BMS-536924,1
2872,SIDM00832,BMS-536924,1
2873,SIDM00460,BMS-536924,1
2874,SIDM01048,BMS-536924,1
2875,SIDM00950,BMS-536924,1
2876,SIDM00580,BMS-536924,1
2877,SIDM00336,BMS-536924,1
2878,SIDM00443,BMS-536924,1
2879,SIDM01103,BMS-536924,1
2880,SIDM00447,BMS-536924,1
2881,SIDM01057,BMS-536924,1
2882,SIDM00929,BMS-536924,1
2883,SIDM00457,BMS-536924,1
2884,SIDM01012,BMS-536924,1
2885,SIDM01069,BMS-536924,1
2886,SIDM00390,BMS-536924,1
2887,SIDM01056,BMS-536924,1
2888,SIDM00900,BMS-536924,1
2889,SIDM00331,BMS-536924,1
2890,SIDM00895,BMS-536924,1
2891,SIDM01052,BMS-536924,1
2892,SIDM00948,BMS-536924,1
2893,SIDM01049,BMS-536924,1
2894,SIDM01045,BMS-536924,1
2895,SIDM00412,BMS-536924,1
2896,SIDM00421,BMS-536924,1
2897,SIDM00939,BMS-536924,1
2898,SIDM00943,BMS-536924,1
2899,SIDM00423,BMS-536924,1
2900,SIDM00461,BMS-536924,1
2901,SIDM01003,BMS-536924,1
2902,SIDM00422,BMS-536924,1
2903,SIDM00462,BMS-536924,1
2904,SIDM00343,BMS-536924,1
2905,SIDM00937,BMS-536924,1
2906,SIDM00403,BMS-536924,1
2907,SIDM00948,BMS-536924,1
2908,SIDM00987,BMS-754807,1
2909,SIDM01003,BMS-754807,1
2910,SIDM00145,BMS-754807,1
2911,SIDM00931,BMS-754807,1
2912,SIDM00330,BMS-754807,1
2913,SIDM00405,BMS-754807,1
2914,SIDM00337,BMS-754807,1
2915,SIDM01029,BMS-754807,1
2916,SIDM00392,BMS-754807,1
2917,SIDM00394,BMS-754807,1
2918,SIDM00443,BMS-754807,1
2919,SIDM00287,BMS-754807,1
2920,SIDM00146,BMS-754807,1
2921,SIDM00941,BMS-754807,1
2922,SIDM00402,BMS-754807,1
2923,SIDM00447,BMS-754807,1
2924,SIDM01176,BMS-754807,1
2925,SIDM01086,BMS-754807,1
2926,SIDM01032,BMS-754807,1
2927,SIDM00980,BMS-754807,1
2928,SIDM00939,BMS-754807,1
2929,SIDM00671,BMS-754807,1
2930,SIDM01055,BMS-754807,1
2931,SIDM00628,BMS-754807,1
2932,SIDM00706,BMS-754807,1
2933,SIDM01020,BMS-754807,1
2934,SIDM00900,BMS-754807,1
2935,SIDM00339,BMS-754807,1
2936,SIDM00867,BMS-754807,1
2937,SIDM00964,BMS-754807,1
2938,SIDM00441,BMS-754807,1
2939,SIDM01025,BMS-754807,1
2940,SIDM01030,BMS-754807,1
2941,SIDM00286,BMS-754807,1
2942,SIDM00337,BPTES,1
2943,SIDM01068,BPTES,1
2944,SIDM00336,BPTES,1
2945,SIDM00997,BPTES,1
2946,SIDM00124,BPTES,1
2947,SIDM00948,BPTES,1
2948,SIDM00900,BPTES,1
2949,SIDM01066,BPTES,1
2950,SIDM01131,BPTES,1
2951,SIDM01058,BPTES,1
2952,SIDM00146,BPTES,1
2953,SIDM01064,BPTES,1
2954,SIDM00332,BPTES,1
2955,SIDM00429,BPTES,1
2956,SIDM00407,BPTES,1
2957,SIDM01069,BPTES,1
2958,SIDM00380,BPTES,1
2959,SIDM00247,BPTES,1
2960,SIDM00961,BPTES,1
2961,SIDM00946,BPTES,1
2962,SIDM00424,BPTES,1
2963,SIDM00286,BPTES,1
2964,SIDM01218,BPTES,1
2965,SIDM00120,BPTES,1
2966,SIDM00121,BPTES,1
2967,SIDM00986,BPTES,1
2968,SIDM01051,BPTES,1
2969,SIDM01031,BPTES,1
2970,SIDM01070,BPTES,1
2971,SIDM00993,BPTES,1
2972,SIDM00463,BPTES,1
2973,SIDM01030,BPTES,1
2974,SIDM00512,BPTES,1
2975,SIDM00340,BPTES,1
2976,SIDM00957,BPTES,1
2977,SIDM01019,BPTES,1
2978,SIDM01038,BPTES,1
2979,SIDM00449,BPTES,1
2980,SIDM01045,BPTES,1
2981,SIDM00437,BPTES,1
2982,SIDM00958,BPTES,1
2983,SIDM01029,BPTES,1
2984,SIDM00419,BPTES,1
2985,SIDM00345,BPTES,1
2986,SIDM00939,BPTES,1
2987,SIDM00287,BPTES,1
2988,SIDM00431,BPTES,1
2989,SIDM00422,BPTES,1
2990,SIDM00412,BPTES,1
2991,SIDM01036,BPTES,1
2992,SIDM01086,BPTES,1
2993,SIDM01001,BPTES,1
2994,SIDM00401,BPTES,1
2995,SIDM00985,BPTES,1
2996,SIDM01057,BPTES,1
2997,SIDM00962,BX-912,1
2998,SIDM00515,BX-912,1
2999,SIDM00940,BX-912,1
3000,SIDM00810,BX-912,1
3001,SIDM00931,BX-912,1
3002,SIDM00989,BX-912,1
3003,SIDM01047,BX-912,1
3004,SIDM01131,BX-912,1
3005,SIDM00936,BX-912,1
3006,SIDM01073,BX-912,1
3007,SIDM00928,BX-912,1
3008,SIDM01218,BX-912,1
3009,SIDM01031,BX-912,1
3010,SIDM01110,BX-912,1
3011,SIDM00407,BX-912,1
3012,SIDM00933,BX-912,1
3013,SIDM00483,BX-912,1
3014,SIDM00829,BX-912,1
3015,SIDM00437,BX-912,1
3016,SIDM01048,BX-912,1
3017,SIDM00410,BX-912,1
3018,SIDM00313,BX-912,1
3019,SIDM00990,BX-912,1
3020,SIDM01020,BX-912,1
3021,SIDM01045,BX-912,1
3022,SIDM01027,BX-912,1
3023,SIDM00789,BX-912,1
3024,SIDM00285,BX-912,1
3025,SIDM00344,BX-912,1
3026,SIDM00329,BX-912,1
3027,SIDM01248,BX-912,1
3028,SIDM00327,BX-912,1
3029,SIDM01015,BX-912,1
3030,SIDM00391,BX-912,1
3031,SIDM00441,BX-912,1
3032,SIDM01082,BX-912,1
3033,SIDM01076,BX-912,1
3034,SIDM00433,BX-912,1
3035,SIDM00394,BX-912,1
3036,SIDM00443,BX-912,1
3037,SIDM00148,BX-912,1
3038,SIDM00415,BX-912,1
3039,SIDM01018,BX-912,1
3040,SIDM00411,BX-912,1
3041,SIDM00951,BX-912,1
3042,SIDM00499,BX-912,1
3043,SIDM00404,BX-912,1
3044,SIDM01019,BX-912,1
3045,SIDM01103,BX-912,1
3046,SIDM00312,BX-912,1
3047,SIDM00458,BX-912,1
3048,SIDM00997,BX-912,1
3049,SIDM00903,BX-912,1
3050,SIDM00943,BX-912,1
3051,SIDM00420,BX-912,1
3052,SIDM00450,BX-912,1
3053,SIDM00930,BX795,1
3054,SIDM00939,BX795,1
3055,SIDM01062,BX795,1
3056,SIDM01111,BX795,1
3057,SIDM01070,BX795,1
3058,SIDM00477,BX795,1
3059,SIDM01248,BX795,1
3060,SIDM00942,BX795,1
3061,SIDM00886,BX795,1
3062,SIDM01004,BX795,1
3063,SIDM00512,BX795,1
3064,SIDM00990,BX795,1
3065,SIDM00340,BX795,1
3066,SIDM00829,BX795,1
3067,SIDM00451,BX795,1
3068,SIDM01025,BX795,1
3069,SIDM00413,BX795,1
3070,SIDM01012,BX795,1
3071,SIDM00860,BX795,1
3072,SIDM00088,BX795,1
3073,SIDM01131,BX795,1
3074,SIDM00940,BX795,1
3075,SIDM00454,BX795,1
3076,SIDM01003,BX795,1
3077,SIDM00460,BX795,1
3078,SIDM00798,BX795,1
3079,SIDM00832,BX795,1
3080,SIDM01072,BX795,1
3081,SIDM00828,BX795,1
3082,SIDM00867,BX795,1
3083,SIDM00953,BX795,1
3084,SIDM00947,BX795,1
3085,SIDM00337,BX795,1
3086,SIDM01191,BX795,1
3087,SIDM01172,BX795,1
3088,SIDM01060,BX795,1
3089,SIDM00783,BX795,1
3090,SIDM01176,BX795,1
3091,SIDM00342,BX795,1
3092,SIDM00247,BX795,1
3093,SIDM00983,BX795,1
3094,SIDM00934,BX795,1
3095,SIDM00421,BX795,1
3096,SIDM00285,BX795,1
3097,SIDM00964,BX795,1
3098,SIDM00950,BX795,1
3099,SIDM00438,BX795,1
3100,SIDM00457,BX795,1
3101,SIDM00637,BX795,1
3102,SIDM01031,BX795,1
3103,SIDM01087,BX795,1
3104,SIDM00124,BX795,1
3105,SIDM00087,Belinostat,1
3106,SIDM00941,Belinostat,1
3107,SIDM00877,Belinostat,1
3108,SIDM00453,Belinostat,1
3109,SIDM00416,Belinostat,1
3110,SIDM00462,Belinostat,1
3111,SIDM00419,Belinostat,1
3112,SIDM01018,Belinostat,1
3113,SIDM01067,Belinostat,1
3114,SIDM00097,Belinostat,1
3115,SIDM00329,Belinostat,1
3116,SIDM00477,Belinostat,1
3117,SIDM00386,Belinostat,1
3118,SIDM00798,Belinostat,1
3119,SIDM00637,Belinostat,1
3120,SIDM00944,Belinostat,1
3121,SIDM01055,Belinostat,1
3122,SIDM00949,Belinostat,1
3123,SIDM01179,Belinostat,1
3124,SIDM00661,Belinostat,1
3125,SIDM00671,Belinostat,1
3126,SIDM00401,Belinostat,1
3127,SIDM00388,Belinostat,1
3128,SIDM00963,Belinostat,1
3129,SIDM00935,Belinostat,1
3130,SIDM01131,Belinostat,1
3131,SIDM01045,Belinostat,1
3132,SIDM00346,Belinostat,1
3133,SIDM00939,Belinostat,1
3134,SIDM01107,Belinostat,1
3135,SIDM00832,Belinostat,1
3136,SIDM00791,Belinostat,1
3137,SIDM00424,Belinostat,1
3138,SIDM00641,Belinostat,1
3139,SIDM01009,Belinostat,1
3140,SIDM01076,Belinostat,1
3141,SIDM00580,Belinostat,1
3142,SIDM00450,Belinostat,1
3143,SIDM01176,Belinostat,1
3144,SIDM00947,Belinostat,1
3145,SIDM01019,Belinostat,1
3146,SIDM00417,Belinostat,1
3147,SIDM01248,Belinostat,1
3148,SIDM00957,Belinostat,1
3149,SIDM00272,Belinostat,1
3150,SIDM01089,Belinostat,1
3151,SIDM00429,Belinostat,1
3152,SIDM01064,Belinostat,1
3153,SIDM00387,Belinostat,1
3154,SIDM00927,Belinostat,1
3155,SIDM01052,Belinostat,1
3156,SIDM00390,Belinostat,1
3157,SIDM00286,Belinostat,1
3158,SIDM00938,Belinostat,1
3159,SIDM00948,Belinostat,1
3160,SIDM00345,Belinostat,1
3161,SIDM01066,Belinostat,1
3162,SIDM01015,Belinostat,1
3163,SIDM01024,Belinostat,1
3164,SIDM00900,Belinostat,1
3165,SIDM01002,Belinostat,1
3166,SIDM00953,Belinostat,1
3167,SIDM00336,Belinostat,1
3168,SIDM00512,Belinostat,1
3169,SIDM00404,Belinostat,1
3170,SIDM01036,Belinostat,1
3171,SIDM01218,Bexarotene,1
3172,SIDM00145,Bexarotene,1
3173,SIDM01003,Bexarotene,1
3174,SIDM00341,Bexarotene,1
3175,SIDM01042,Bexarotene,1
3176,SIDM01001,Bexarotene,1
3177,SIDM00983,Bexarotene,1
3178,SIDM00950,Bexarotene,1
3179,SIDM00345,Bexarotene,1
3180,SIDM01015,Bexarotene,1
3181,SIDM00931,Bexarotene,1
3182,SIDM00957,Bexarotene,1
3183,SIDM00789,Bexarotene,1
3184,SIDM00438,Bexarotene,1
3185,SIDM00462,Bexarotene,1
3186,SIDM00637,Bexarotene,1
3187,SIDM01059,Bexarotene,1
3188,SIDM00941,Bexarotene,1
3189,SIDM00895,Bexarotene,1
3190,SIDM00441,Bexarotene,1
3191,SIDM00390,Bexarotene,1
3192,SIDM01072,Bexarotene,1
3193,SIDM00988,Bexarotene,1
3194,SIDM00900,Bexarotene,1
3195,SIDM00136,Bexarotene,1
3196,SIDM01110,Bexarotene,1
3197,SIDM00942,Bexarotene,1
3198,SIDM00657,Bexarotene,1
3199,SIDM00272,Bexarotene,1
3200,SIDM00594,Bexarotene,1
3201,SIDM00515,Bexarotene,1
3202,SIDM00986,Bexarotene,1
3203,SIDM00404,Bexarotene,1
3204,SIDM01060,Bexarotene,1
3205,SIDM01004,Bexarotene,1
3206,SIDM00783,Bexarotene,1
3207,SIDM01043,Bexarotene,1
3208,SIDM01191,Bexarotene,1
3209,SIDM00421,Bexarotene,1
3210,SIDM00928,Bexarotene,1
3211,SIDM00946,Bexarotene,1
3212,SIDM00087,Bexarotene,1
3213,SIDM00580,Bexarotene,1
3214,SIDM00340,Bexarotene,1
3215,SIDM01179,Bexarotene,1
3216,SIDM00981,Bexarotene,1
3217,SIDM00343,Bexarotene,1
3218,SIDM00874,Bexarotene,1
3219,SIDM00963,Bexarotene,1
3220,SIDM01057,Bexarotene,1
3221,SIDM00402,Bexarotene,1
3222,SIDM00330,Bexarotene,1
3223,SIDM00907,Bexarotene,1
3224,SIDM00407,Bexarotene,1
3225,SIDM01051,Bexarotene,1
3226,SIDM00463,Bexarotene,1
3227,SIDM00937,Bexarotene,1
3228,SIDM00386,Bexarotene,1
3229,SIDM01055,Bexarotene,1
3230,SIDM01131,Bexarotene,1
3231,SIDM00453,Bexarotene,1
3232,SIDM01048,Bexarotene,1
3233,SIDM01012,Bexarotene,1
3234,SIDM00993,Bexarotene,1
3235,SIDM00289,Bexarotene,1
3236,SIDM00807,Bicalutamide,1
3237,SIDM01059,Bicalutamide,1
3238,SIDM00443,Bicalutamide,1
3239,SIDM00940,Bicalutamide,1
3240,SIDM00333,Bicalutamide,1
3241,SIDM00454,Bicalutamide,1
3242,SIDM00628,Bicalutamide,1
3243,SIDM00995,Bicalutamide,1
3244,SIDM00997,Bicalutamide,1
3245,SIDM00329,Bicalutamide,1
3246,SIDM00451,Bicalutamide,1
3247,SIDM01179,Bicalutamide,1
3248,SIDM00428,Bicalutamide,1
3249,SIDM00449,Bicalutamide,1
3250,SIDM01042,Bicalutamide,1
3251,SIDM00145,Bicalutamide,1
3252,SIDM00415,Bicalutamide,1
3253,SIDM00413,Bicalutamide,1
3254,SIDM00798,Bicalutamide,1
3255,SIDM01107,Bicalutamide,1
3256,SIDM01064,Bicalutamide,1
3257,SIDM00313,Bicalutamide,1
3258,SIDM00933,Bicalutamide,1
3259,SIDM00426,Bicalutamide,1
3260,SIDM00641,Bicalutamide,1
3261,SIDM00423,Bicalutamide,1
3262,SIDM01055,Bicalutamide,1
3263,SIDM00411,Bicalutamide,1
3264,SIDM00948,Bicalutamide,1
3265,SIDM00247,Bicalutamide,1
3266,SIDM01031,Bicalutamide,1
3267,SIDM01019,Bicalutamide,1
3268,SIDM00706,Bicalutamide,1
3269,SIDM00438,Bicalutamide,1
3270,SIDM00431,Bicalutamide,1
3271,SIDM01110,Bicalutamide,1
3272,SIDM00985,Bicalutamide,1
3273,SIDM00412,Bicalutamide,1
3274,SIDM00448,Bicalutamide,1
3275,SIDM00958,Bicalutamide,1
3276,SIDM00937,Bicalutamide,1
3277,SIDM00828,Bicalutamide,1
3278,SIDM00392,Bicalutamide,1
3279,SIDM00455,Bicalutamide,1
3280,SIDM00327,Bicalutamide,1
3281,SIDM00661,Bicalutamide,1
3282,SIDM00247,Bicalutamide,1
3283,SIDM00903,Bicalutamide,1
3284,SIDM00284,Bicalutamide,1
3285,SIDM00121,Bicalutamide,1
3286,SIDM01148,Bicalutamide,1
3287,SIDM00829,Bicalutamide,1
3288,SIDM00460,Bicalutamide,1
3289,SIDM00419,Bicalutamide,1
3290,SIDM00124,Bicalutamide,1
3291,SIDM00420,Bicalutamide,1
3292,SIDM00308,Bleomycin,1
3293,SIDM00983,Bleomycin,1
3294,SIDM00458,Bleomycin,1
3295,SIDM00981,Bleomycin,1
3296,SIDM00330,Bleomycin,1
3297,SIDM00289,Bleomycin,1
3298,SIDM00401,Bleomycin,1
3299,SIDM00386,Bleomycin,1
3300,SIDM01047,Bleomycin,1
3301,SIDM00930,Bleomycin,1
3302,SIDM00446,Bleomycin,1
3303,SIDM01018,Bleomycin,1
3304,SIDM00949,Bleomycin,1
3305,SIDM01009,Bleomycin,1
3306,SIDM00413,Bleomycin,1
3307,SIDM00405,Bleomycin,1
3308,SIDM00463,Bleomycin,1
3309,SIDM00447,Bleomycin,1
3310,SIDM00515,Bleomycin,1
3311,SIDM00457,Bleomycin,1
3312,SIDM00453,Bleomycin,1
3313,SIDM00499,Bleomycin,1
3314,SIDM00333,Bleomycin,1
3315,SIDM00332,Bleomycin,1
3316,SIDM00341,Bleomycin,1
3317,SIDM00867,Bleomycin,1
3318,SIDM00990,Bleomycin,1
3319,SIDM01069,Bleomycin,1
3320,SIDM00284,Bleomycin,1
3321,SIDM00339,Bleomycin,1
3322,SIDM00429,Bleomycin,1
3323,SIDM00933,Bleomycin,1
3324,SIDM01087,Bleomycin,1
3325,SIDM00462,Bleomycin,1
3326,SIDM01060,Bleomycin,1
3327,SIDM01029,Bleomycin,1
3328,SIDM00442,Bleomycin,1
3329,SIDM00661,Bleomycin,1
3330,SIDM00422,Bleomycin,1
3331,SIDM00342,Bleomycin,1
3332,SIDM01055,Bleomycin,1
3333,SIDM00335,Bleomycin,1
3334,SIDM00944,Bleomycin,1
3335,SIDM00928,Bleomycin,1
3336,SIDM00286,Bleomycin,1
3337,SIDM01073,Bleomycin,1
3338,SIDM00088,Bleomycin,1
3339,SIDM00145,Bleomycin,1
3340,SIDM01066,Bleomycin,1
3341,SIDM00903,Bleomycin,1
3342,SIDM01030,Bleomycin,1
3343,SIDM01154,Bleomycin,1
3344,SIDM00330,Bortezomib,1
3345,SIDM00145,Bortezomib,1
3346,SIDM00949,Bortezomib,1
3347,SIDM00438,Bortezomib,1
3348,SIDM00340,Bortezomib,1
3349,SIDM01019,Bortezomib,1
3350,SIDM00395,Bortezomib,1
3351,SIDM01131,Bortezomib,1
3352,SIDM00877,Bortezomib,1
3353,SIDM00460,Bortezomib,1
3354,SIDM01009,Bortezomib,1
3355,SIDM00900,Bortezomib,1
3356,SIDM00417,Bortezomib,1
3357,SIDM00227,Bortezomib,1
3358,SIDM00446,Bortezomib,1
3359,SIDM01018,Bortezomib,1
3360,SIDM00829,Bortezomib,1
3361,SIDM00448,Bortezomib,1
3362,SIDM00946,Bortezomib,1
3363,SIDM01073,Bortezomib,1
3364,SIDM01172,Bortezomib,1
3365,SIDM00896,Bortezomib,1
3366,SIDM00419,Bortezomib,1
3367,SIDM00953,Bortezomib,1
3368,SIDM01048,Bortezomib,1
3369,SIDM01107,Bortezomib,1
3370,SIDM00339,Bortezomib,1
3371,SIDM00457,Bortezomib,1
3372,SIDM00332,Bortezomib,1
3373,SIDM00985,Bortezomib,1
3374,SIDM01057,Bortezomib,1
3375,SIDM00338,Bortezomib,1
3376,SIDM01076,Bortezomib,1
3377,SIDM01049,Bortezomib,1
3378,SIDM01005,Bortezomib,1
3379,SIDM01027,Bosutinib,1
3380,SIDM00388,Bosutinib,1
3381,SIDM01030,Bosutinib,1
3382,SIDM00798,Bosutinib,1
3383,SIDM00580,Bosutinib,1
3384,SIDM00483,Bosutinib,1
3385,SIDM00121,Bosutinib,1
3386,SIDM01064,Bosutinib,1
3387,SIDM00987,Bosutinib,1
3388,SIDM00308,Bosutinib,1
3389,SIDM00641,Bosutinib,1
3390,SIDM00394,Bosutinib,1
3391,SIDM00428,Bosutinib,1
3392,SIDM00289,Bosutinib,1
3393,SIDM01148,Bosutinib,1
3394,SIDM00412,Bosutinib,1
3395,SIDM00989,Bosutinib,1
3396,SIDM00981,Bosutinib,1
3397,SIDM01076,Bosutinib,1
3398,SIDM00145,Bosutinib,1
3399,SIDM01218,Bosutinib,1
3400,SIDM00874,Bosutinib,1
3401,SIDM00860,Bosutinib,1
3402,SIDM01248,Bosutinib,1
3403,SIDM00413,Bosutinib,1
3404,SIDM00087,Bosutinib,1
3405,SIDM00936,Bosutinib,1
3406,SIDM00327,Bosutinib,1
3407,SIDM00995,Bosutinib,1
3408,SIDM01009,Bosutinib,1
3409,SIDM01049,Bosutinib,1
3410,SIDM00420,Bosutinib,1
3411,SIDM00431,Bosutinib,1
3412,SIDM01012,Bosutinib,1
3413,SIDM00247,Bosutinib,1
3414,SIDM00988,Bosutinib,1
3415,SIDM00227,Bosutinib,1
3416,SIDM00594,Bosutinib,1
3417,SIDM00124,Bosutinib,1
3418,SIDM00416,Bosutinib,1
3419,SIDM01048,Bosutinib,1
3420,SIDM00958,Bosutinib,1
3421,SIDM01028,Bosutinib,1
3422,SIDM00462,Bosutinib,1
3423,SIDM01005,Bosutinib,1
3424,SIDM00832,"Brivanib, BMS-540215",1
3425,SIDM00961,"Brivanib, BMS-540215",1
3426,SIDM00985,"Brivanib, BMS-540215",1
3427,SIDM00932,"Brivanib, BMS-540215",1
3428,SIDM00454,"Brivanib, BMS-540215",1
3429,SIDM00946,"Brivanib, BMS-540215",1
3430,SIDM00392,"Brivanib, BMS-540215",1
3431,SIDM01015,"Brivanib, BMS-540215",1
3432,SIDM01018,"Brivanib, BMS-540215",1
3433,SIDM01003,"Brivanib, BMS-540215",1
3434,SIDM01031,"Brivanib, BMS-540215",1
3435,SIDM00886,"Brivanib, BMS-540215",1
3436,SIDM00938,"Brivanib, BMS-540215",1
3437,SIDM00460,"Brivanib, BMS-540215",1
3438,SIDM00789,"Brivanib, BMS-540215",1
3439,SIDM00661,"Brivanib, BMS-540215",1
3440,SIDM00411,"Brivanib, BMS-540215",1
3441,SIDM00247,"Brivanib, BMS-540215",1
3442,SIDM00289,"Brivanib, BMS-540215",1
3443,SIDM00455,"Brivanib, BMS-540215",1
3444,SIDM00963,"Brivanib, BMS-540215",1
3445,SIDM00939,"Brivanib, BMS-540215",1
3446,SIDM01086,"Brivanib, BMS-540215",1
3447,SIDM00994,"Brivanib, BMS-540215",1
3448,SIDM00415,"Brivanib, BMS-540215",1
3449,SIDM00940,"Brivanib, BMS-540215",1
3450,SIDM01131,"Brivanib, BMS-540215",1
3451,SIDM00463,"Brivanib, BMS-540215",1
3452,SIDM01032,"Brivanib, BMS-540215",1
3453,SIDM00874,"Brivanib, BMS-540215",1
3454,SIDM01040,"Brivanib, BMS-540215",1
3455,SIDM00632,"Brivanib, BMS-540215",1
3456,SIDM01019,"Brivanib, BMS-540215",1
3457,SIDM00442,"Brivanib, BMS-540215",1
3458,SIDM00927,"Brivanib, BMS-540215",1
3459,SIDM00422,"Brivanib, BMS-540215",1
3460,SIDM01043,"Brivanib, BMS-540215",1
3461,SIDM00950,"Brivanib, BMS-540215",1
3462,SIDM00953,"Brivanib, BMS-540215",1
3463,SIDM01048,"Brivanib, BMS-540215",1
3464,SIDM00390,"Brivanib, BMS-540215",1
3465,SIDM00272,"Brivanib, BMS-540215",1
3466,SIDM00420,"Brivanib, BMS-540215",1
3467,SIDM00344,"Brivanib, BMS-540215",1
3468,SIDM00312,"Brivanib, BMS-540215",1
3469,SIDM00284,"Brivanib, BMS-540215",1
3470,SIDM01013,"Brivanib, BMS-540215",1
3471,SIDM00929,"Brivanib, BMS-540215",1
3472,SIDM00999,"Brivanib, BMS-540215",1
3473,SIDM01103,Bryostatin 1,1
3474,SIDM01032,Bryostatin 1,1
3475,SIDM00334,Bryostatin 1,1
3476,SIDM00148,Bryostatin 1,1
3477,SIDM00401,Bryostatin 1,1
3478,SIDM01001,Bryostatin 1,1
3479,SIDM00413,Bryostatin 1,1
3480,SIDM01013,Bryostatin 1,1
3481,SIDM01071,Bryostatin 1,1
3482,SIDM00461,Bryostatin 1,1
3483,SIDM00422,Bryostatin 1,1
3484,SIDM01056,Bryostatin 1,1
3485,SIDM00423,Bryostatin 1,1
3486,SIDM00987,Bryostatin 1,1
3487,SIDM00429,Bryostatin 1,1
3488,SIDM00338,Bryostatin 1,1
3489,SIDM00948,Bryostatin 1,1
3490,SIDM00344,Bryostatin 1,1
3491,SIDM00661,Bryostatin 1,1
3492,SIDM00962,Bryostatin 1,1
3493,SIDM00455,Bryostatin 1,1
3494,SIDM00272,Bryostatin 1,1
3495,SIDM01003,Bryostatin 1,1
3496,SIDM01051,Bryostatin 1,1
3497,SIDM01248,Bryostatin 1,1
3498,SIDM00426,Bryostatin 1,1
3499,SIDM00412,Bryostatin 1,1
3500,SIDM00289,Bryostatin 1,1
3501,SIDM00937,Bryostatin 1,1
3502,SIDM01024,Bryostatin 1,1
3503,SIDM00932,Bryostatin 1,1
3504,SIDM00446,Bryostatin 1,1
3505,SIDM01087,Bryostatin 1,1
3506,SIDM00895,Bryostatin 1,1
3507,SIDM00460,Bryostatin 1,1
3508,SIDM01023,Bryostatin 1,1
3509,SIDM01066,Bryostatin 1,1
3510,SIDM00448,Bryostatin 1,1
3511,SIDM00828,Bryostatin 1,1
3512,SIDM00951,Bryostatin 1,1
3513,SIDM00886,Bryostatin 1,1
3514,SIDM00286,Bryostatin 1,1
3515,SIDM00874,Bryostatin 1,1
3516,SIDM01004,Bryostatin 1,1
3517,SIDM00657,Bryostatin 1,1
3518,SIDM00391,Bryostatin 1,1
3519,SIDM01055,Bryostatin 1,1
3520,SIDM01218,Bryostatin 1,1
3521,SIDM00417,Bryostatin 1,1
3522,SIDM00434,Bryostatin 1,1
3523,SIDM01028,Bryostatin 1,1
3524,SIDM00388,Bryostatin 1,1
3525,SIDM00424,Bryostatin 1,1
3526,SIDM00437,Bryostatin 1,1
3527,SIDM00441,C-75,1
3528,SIDM00981,C-75,1
3529,SIDM01060,C-75,1
3530,SIDM00632,C-75,1
3531,SIDM00783,C-75,1
3532,SIDM01248,C-75,1
3533,SIDM00454,C-75,1
3534,SIDM00789,C-75,1
3535,SIDM00442,C-75,1
3536,SIDM01047,C-75,1
3537,SIDM00900,C-75,1
3538,SIDM00413,C-75,1
3539,SIDM00312,C-75,1
3540,SIDM00932,C-75,1
3541,SIDM01030,C-75,1
3542,SIDM01048,C-75,1
3543,SIDM00124,C-75,1
3544,SIDM00944,C-75,1
3545,SIDM00950,C-75,1
3546,SIDM00145,C-75,1
3547,SIDM00121,C-75,1
3548,SIDM00462,C-75,1
3549,SIDM00594,C-75,1
3550,SIDM00791,C-75,1
3551,SIDM00807,C-75,1
3552,SIDM00580,C-75,1
3553,SIDM00999,C-75,1
3554,SIDM00954,C-75,1
3555,SIDM01034,C-75,1
3556,SIDM00828,C-75,1
3557,SIDM00661,C-75,1
3558,SIDM00937,C-75,1
3559,SIDM00949,C-75,1
3560,SIDM00980,C-75,1
3561,SIDM00985,C-75,1
3562,SIDM01131,C-75,1
3563,SIDM00461,C-75,1
3564,SIDM00479,C-75,1
3565,SIDM00936,C-75,1
3566,SIDM00983,C-75,1
3567,SIDM00927,C-75,1
3568,SIDM00832,C-75,1
3569,SIDM00455,C-75,1
3570,SIDM01089,C-75,1
3571,SIDM00931,C-75,1
3572,SIDM00994,C-75,1
3573,SIDM00515,C-75,1
3574,SIDM01191,C-75,1
3575,SIDM01059,C-75,1
3576,SIDM01018,C-75,1
3577,SIDM00996,C-75,1
3578,SIDM01015,C-75,1
3579,SIDM00390,C-75,1
3580,SIDM00337,C-75,1
3581,SIDM00798,C-75,1
3582,SIDM01085,C-75,1
3583,SIDM00287,C-75,1
3584,SIDM00671,C-75,1
3585,SIDM00433,C-75,1
3586,SIDM00412,"CAP-232, TT-232, TLN-232",1
3587,SIDM00433,"CAP-232, TT-232, TLN-232",1
3588,SIDM00334,"CAP-232, TT-232, TLN-232",1
3589,SIDM01020,"CAP-232, TT-232, TLN-232",1
3590,SIDM00406,"CAP-232, TT-232, TLN-232",1
3591,SIDM01028,"CAP-232, TT-232, TLN-232",1
3592,SIDM00308,"CAP-232, TT-232, TLN-232",1
3593,SIDM01015,"CAP-232, TT-232, TLN-232",1
3594,SIDM01023,"CAP-232, TT-232, TLN-232",1
3595,SIDM00413,"CAP-232, TT-232, TLN-232",1
3596,SIDM00828,"CAP-232, TT-232, TLN-232",1
3597,SIDM01027,"CAP-232, TT-232, TLN-232",1
3598,SIDM00943,"CAP-232, TT-232, TLN-232",1
3599,SIDM00988,"CAP-232, TT-232, TLN-232",1
3600,SIDM01131,"CAP-232, TT-232, TLN-232",1
3601,SIDM00342,"CAP-232, TT-232, TLN-232",1
3602,SIDM01009,"CAP-232, TT-232, TLN-232",1
3603,SIDM00387,"CAP-232, TT-232, TLN-232",1
3604,SIDM00389,"CAP-232, TT-232, TLN-232",1
3605,SIDM00580,"CAP-232, TT-232, TLN-232",1
3606,SIDM00810,"CAP-232, TT-232, TLN-232",1
3607,SIDM01103,"CAP-232, TT-232, TLN-232",1
3608,SIDM00431,"CAP-232, TT-232, TLN-232",1
3609,SIDM00437,"CAP-232, TT-232, TLN-232",1
3610,SIDM00661,"CAP-232, TT-232, TLN-232",1
3611,SIDM00390,"CAP-232, TT-232, TLN-232",1
3612,SIDM00938,"CAP-232, TT-232, TLN-232",1
3613,SIDM00874,"CAP-232, TT-232, TLN-232",1
3614,SIDM00997,"CAP-232, TT-232, TLN-232",1
3615,SIDM01062,"CAP-232, TT-232, TLN-232",1
3616,SIDM00962,"CAP-232, TT-232, TLN-232",1
3617,SIDM00927,"CAP-232, TT-232, TLN-232",1
3618,SIDM00345,"CAP-232, TT-232, TLN-232",1
3619,SIDM00946,"CAP-232, TT-232, TLN-232",1
3620,SIDM00395,"CAP-232, TT-232, TLN-232",1
3621,SIDM00417,"CAP-232, TT-232, TLN-232",1
3622,SIDM00284,"CAP-232, TT-232, TLN-232",1
3623,SIDM01056,"CAP-232, TT-232, TLN-232",1
3624,SIDM01047,"CAP-232, TT-232, TLN-232",1
3625,SIDM00930,"CAP-232, TT-232, TLN-232",1
3626,SIDM01040,"CAP-232, TT-232, TLN-232",1
3627,SIDM00148,"CAP-232, TT-232, TLN-232",1
3628,SIDM00987,"CAP-232, TT-232, TLN-232",1
3629,SIDM01076,"CAP-232, TT-232, TLN-232",1
3630,SIDM00829,"CAP-232, TT-232, TLN-232",1
3631,SIDM01026,"CAP-232, TT-232, TLN-232",1
3632,SIDM00944,"CAP-232, TT-232, TLN-232",1
3633,SIDM00989,"CAP-232, TT-232, TLN-232",1
3634,SIDM01071,"CAP-232, TT-232, TLN-232",1
3635,SIDM00463,"CAP-232, TT-232, TLN-232",1
3636,SIDM00462,"CAP-232, TT-232, TLN-232",1
3637,SIDM00329,"CAP-232, TT-232, TLN-232",1
3638,SIDM00396,"CAP-232, TT-232, TLN-232",1
3639,SIDM00986,"CAP-232, TT-232, TLN-232",1
3640,SIDM00338,"CAP-232, TT-232, TLN-232",1
3641,SIDM01002,"CAP-232, TT-232, TLN-232",1
3642,SIDM01031,"CAP-232, TT-232, TLN-232",1
3643,SIDM00483,"CAP-232, TT-232, TLN-232",1
3644,SIDM00424,"CAP-232, TT-232, TLN-232",1
3645,SIDM00335,"CAP-232, TT-232, TLN-232",1
3646,SIDM01025,"CAP-232, TT-232, TLN-232",1
3647,SIDM01248,"CAP-232, TT-232, TLN-232",1
3648,SIDM00434,"CAP-232, TT-232, TLN-232",1
3649,SIDM00087,"CAP-232, TT-232, TLN-232",1
3650,SIDM00935,"CAP-232, TT-232, TLN-232",1
3651,SIDM01052,"CAP-232, TT-232, TLN-232",1
3652,SIDM00706,"CAP-232, TT-232, TLN-232",1
3653,SIDM00933,"CAP-232, TT-232, TLN-232",1
3654,SIDM00479,"CAP-232, TT-232, TLN-232",1
3655,SIDM00461,"CAP-232, TT-232, TLN-232",1
3656,SIDM00999,"CAP-232, TT-232, TLN-232",1
3657,SIDM01172,"CAP-232, TT-232, TLN-232",1
3658,SIDM00632,CAY10566,1
3659,SIDM00961,CAY10566,1
3660,SIDM01020,CAY10566,1
3661,SIDM00455,CAY10566,1
3662,SIDM01012,CAY10566,1
3663,SIDM00829,CAY10566,1
3664,SIDM00284,CAY10566,1
3665,SIDM01086,CAY10566,1
3666,SIDM01036,CAY10566,1
3667,SIDM01154,CAY10566,1
3668,SIDM00312,CAY10566,1
3669,SIDM01003,CAY10566,1
3670,SIDM00404,CAY10566,1
3671,SIDM00900,CAY10566,1
3672,SIDM00446,CAY10566,1
3673,SIDM01049,CAY10566,1
3674,SIDM00637,CAY10566,1
3675,SIDM01103,CAY10566,1
3676,SIDM00886,CAY10566,1
3677,SIDM01060,CAY10566,1
3678,SIDM00343,CAY10603,1
3679,SIDM00657,CAY10603,1
3680,SIDM00145,CAY10603,1
3681,SIDM00785,CAY10603,1
3682,SIDM00088,CAY10603,1
3683,SIDM00272,CAY10603,1
3684,SIDM00951,CAY10603,1
3685,SIDM00407,CAY10603,1
3686,SIDM00401,CAY10603,1
3687,SIDM00900,CAY10603,1
3688,SIDM00964,CAY10603,1
3689,SIDM01013,CAY10603,1
3690,SIDM00419,CAY10603,1
3691,SIDM00227,CAY10603,1
3692,SIDM00963,CAY10603,1
3693,SIDM01172,CAY10603,1
3694,SIDM00999,CAY10603,1
3695,SIDM00403,CAY10603,1
3696,SIDM00417,CAY10603,1
3697,SIDM00423,CAY10603,1
3698,SIDM00441,CAY10603,1
3699,SIDM00929,CAY10603,1
3700,SIDM00389,CAY10603,1
3701,SIDM01032,CAY10603,1
3702,SIDM01040,CAY10603,1
3703,SIDM01179,CAY10603,1
3704,SIDM00943,CAY10603,1
3705,SIDM01131,CAY10603,1
3706,SIDM00983,CAY10603,1
3707,SIDM01027,CAY10603,1
3708,SIDM01069,CAY10603,1
3709,SIDM00479,CAY10603,1
3710,SIDM00327,CAY10603,1
3711,SIDM00422,CAY10603,1
3712,SIDM00934,CAY10603,1
3713,SIDM00390,CAY10603,1
3714,SIDM00989,CAY10603,1
3715,SIDM00424,CAY10603,1
3716,SIDM00961,CAY10603,1
3717,SIDM01042,CAY10603,1
3718,SIDM01031,CAY10603,1
3719,SIDM00337,CAY10603,1
3720,SIDM01103,CAY10603,1
3721,SIDM01085,CAY10603,1
3722,SIDM00940,CAY10603,1
3723,SIDM00391,CAY10603,1
3724,SIDM00628,CAY10603,1
3725,SIDM00342,CAY10603,1
3726,SIDM00333,CAY10603,1
3727,SIDM01015,CAY10603,1
3728,SIDM00512,CAY10603,1
3729,SIDM00340,CAY10603,1
3730,SIDM00405,CAY10603,1
3731,SIDM00087,CAY10603,1
3732,SIDM01003,CAY10603,1
3733,SIDM00346,CAY10603,1
3734,SIDM00987,CAY10603,1
3735,SIDM01023,CAY10603,1
3736,SIDM01110,CAY10603,1
3737,SIDM00483,CAY10603,1
3738,SIDM00284,CAY10603,1
3739,SIDM00951,CCT-018159,1
3740,SIDM00088,CCT-018159,1
3741,SIDM01179,CCT-018159,1
3742,SIDM00339,CCT-018159,1
3743,SIDM00874,CCT-018159,1
3744,SIDM00404,CCT-018159,1
3745,SIDM00124,CCT-018159,1
3746,SIDM00247,CCT-018159,1
3747,SIDM00443,CCT-018159,1
3748,SIDM00394,CCT-018159,1
3749,SIDM01131,CCT-018159,1
3750,SIDM00785,CCT-018159,1
3751,SIDM00428,CCT-018159,1
3752,SIDM00637,CCT-018159,1
3753,SIDM00946,CCT-018159,1
3754,SIDM00866,CCT-018159,1
3755,SIDM00450,CCT-018159,1
3756,SIDM01085,CCT-018159,1
3757,SIDM01002,CCT-018159,1
3758,SIDM00942,CCT-018159,1
3759,SIDM00641,CCT-018159,1
3760,SIDM01059,CCT-018159,1
3761,SIDM01082,CCT-018159,1
3762,SIDM01012,CCT-018159,1
3763,SIDM01025,CCT-018159,1
3764,SIDM00661,CCT-018159,1
3765,SIDM01038,CCT-018159,1
3766,SIDM00403,CCT-018159,1
3767,SIDM00121,CCT-018159,1
3768,SIDM00657,CCT-018159,1
3769,SIDM00289,CCT-018159,1
3770,SIDM00990,CCT-018159,1
3771,SIDM00941,CCT-018159,1
3772,SIDM01045,CCT-018159,1
3773,SIDM01051,CCT-018159,1
3774,SIDM00896,CCT-018159,1
3775,SIDM01086,CCT-018159,1
3776,SIDM00961,CCT-018159,1
3777,SIDM00929,CCT-018159,1
3778,SIDM00415,CCT-018159,1
3779,SIDM00312,CCT-018159,1
3780,SIDM01009,CCT-018159,1
3781,SIDM01110,CCT-018159,1
3782,SIDM00928,CCT-018159,1
3783,SIDM00338,CCT-018159,1
3784,SIDM00937,CCT-018159,1
3785,SIDM00632,CCT-018159,1
3786,SIDM01004,CCT-018159,1
3787,SIDM00999,CCT-018159,1
3788,SIDM00333,CCT-018159,1
3789,SIDM01029,CCT-018159,1
3790,SIDM00706,CCT-018159,1
3791,SIDM01064,CCT-018159,1
3792,SIDM00930,CCT-018159,1
3793,SIDM00526,CCT-018159,1
3794,SIDM00477,CCT-018159,1
3795,SIDM00405,CCT-018159,1
3796,SIDM00331,CCT007093,1
3797,SIDM01179,CCT007093,1
3798,SIDM00327,CCT007093,1
3799,SIDM00810,CCT007093,1
3800,SIDM01062,CCT007093,1
3801,SIDM00308,CCT007093,1
3802,SIDM01076,CCT007093,1
3803,SIDM00931,CCT007093,1
3804,SIDM00419,CCT007093,1
3805,SIDM00512,CCT007093,1
3806,SIDM00286,CCT007093,1
3807,SIDM00785,CCT007093,1
3808,SIDM01034,CCT007093,1
3809,SIDM00339,CCT007093,1
3810,SIDM00958,CCT007093,1
3811,SIDM01069,CCT007093,1
3812,SIDM00342,CCT007093,1
3813,SIDM00641,CCT007093,1
3814,SIDM00097,CCT007093,1
3815,SIDM01154,CCT007093,1
3816,SIDM00388,CCT007093,1
3817,SIDM00829,CCT007093,1
3818,SIDM01019,CCT007093,1
3819,SIDM00344,CCT007093,1
3820,SIDM00462,CCT007093,1
3821,SIDM00438,CCT007093,1
3822,SIDM00939,CCT007093,1
3823,SIDM00336,CCT007093,1
3824,SIDM00927,CCT007093,1
3825,SIDM01131,CCT007093,1
3826,SIDM00346,CCT007093,1
3827,SIDM00272,CCT007093,1
3828,SIDM00637,CCT007093,1
3829,SIDM00900,CCT007093,1
3830,SIDM00986,CCT007093,1
3831,SIDM00461,CCT007093,1
3832,SIDM00120,CCT007093,1
3833,SIDM01029,CCT007093,1
3834,SIDM00995,CCT007093,1
3835,SIDM01003,CCT007093,1
3836,SIDM00410,CCT007093,1
3837,SIDM01013,CCT007093,1
3838,SIDM00950,CCT007093,1
3839,SIDM00394,CCT007093,1
3840,SIDM00455,CCT007093,1
3841,SIDM01036,CCT007093,1
3842,SIDM00993,CCT007093,1
3843,SIDM00340,CCT007093,1
3844,SIDM00380,CCT007093,1
3845,SIDM00334,CCT007093,1
3846,SIDM00930,CCT007093,1
3847,SIDM00828,CCT007093,1
3848,SIDM00449,CCT007093,1
3849,SIDM00515,CCT007093,1
3850,SIDM00954,CCT007093,1
3851,SIDM00434,CCT007093,1
3852,SIDM00341,CCT007093,1
3853,SIDM01248,CCT007093,1
3854,SIDM00332,CCT007093,1
3855,SIDM01057,CCT007093,1
3856,SIDM01025,CCT007093,1
3857,SIDM00580,CD532,1
3858,SIDM00395,CD532,1
3859,SIDM00088,CD532,1
3860,SIDM00422,CD532,1
3861,SIDM01048,CD532,1
3862,SIDM00447,CD532,1
3863,SIDM01033,CD532,1
3864,SIDM00948,CD532,1
3865,SIDM01001,CD532,1
3866,SIDM00389,CD532,1
3867,SIDM00341,CD532,1
3868,SIDM01036,CD532,1
3869,SIDM00441,CD532,1
3870,SIDM00338,CD532,1
3871,SIDM00526,CD532,1
3872,SIDM00896,CD532,1
3873,SIDM01042,CD532,1
3874,SIDM00994,CD532,1
3875,SIDM00993,CD532,1
3876,SIDM00346,CD532,1
3877,SIDM00415,CD532,1
3878,SIDM00706,CD532,1
3879,SIDM01082,CD532,1
3880,SIDM00145,CD532,1
3881,SIDM01045,CD532,1
3882,SIDM00442,CD532,1
3883,SIDM00810,CD532,1
3884,SIDM00433,CD532,1
3885,SIDM00334,CD532,1
3886,SIDM01089,CD532,1
3887,SIDM00997,CD532,1
3888,SIDM00412,CD532,1
3889,SIDM00406,CD532,1
3890,SIDM01012,CD532,1
3891,SIDM00426,CD532,1
3892,SIDM00957,CD532,1
3893,SIDM00927,CD532,1
3894,SIDM00429,CD532,1
3895,SIDM01049,CD532,1
3896,SIDM00953,CD532,1
3897,SIDM00454,CD532,1
3898,SIDM00340,CD532,1
3899,SIDM00499,CD532,1
3900,SIDM01062,CD532,1
3901,SIDM00410,CD532,1
3902,SIDM01131,CD532,1
3903,SIDM00989,CD532,1
3904,SIDM00284,CD532,1
3905,SIDM01110,CD532,1
3906,SIDM00990,CD532,1
3907,SIDM01067,CD532,1
3908,SIDM00313,CD532,1
3909,SIDM00392,CD532,1
3910,SIDM00330,CD532,1
3911,SIDM00996,CD532,1
3912,SIDM01111,CD532,1
3913,SIDM00985,CD532,1
3914,SIDM00461,CD532,1
3915,SIDM00431,CD532,1
3916,SIDM00419,CD532,1
3917,SIDM00431,CGP-082996,1
3918,SIDM00447,CGP-082996,1
3919,SIDM00671,CGP-082996,1
3920,SIDM00390,CGP-082996,1
3921,SIDM00327,CGP-082996,1
3922,SIDM00423,CGP-082996,1
3923,SIDM00407,CGP-082996,1
3924,SIDM00412,CGP-082996,1
3925,SIDM00896,CGP-082996,1
3926,SIDM00417,CGP-082996,1
3927,SIDM01019,CGP-082996,1
3928,SIDM01111,CGP-082996,1
3929,SIDM00387,CGP-082996,1
3930,SIDM00461,CGP-082996,1
3931,SIDM00895,CGP-082996,1
3932,SIDM01172,CGP-082996,1
3933,SIDM01058,CGP-082996,1
3934,SIDM00451,CGP-082996,1
3935,SIDM00446,CGP-082996,1
3936,SIDM00312,CGP-082996,1
3937,SIDM00661,CGP-082996,1
3938,SIDM01057,CGP-082996,1
3939,SIDM00985,CGP-082996,1
3940,SIDM00395,CGP-082996,1
3941,SIDM00785,CGP-082996,1
3942,SIDM00993,CGP-082996,1
3943,SIDM00422,CGP-082996,1
3944,SIDM00428,CGP-082996,1
3945,SIDM00441,CGP-082996,1
3946,SIDM00286,CGP-082996,1
3947,SIDM00145,CGP-082996,1
3948,SIDM01248,CGP-082996,1
3949,SIDM00405,CGP-082996,1
3950,SIDM00594,CGP-082996,1
3951,SIDM00329,CGP-082996,1
3952,SIDM00641,CGP-082996,1
3953,SIDM01020,CGP-082996,1
3954,SIDM00637,CGP-082996,1
3955,SIDM00706,CGP-60474,1
3956,SIDM01047,CGP-60474,1
3957,SIDM00412,CGP-60474,1
3958,SIDM00829,CGP-60474,1
3959,SIDM00329,CGP-60474,1
3960,SIDM00446,CGP-60474,1
3961,SIDM00791,CGP-60474,1
3962,SIDM00594,CGP-60474,1
3963,SIDM00671,CGP-60474,1
3964,SIDM00946,CGP-60474,1
3965,SIDM01248,CGP-60474,1
3966,SIDM00431,CGP-60474,1
3967,SIDM00951,CGP-60474,1
3968,SIDM01023,CGP-60474,1
3969,SIDM00287,CGP-60474,1
3970,SIDM00993,CGP-60474,1
3971,SIDM00954,CGP-60474,1
3972,SIDM00410,CGP-60474,1
3973,SIDM00962,CGP-60474,1
3974,SIDM00391,CGP-60474,1
3975,SIDM00145,CGP-60474,1
3976,SIDM00437,CGP-60474,1
3977,SIDM00896,CGP-60474,1
3978,SIDM00877,CGP-60474,1
3979,SIDM01064,CGP-60474,1
3980,SIDM00447,CGP-60474,1
3981,SIDM01036,CGP-60474,1
3982,SIDM00338,CGP-60474,1
3983,SIDM01176,CGP-60474,1
3984,SIDM00327,CGP-60474,1
3985,SIDM00953,CGP-60474,1
3986,SIDM00985,CGP-60474,1
3987,SIDM00312,CGP-60474,1
3988,SIDM01059,CHIR-99021,1
3989,SIDM00657,CHIR-99021,1
3990,SIDM01045,CHIR-99021,1
3991,SIDM00120,CHIR-99021,1
3992,SIDM00331,CHIR-99021,1
3993,SIDM00961,CHIR-99021,1
3994,SIDM00340,CHIR-99021,1
3995,SIDM00388,CHIR-99021,1
3996,SIDM00953,CHIR-99021,1
3997,SIDM00867,CHIR-99021,1
3998,SIDM00900,CHIR-99021,1
3999,SIDM01038,CHIR-99021,1
4000,SIDM01148,CHIR-99021,1
4001,SIDM00515,CHIR-99021,1
4002,SIDM00405,CHIR-99021,1
4003,SIDM00146,CHIR-99021,1
4004,SIDM00386,CHIR-99021,1
4005,SIDM01064,CHIR-99021,1
4006,SIDM00287,CHIR-99021,1
4007,SIDM00936,CHIR-99021,1
4008,SIDM00932,CHIR-99021,1
4009,SIDM00448,CHIR-99021,1
4010,SIDM00441,CHIR-99021,1
4011,SIDM00628,CHIR-99021,1
4012,SIDM00657,CHIR-99021,1
4013,SIDM01048,CHIR-99021,1
4014,SIDM00416,CHIR-99021,1
4015,SIDM00337,CHIR-99021,1
4016,SIDM01049,CHIR-99021,1
4017,SIDM00433,CHIR-99021,1
4018,SIDM01055,CHIR-99021,1
4019,SIDM00442,CHIR-99021,1
4020,SIDM00458,CHIR-99021,1
4021,SIDM01042,CHIR-99021,1
4022,SIDM00286,CHIR-99021,1
4023,SIDM00088,CHIR-99021,1
4024,SIDM00446,CHIR-99021,1
4025,SIDM00338,CHIR-99021,1
4026,SIDM01027,CHIR-99021,1
4027,SIDM00391,CHIR-99021,1
4028,SIDM01154,CHIR-99021,1
4029,SIDM01034,CHIR-99021,1
4030,SIDM01056,CHIR-99021,1
4031,SIDM01131,CHIR-99021,1
4032,SIDM00308,CHIR-99021,1
4033,SIDM01009,CHIR-99021,1
4034,SIDM00462,CHIR-99021,1
4035,SIDM00993,CHIR-99021,1
4036,SIDM01031,CHIR-99021,1
4037,SIDM00928,CHIR-99021,1
4038,SIDM00412,CHIR-99021,1
4039,SIDM00896,CHIR-99021,1
4040,SIDM00124,CHIR-99021,1
4041,SIDM00785,CHIR-99021,1
4042,SIDM00941,CHIR-99021,1
4043,SIDM00996,CHIR-99021,1
4044,SIDM00950,CHIR-99021,1
4045,SIDM00964,CHIR-99021,1
4046,SIDM00455,CHIR-99021,1
4047,SIDM00829,CHIR-99021,1
4048,SIDM00447,CHIR-99021,1
4049,SIDM00997,CHIR-99021,1
4050,SIDM00344,CHIR-99021,1
4051,SIDM00942,CHIR-99021,1
4052,SIDM00791,CHIR-99021,1
4053,SIDM01062,CHIR-99021,1
4054,SIDM00939,CHIR-99021,1
4055,SIDM01089,CHIR-99021,1
4056,SIDM01056,CHIR-99021,1
4057,SIDM00247,CI-1033,1
4058,SIDM00985,CI-1033,1
4059,SIDM00930,CI-1033,1
4060,SIDM00927,CI-1033,1
4061,SIDM00332,CI-1033,1
4062,SIDM00333,CI-1033,1
4063,SIDM01110,CI-1033,1
4064,SIDM00903,CI-1033,1
4065,SIDM00407,CI-1033,1
4066,SIDM01248,CI-1033,1
4067,SIDM00448,CI-1033,1
4068,SIDM00457,CI-1033,1
4069,SIDM01047,CI-1033,1
4070,SIDM01048,CI-1033,1
4071,SIDM00594,CI-1033,1
4072,SIDM00961,CI-1033,1
4073,SIDM01015,CI-1033,1
4074,SIDM00462,CI-1033,1
4075,SIDM00990,CI-1033,1
4076,SIDM01055,CI-1033,1
4077,SIDM00933,CI-1033,1
4078,SIDM01023,CI-1033,1
4079,SIDM01003,CI-1033,1
4080,SIDM00450,CI-1033,1
4081,SIDM00390,CI-1033,1
4082,SIDM00580,CI-1033,1
4083,SIDM00947,CI-1033,1
4084,SIDM00963,CI-1033,1
4085,SIDM00451,CI-1033,1
4086,SIDM00341,CI-1033,1
4087,SIDM01131,CI-1033,1
4088,SIDM00657,CI-1033,1
4089,SIDM01040,CI-1033,1
4090,SIDM01051,CI-1033,1
4091,SIDM00097,CI-1033,1
4092,SIDM00944,CI-1033,1
4093,SIDM00272,CI-1033,1
4094,SIDM00477,CI-1033,1
4095,SIDM00946,CI-1033,1
4096,SIDM01066,CI-1033,1
4097,SIDM01191,CI-1033,1
4098,SIDM00829,CI-1033,1
4099,SIDM00994,CI-1033,1
4100,SIDM01154,CI-1033,1
4101,SIDM00312,CI-1033,1
4102,SIDM00413,CI-1033,1
4103,SIDM00948,CI-1033,1
4104,SIDM00344,CI-1033,1
4105,SIDM01062,CI-1033,1
4106,SIDM00783,CI-1033,1
4107,SIDM01179,CI-1033,1
4108,SIDM00832,CI-1033,1
4109,SIDM00999,CI-1033,1
4110,SIDM00932,CI-1033,1
4111,SIDM00637,CI-1033,1
4112,SIDM00389,CI-1033,1
4113,SIDM00327,CI-1033,1
4114,SIDM00789,CI-1033,1
4115,SIDM01018,CI-1033,1
4116,SIDM00935,CI-1033,1
4117,SIDM01029,CI-1033,1
4118,SIDM01030,CI-1033,1
4119,SIDM00423,CI-1033,1
4120,SIDM01058,CI-1040,1
4121,SIDM01172,CI-1040,1
4122,SIDM00146,CI-1040,1
4123,SIDM00329,CI-1040,1
4124,SIDM00900,CI-1040,1
4125,SIDM00512,CI-1040,1
4126,SIDM00789,CI-1040,1
4127,SIDM00434,CI-1040,1
4128,SIDM00929,CI-1040,1
4129,SIDM01004,CI-1040,1
4130,SIDM01082,CI-1040,1
4131,SIDM01024,CI-1040,1
4132,SIDM01034,CI-1040,1
4133,SIDM00829,CI-1040,1
4134,SIDM00419,CI-1040,1
4135,SIDM00407,CI-1040,1
4136,SIDM00479,CI-1040,1
4137,SIDM01009,CI-1040,1
4138,SIDM00526,CI-1040,1
4139,SIDM01031,CI-1040,1
4140,SIDM00934,CI-1040,1
4141,SIDM00450,CI-1040,1
4142,SIDM00401,CI-1040,1
4143,SIDM00387,CI-1040,1
4144,SIDM00124,CI-1040,1
4145,SIDM00477,CI-1040,1
4146,SIDM00950,CI-1040,1
4147,SIDM01131,CI-1040,1
4148,SIDM00983,CI-1040,1
4149,SIDM00415,CI-1040,1
4150,SIDM00963,CI-1040,1
4151,SIDM00907,CI-1040,1
4152,SIDM00957,CI-1040,1
4153,SIDM00580,CI-1040,1
4154,SIDM00289,CI-1040,1
4155,SIDM01012,CI-1040,1
4156,SIDM00661,CI-1040,1
4157,SIDM00949,CI-1040,1
4158,SIDM00391,CI-1040,1
4159,SIDM00405,CI-1040,1
4160,SIDM01001,CI-1040,1
4161,SIDM00860,CI-1040,1
4162,SIDM00247,CI-1040,1
4163,SIDM01033,CI-1040,1
4164,SIDM00783,CI-1040,1
4165,SIDM01028,CI-1040,1
4166,SIDM00994,CI-1040,1
4167,SIDM00866,CI-1040,1
4168,SIDM00331,CI-1040,1
4169,SIDM00388,CI-1040,1
4170,SIDM01060,CI-1040,1
4171,SIDM00996,CI-1040,1
4172,SIDM00483,CI-1040,1
4173,SIDM00628,CI-1040,1
4174,SIDM00403,CI-1040,1
4175,SIDM00286,CI-1040,1
4176,SIDM00339,CI-1040,1
4177,SIDM00345,CI-1040,1
4178,SIDM01029,CI-1040,1
4179,SIDM00453,CI-1040,1
4180,SIDM00637,CI-1040,1
4181,SIDM00308,CI-1040,1
4182,SIDM00380,CI-1040,1
4183,SIDM00810,CI-1040,1
4184,SIDM00982,CI-1040,1
4185,SIDM00413,CI-1040,1
4186,SIDM00441,CI-1040,1
4187,SIDM00308,CMK,1
4188,SIDM01023,CMK,1
4189,SIDM00396,CMK,1
4190,SIDM00438,CMK,1
4191,SIDM00289,CMK,1
4192,SIDM01047,CMK,1
4193,SIDM00332,CMK,1
4194,SIDM00410,CMK,1
4195,SIDM01179,CMK,1
4196,SIDM00896,CMK,1
4197,SIDM01048,CMK,1
4198,SIDM00458,CMK,1
4199,SIDM00346,CMK,1
4200,SIDM00329,CMK,1
4201,SIDM01089,CMK,1
4202,SIDM00342,CMK,1
4203,SIDM01086,CMK,1
4204,SIDM00953,CMK,1
4205,SIDM01111,CMK,1
4206,SIDM00462,CMK,1
4207,SIDM01005,CMK,1
4208,SIDM00407,CP466722,1
4209,SIDM01003,CP466722,1
4210,SIDM00886,CP466722,1
4211,SIDM00332,CP466722,1
4212,SIDM00337,CP466722,1
4213,SIDM01131,CP466722,1
4214,SIDM01040,CP466722,1
4215,SIDM00995,CP466722,1
4216,SIDM00463,CP466722,1
4217,SIDM00867,CP466722,1
4218,SIDM00933,CP466722,1
4219,SIDM00937,CP466722,1
4220,SIDM00404,CP466722,1
4221,SIDM00907,CP466722,1
4222,SIDM01034,CP466722,1
4223,SIDM01023,CP466722,1
4224,SIDM00996,CP466722,1
4225,SIDM00413,CP466722,1
4226,SIDM00308,CP466722,1
4227,SIDM00462,CP466722,1
4228,SIDM00832,CP466722,1
4229,SIDM00580,CP466722,1
4230,SIDM00434,CP466722,1
4231,SIDM01073,CP466722,1
4232,SIDM00828,CP466722,1
4233,SIDM01001,CP466722,1
4234,SIDM01072,CP466722,1
4235,SIDM01085,CP466722,1
4236,SIDM00388,CP466722,1
4237,SIDM00420,CP466722,1
4238,SIDM00798,CP466722,1
4239,SIDM00148,CP466722,1
4240,SIDM00994,CP466722,1
4241,SIDM01172,CP466722,1
4242,SIDM00386,CP466722,1
4243,SIDM00287,CP466722,1
4244,SIDM00874,CP466722,1
4245,SIDM00458,CP466722,1
4246,SIDM00410,CP466722,1
4247,SIDM00340,CP466722,1
4248,SIDM01027,CP466722,1
4249,SIDM01018,CP466722,1
4250,SIDM00441,CP466722,1
4251,SIDM01176,CP466722,1
4252,SIDM00395,CP466722,1
4253,SIDM00431,CP466722,1
4254,SIDM00394,CP466722,1
4255,SIDM00416,CP466722,1
4256,SIDM00284,CP466722,1
4257,SIDM01107,CP466722,1
4258,SIDM01103,CP466722,1
4259,SIDM00285,CP466722,1
4260,SIDM00964,CP466722,1
4261,SIDM00641,CP466722,1
4262,SIDM01026,CP466722,1
4263,SIDM00124,CP466722,1
4264,SIDM01024,CP466722,1
4265,SIDM01089,CP466722,1
4266,SIDM00391,CP466722,1
4267,SIDM00387,CP466722,1
4268,SIDM00332,CP724714,1
4269,SIDM00407,CP724714,1
4270,SIDM00453,CP724714,1
4271,SIDM00942,CP724714,1
4272,SIDM01131,CP724714,1
4273,SIDM00896,CP724714,1
4274,SIDM00949,CP724714,1
4275,SIDM00396,CP724714,1
4276,SIDM00994,CP724714,1
4277,SIDM00341,CP724714,1
4278,SIDM00391,CP724714,1
4279,SIDM00935,CP724714,1
4280,SIDM00443,CP724714,1
4281,SIDM00121,CP724714,1
4282,SIDM00961,CP724714,1
4283,SIDM01048,CP724714,1
4284,SIDM00394,CP724714,1
4285,SIDM01004,CP724714,1
4286,SIDM00434,CP724714,1
4287,SIDM01073,CP724714,1
4288,SIDM00946,CP724714,1
4289,SIDM00289,CP724714,1
4290,SIDM00458,CP724714,1
4291,SIDM00783,CP724714,1
4292,SIDM00419,CP724714,1
4293,SIDM01030,CP724714,1
4294,SIDM00421,CP724714,1
4295,SIDM00327,CP724714,1
4296,SIDM00448,CP724714,1
4297,SIDM01052,CP724714,1
4298,SIDM00450,CP724714,1
4299,SIDM00343,CP724714,1
4300,SIDM00927,CP724714,1
4301,SIDM00308,CP724714,1
4302,SIDM00580,CP724714,1
4303,SIDM01018,CP724714,1
4304,SIDM00986,CP724714,1
4305,SIDM00829,CP724714,1
4306,SIDM00982,CP724714,1
4307,SIDM00088,CP724714,1
4308,SIDM00828,CP724714,1
4309,SIDM01028,CP724714,1
4310,SIDM00957,CP724714,1
4311,SIDM00441,CP724714,1
4312,SIDM00336,CP724714,1
4313,SIDM00429,CP724714,1
4314,SIDM00446,CP724714,1
4315,SIDM00403,CP724714,1
4316,SIDM00405,CP724714,1
4317,SIDM00807,CP724714,1
4318,SIDM01103,CP724714,1
4319,SIDM01248,CP724714,1
4320,SIDM00791,CP724714,1
4321,SIDM01089,CP724714,1
4322,SIDM00148,CP724714,1
4323,SIDM01110,CP724714,1
4324,SIDM00329,CP724714,1
4325,SIDM00947,CP724714,1
4326,SIDM01107,CP724714,1
4327,SIDM00417,CP724714,1
4328,SIDM01031,CP724714,1
4329,SIDM00499,CP724714,1
4330,SIDM00433,CP724714,1
4331,SIDM00641,CP724714,1
4332,SIDM00146,CPI-613,1
4333,SIDM00985,CPI-613,1
4334,SIDM01131,CPI-613,1
4335,SIDM00661,CPI-613,1
4336,SIDM00933,CPI-613,1
4337,SIDM01089,CPI-613,1
4338,SIDM00948,CPI-613,1
4339,SIDM01110,CPI-613,1
4340,SIDM01048,CPI-613,1
4341,SIDM01064,CPI-613,1
4342,SIDM01009,CPI-613,1
4343,SIDM00442,CPI-613,1
4344,SIDM00339,CPI-613,1
4345,SIDM00424,CPI-613,1
4346,SIDM00946,CPI-613,1
4347,SIDM00120,CPI-613,1
4348,SIDM00410,CPI-613,1
4349,SIDM01012,CPI-613,1
4350,SIDM01107,CPI-613,1
4351,SIDM00931,CPI-613,1
4352,SIDM00429,CPI-613,1
4353,SIDM01024,CPI-613,1
4354,SIDM00995,CPI-613,1
4355,SIDM01018,CPI-613,1
4356,SIDM00657,CPI-613,1
4357,SIDM00947,CPI-613,1
4358,SIDM00927,CPI-613,1
4359,SIDM01047,CPI-613,1
4360,SIDM00451,CPI-613,1
4361,SIDM00388,CPI-613,1
4362,SIDM00940,CPI-613,1
4363,SIDM00337,CPI-613,1
4364,SIDM00446,CPI-613,1
4365,SIDM00443,CPI-613,1
4366,SIDM00829,CPI-613,1
4367,SIDM00329,CPI-613,1
4368,SIDM00437,CPI-613,1
4369,SIDM00333,CPI-613,1
4370,SIDM00983,CPI-613,1
4371,SIDM01062,CPI-613,1
4372,SIDM00499,CPI-613,1
4373,SIDM00433,CPI-613,1
4374,SIDM00996,CPI-613,1
4375,SIDM00415,CPI-613,1
4376,SIDM01030,CPI-613,1
4377,SIDM00403,CPI-613,1
4378,SIDM00401,CPI-613,1
4379,SIDM01218,CPI-613,1
4380,SIDM01028,CPI-613,1
4381,SIDM00136,CPI-613,1
4382,SIDM01026,CPI-613,1
4383,SIDM00929,CPI-613,1
4384,SIDM00423,CPI-613,1
4385,SIDM00964,CPI-613,1
4386,SIDM01176,CPI-613,1
4387,SIDM00932,CPI-613,1
4388,SIDM01002,CPI-613,1
4389,SIDM00942,CPI-613,1
4390,SIDM00515,CPI-613,1
4391,SIDM00994,CPI-613,1
4392,SIDM01031,CPI-613,1
4393,SIDM00944,CPI-613,1
4394,SIDM00406,CPI-613,1
4395,SIDM01107,CUDC-101,1
4396,SIDM00990,CUDC-101,1
4397,SIDM00907,CUDC-101,1
4398,SIDM00389,CUDC-101,1
4399,SIDM00411,CUDC-101,1
4400,SIDM01002,CUDC-101,1
4401,SIDM00428,CUDC-101,1
4402,SIDM01029,CUDC-101,1
4403,SIDM00877,CUDC-101,1
4404,SIDM00798,CUDC-101,1
4405,SIDM00580,CUDC-101,1
4406,SIDM00980,CUDC-101,1
4407,SIDM00424,CUDC-101,1
4408,SIDM01042,CUDC-101,1
4409,SIDM00148,CUDC-101,1
4410,SIDM00403,CUDC-101,1
4411,SIDM01131,CUDC-101,1
4412,SIDM00987,CUDC-101,1
4413,SIDM00962,CUDC-101,1
4414,SIDM00401,CUDC-101,1
4415,SIDM00512,CUDC-101,1
4416,SIDM00429,CUDC-101,1
4417,SIDM01012,CUDC-101,1
4418,SIDM01218,CUDC-101,1
4419,SIDM00954,CUDC-101,1
4420,SIDM00442,CUDC-101,1
4421,SIDM00441,CUDC-101,1
4422,SIDM00461,CUDC-101,1
4423,SIDM00946,CUDC-101,1
4424,SIDM00989,CUDC-101,1
4425,SIDM00448,CUDC-101,1
4426,SIDM01073,CUDC-101,1
4427,SIDM00953,CUDC-101,1
4428,SIDM01036,CUDC-101,1
4429,SIDM00406,CUDC-101,1
4430,SIDM00940,CUDC-101,1
4431,SIDM00829,CUDC-101,1
4432,SIDM01013,CUDC-101,1
4433,SIDM01048,CUDC-101,1
4434,SIDM00951,CUDC-101,1
4435,SIDM01001,CUDC-101,1
4436,SIDM01023,CUDC-101,1
4437,SIDM01060,CUDC-101,1
4438,SIDM01059,CUDC-101,1
4439,SIDM00447,CUDC-101,1
4440,SIDM00272,CUDC-101,1
4441,SIDM00935,CUDC-101,1
4442,SIDM00985,CUDC-101,1
4443,SIDM00455,CUDC-101,1
4444,SIDM00284,CUDC-101,1
4445,SIDM00422,CUDC-101,1
4446,SIDM01056,CUDC-101,1
4447,SIDM00396,CUDC-101,1
4448,SIDM00798,CX-5461,1
4449,SIDM00515,CX-5461,1
4450,SIDM00963,CX-5461,1
4451,SIDM01042,CX-5461,1
4452,SIDM01002,CX-5461,1
4453,SIDM00448,CX-5461,1
4454,SIDM00392,CX-5461,1
4455,SIDM01052,CX-5461,1
4456,SIDM00947,CX-5461,1
4457,SIDM00996,CX-5461,1
4458,SIDM00941,CX-5461,1
4459,SIDM00120,CX-5461,1
4460,SIDM00953,CX-5461,1
4461,SIDM00395,CX-5461,1
4462,SIDM00641,CX-5461,1
4463,SIDM00386,CX-5461,1
4464,SIDM00931,CX-5461,1
4465,SIDM01071,CX-5461,1
4466,SIDM00346,CX-5461,1
4467,SIDM00628,CX-5461,1
4468,SIDM00312,CX-5461,1
4469,SIDM00829,CX-5461,1
4470,SIDM00932,CX-5461,1
4471,SIDM00411,CX-5461,1
4472,SIDM00954,CX-5461,1
4473,SIDM00391,CX-5461,1
4474,SIDM00483,CX-5461,1
4475,SIDM00341,CX-5461,1
4476,SIDM00874,CX-5461,1
4477,SIDM00431,CX-5461,1
4478,SIDM00227,CX-5461,1
4479,SIDM01069,CX-5461,1
4480,SIDM00403,CX-5461,1
4481,SIDM00121,CX-5461,1
4482,SIDM01103,CX-5461,1
4483,SIDM00124,CX-5461,1
4484,SIDM00637,CX-5461,1
4485,SIDM00939,CX-5461,1
4486,SIDM00413,CX-5461,1
4487,SIDM00990,CX-5461,1
4488,SIDM00247,CX-5461,1
4489,SIDM01051,CX-5461,1
4490,SIDM00330,CX-5461,1
4491,SIDM01082,CX-5461,1
4492,SIDM01067,CX-5461,1
4493,SIDM00526,CX-5461,1
4494,SIDM00422,CX-5461,1
4495,SIDM01018,CX-5461,1
4496,SIDM00900,CX-5461,1
4497,SIDM01036,CX-5461,1
4498,SIDM01110,CX-5461,1
4499,SIDM00446,CX-5461,1
4500,SIDM00395,Cabozantinib,1
4501,SIDM00433,Cabozantinib,1
4502,SIDM00948,Cabozantinib,1
4503,SIDM00932,Cabozantinib,1
4504,SIDM00148,Cabozantinib,1
4505,SIDM00313,Cabozantinib,1
4506,SIDM00526,Cabozantinib,1
4507,SIDM00402,Cabozantinib,1
4508,SIDM00789,Cabozantinib,1
4509,SIDM00447,Cabozantinib,1
4510,SIDM01025,Cabozantinib,1
4511,SIDM00499,Cabozantinib,1
4512,SIDM00448,Cabozantinib,1
4513,SIDM00986,Cabozantinib,1
4514,SIDM01103,Cabozantinib,1
4515,SIDM00426,Cabozantinib,1
4516,SIDM00341,Cabozantinib,1
4517,SIDM00227,Cabozantinib,1
4518,SIDM00927,Cabozantinib,1
4519,SIDM00594,Cabozantinib,1
4520,SIDM01033,Cabozantinib,1
4521,SIDM01029,Cabozantinib,1
4522,SIDM01085,Cabozantinib,1
4523,SIDM01086,Cabozantinib,1
4524,SIDM00308,Cabozantinib,1
4525,SIDM01062,Cabozantinib,1
4526,SIDM01060,Cabozantinib,1
4527,SIDM00988,Cabozantinib,1
4528,SIDM00346,Cabozantinib,1
4529,SIDM00791,Cabozantinib,1
4530,SIDM00903,Cabozantinib,1
4531,SIDM00874,Cabozantinib,1
4532,SIDM00987,Cabozantinib,1
4533,SIDM00936,Cabozantinib,1
4534,SIDM00457,Cabozantinib,1
4535,SIDM01191,Cabozantinib,1
4536,SIDM01052,Cabozantinib,1
4537,SIDM00419,Cabozantinib,1
4538,SIDM01028,Cabozantinib,1
4539,SIDM01020,Cabozantinib,1
4540,SIDM00394,Cabozantinib,1
4541,SIDM00332,Cabozantinib,1
4542,SIDM00286,Cabozantinib,1
4543,SIDM00410,Cabozantinib,1
4544,SIDM00942,Cabozantinib,1
4545,SIDM00461,Cabozantinib,1
4546,SIDM00441,Cabozantinib,1
4547,SIDM00963,Cabozantinib,1
4548,SIDM01040,Cabozantinib,1
4549,SIDM00999,Cabozantinib,1
4550,SIDM00136,Cabozantinib,1
4551,SIDM00327,Cabozantinib,1
4552,SIDM00416,Cabozantinib,1
4553,SIDM00423,Cabozantinib,1
4554,SIDM01131,Cabozantinib,1
4555,SIDM00391,Cabozantinib,1
4556,SIDM00344,Cabozantinib,1
4557,SIDM00671,Cabozantinib,1
4558,SIDM00412,Cabozantinib,1
4559,SIDM00287,Capivasertib,1
4560,SIDM00783,Capivasertib,1
4561,SIDM01218,Capivasertib,1
4562,SIDM00807,Capivasertib,1
4563,SIDM01024,Capivasertib,1
4564,SIDM00946,Capivasertib,1
4565,SIDM00458,Capivasertib,1
4566,SIDM00929,Capivasertib,1
4567,SIDM00340,Capivasertib,1
4568,SIDM00088,Capivasertib,1
4569,SIDM00453,Capivasertib,1
4570,SIDM00401,Capivasertib,1
4571,SIDM00637,Capivasertib,1
4572,SIDM00404,Capivasertib,1
4573,SIDM01176,Capivasertib,1
4574,SIDM00331,Capivasertib,1
4575,SIDM00395,Capivasertib,1
4576,SIDM00641,Capivasertib,1
4577,SIDM00339,Capivasertib,1
4578,SIDM01004,Capivasertib,1
4579,SIDM01131,Capivasertib,1
4580,SIDM01033,Capivasertib,1
4581,SIDM00874,Capivasertib,1
4582,SIDM00936,Capivasertib,1
4583,SIDM00441,Capivasertib,1
4584,SIDM00344,Capivasertib,1
4585,SIDM00423,Capivasertib,1
4586,SIDM00829,Capivasertib,1
4587,SIDM01048,Capivasertib,1
4588,SIDM00987,Capivasertib,1
4589,SIDM00939,Capivasertib,1
4590,SIDM00289,Capivasertib,1
4591,SIDM00343,Capivasertib,1
4592,SIDM00342,Capivasertib,1
4593,SIDM00512,Capivasertib,1
4594,SIDM00247,Capivasertib,1
4595,SIDM00420,Capivasertib,1
4596,SIDM00329,Capivasertib,1
4597,SIDM01005,Capivasertib,1
4598,SIDM00867,Capivasertib,1
4599,SIDM00957,Capivasertib,1
4600,SIDM00426,Capivasertib,1
4601,SIDM00953,Capivasertib,1
4602,SIDM00449,Capivasertib,1
4603,SIDM00333,Capivasertib,1
4604,SIDM00410,Capivasertib,1
4605,SIDM01062,Capivasertib,1
4606,SIDM00403,Capivasertib,1
4607,SIDM00428,Capivasertib,1
4608,SIDM00145,Capivasertib,1
4609,SIDM01067,Capivasertib,1
4610,SIDM00896,Capivasertib,1
4611,SIDM00983,Capivasertib,1
4612,SIDM00931,Capivasertib,1
4613,SIDM01045,Capivasertib,1
4614,SIDM00479,Capivasertib,1
4615,SIDM00933,Capivasertib,1
4616,SIDM00860,Capivasertib,1
4617,SIDM00124,Capivasertib,1
4618,SIDM00227,Capivasertib,1
4619,SIDM00990,Capivasertib,1
4620,SIDM01051,Capivasertib,1
4621,SIDM01043,Capivasertib,1
4622,SIDM00413,Capivasertib,1
4623,SIDM00097,Capivasertib,1
4624,SIDM01066,Capivasertib,1
4625,SIDM00327,Capivasertib,1
4626,SIDM00447,Cetuximab,1
4627,SIDM00380,Cetuximab,1
4628,SIDM01066,Cetuximab,1
4629,SIDM00120,Cetuximab,1
4630,SIDM01013,Cetuximab,1
4631,SIDM00312,Cetuximab,1
4632,SIDM00785,Cetuximab,1
4633,SIDM00461,Cetuximab,1
4634,SIDM00949,Cetuximab,1
4635,SIDM00337,Cetuximab,1
4636,SIDM01073,Cetuximab,1
4637,SIDM00454,Cetuximab,1
4638,SIDM00932,Cetuximab,1
4639,SIDM01056,Cetuximab,1
4640,SIDM00907,Cetuximab,1
4641,SIDM00866,Cetuximab,1
4642,SIDM00446,Cetuximab,1
4643,SIDM01111,Cetuximab,1
4644,SIDM00339,Cetuximab,1
4645,SIDM00985,Cetuximab,1
4646,SIDM00953,Cetuximab,1
4647,SIDM01029,Cetuximab,1
4648,SIDM01086,Cetuximab,1
4649,SIDM00394,Cetuximab,1
4650,SIDM00463,Cetuximab,1
4651,SIDM00810,Cetuximab,1
4652,SIDM00832,Cetuximab,1
4653,SIDM01024,Cetuximab,1
4654,SIDM00402,Cetuximab,1
4655,SIDM00388,Cetuximab,1
4656,SIDM01103,Cetuximab,1
4657,SIDM00997,Cetuximab,1
4658,SIDM00389,Cetuximab,1
4659,SIDM00451,Cetuximab,1
4660,SIDM00946,Cetuximab,1
4661,SIDM01191,Cetuximab,1
4662,SIDM01082,Cetuximab,1
4663,SIDM00941,Cetuximab,1
4664,SIDM00415,Cetuximab,1
4665,SIDM00900,Cetuximab,1
4666,SIDM00395,Cetuximab,1
4667,SIDM00980,Cetuximab,1
4668,SIDM01052,Cetuximab,1
4669,SIDM00405,Cetuximab,1
4670,SIDM00087,Cetuximab,1
4671,SIDM01076,Cetuximab,1
4672,SIDM01110,Cetuximab,1
4673,SIDM00580,Cetuximab,1
4674,SIDM00392,Cetuximab,1
4675,SIDM00336,Cisplatin,1
4676,SIDM00929,Cisplatin,1
4677,SIDM00942,Cisplatin,1
4678,SIDM00124,Cisplatin,1
4679,SIDM00327,Cisplatin,1
4680,SIDM00331,Cisplatin,1
4681,SIDM00227,Cisplatin,1
4682,SIDM00421,Cisplatin,1
4683,SIDM00463,Cisplatin,1
4684,SIDM00987,Cisplatin,1
4685,SIDM00145,Cisplatin,1
4686,SIDM01059,Cisplatin,1
4687,SIDM00499,Cisplatin,1
4688,SIDM00964,Cisplatin,1
4689,SIDM00807,Cisplatin,1
4690,SIDM00287,Cisplatin,1
4691,SIDM01012,Cisplatin,1
4692,SIDM00930,Cisplatin,1
4693,SIDM00333,Cisplatin,1
4694,SIDM00346,Cisplatin,1
4695,SIDM00433,Cisplatin,1
4696,SIDM01062,Cisplatin,1
4697,SIDM01032,Cisplatin,1
4698,SIDM00954,Cisplatin,1
4699,SIDM00395,Cisplatin,1
4700,SIDM00415,Cisplatin,1
4701,SIDM00462,Cisplatin,1
4702,SIDM00479,Cisplatin,1
4703,SIDM01048,Cisplatin,1
4704,SIDM00477,Cisplatin,1
4705,SIDM01051,Cisplatin,1
4706,SIDM01034,Cisplatin,1
4707,SIDM00458,Cisplatin,1
4708,SIDM01025,Cisplatin,1
4709,SIDM01085,Cisplatin,1
4710,SIDM01068,Cisplatin,1
4711,SIDM00448,Cisplatin,1
4712,SIDM00406,Cisplatin,1
4713,SIDM00403,Cisplatin,1
4714,SIDM00413,Cisplatin,1
4715,SIDM01176,Cisplatin,1
4716,SIDM01070,Cisplatin,1
4717,SIDM00405,Cisplatin,1
4718,SIDM00980,Cisplatin,1
4719,SIDM00961,Cisplatin,1
4720,SIDM00416,Cisplatin,1
4721,SIDM00483,Cisplatin,1
4722,SIDM01034,Cisplatin,1
4723,SIDM00928,Cisplatin,1
4724,SIDM00994,Cisplatin,1
4725,SIDM00407,Cisplatin,1
4726,SIDM00953,Cisplatin,1
4727,SIDM00338,Cisplatin,1
4728,SIDM00996,Cisplatin,1
4729,SIDM01048,Cisplatin,1
4730,SIDM00441,Cisplatin,1
4731,SIDM00333,Cisplatin,1
4732,SIDM00413,Cisplatin,1
4733,SIDM01082,Cisplatin,1
4734,SIDM01248,Cisplatin,1
4735,SIDM00421,Cisplatin,1
4736,SIDM00460,Cisplatin,1
4737,SIDM00886,Cisplatin,1
4738,SIDM00903,Cisplatin,1
4739,SIDM01001,Cisplatin,1
4740,SIDM01032,Cisplatin,1
4741,SIDM01003,Cisplatin,1
4742,SIDM00798,Cisplatin,1
4743,SIDM00442,Cisplatin,1
4744,SIDM01218,Cisplatin,1
4745,SIDM00345,Cisplatin,1
4746,SIDM00832,Cisplatin,1
4747,SIDM00415,Cisplatin,1
4748,SIDM00958,Cisplatin,1
4749,SIDM00450,Cisplatin,1
4750,SIDM01248,Cisplatin,1
4751,SIDM00939,Cisplatin,1
4752,SIDM00419,Cisplatin,1
4753,SIDM00334,Cisplatin,1
4754,SIDM00426,Cisplatin,1
4755,SIDM01026,Cisplatin,1
4756,SIDM01031,Cisplatin,1
4757,SIDM01060,Cisplatin,1
4758,SIDM00392,Cisplatin,1
4759,SIDM00580,Cisplatin,1
4760,SIDM00580,Cisplatin,1
4761,SIDM00952,Cisplatin,1
4762,SIDM00867,Cisplatin,1
4763,SIDM00934,Cisplatin,1
4764,SIDM01057,Cisplatin,1
4765,SIDM00982,Cisplatin,1
4766,SIDM00412,Cisplatin,1
4767,SIDM00477,Cisplatin,1
4768,SIDM01052,Cisplatin,1
4769,SIDM00453,Cisplatin,1
4770,SIDM00994,Cisplatin,1
4771,SIDM00327,Cisplatin,1
4772,SIDM00789,Cisplatin,1
4773,SIDM00391,Crizotinib,1
4774,SIDM00962,Crizotinib,1
4775,SIDM01015,Crizotinib,1
4776,SIDM00429,Crizotinib,1
4777,SIDM01248,Crizotinib,1
4778,SIDM00405,Crizotinib,1
4779,SIDM00437,Crizotinib,1
4780,SIDM00431,Crizotinib,1
4781,SIDM00981,Crizotinib,1
4782,SIDM00404,Crizotinib,1
4783,SIDM00396,Crizotinib,1
4784,SIDM00877,Crizotinib,1
4785,SIDM00145,Crizotinib,1
4786,SIDM00951,Crizotinib,1
4787,SIDM00346,Crizotinib,1
4788,SIDM00124,Crizotinib,1
4789,SIDM01057,Crizotinib,1
4790,SIDM00438,Cyclopamine,1
4791,SIDM00460,Cyclopamine,1
4792,SIDM00515,Cyclopamine,1
4793,SIDM00404,Cyclopamine,1
4794,SIDM00396,Cyclopamine,1
4795,SIDM00962,Cyclopamine,1
4796,SIDM00330,Cyclopamine,1
4797,SIDM00443,Cyclopamine,1
4798,SIDM00431,Cyclopamine,1
4799,SIDM01071,Cyclopamine,1
4800,SIDM00415,Cyclopamine,1
4801,SIDM01131,Cyclopamine,1
4802,SIDM00706,Cyclopamine,1
4803,SIDM00312,Cyclopamine,1
4804,SIDM01064,Cyclopamine,1
4805,SIDM00951,Cyclopamine,1
4806,SIDM00877,Cyclopamine,1
4807,SIDM00451,Cyclopamine,1
4808,SIDM00641,Cyclopamine,1
4809,SIDM00948,Cyclopamine,1
4810,SIDM00437,Cyclopamine,1
4811,SIDM01001,Cyclopamine,1
4812,SIDM00434,Cyclopamine,1
4813,SIDM01057,Cyclopamine,1
4814,SIDM01015,Cyclopamine,1
4815,SIDM00460,Cytarabine,1
4816,SIDM00345,Cytarabine,1
4817,SIDM00434,Cytarabine,1
4818,SIDM01055,Cytarabine,1
4819,SIDM01191,Cytarabine,1
4820,SIDM00958,Cytarabine,1
4821,SIDM01047,Cytarabine,1
4822,SIDM00985,Cytarabine,1
4823,SIDM00950,Cytarabine,1
4824,SIDM01048,Cytarabine,1
4825,SIDM00932,Cytarabine,1
4826,SIDM00995,Cytarabine,1
4827,SIDM00941,Cytarabine,1
4828,SIDM00982,Cytarabine,1
4829,SIDM01024,Cytarabine,1
4830,SIDM00438,Cytarabine,1
4831,SIDM00426,Cytarabine,1
4832,SIDM00332,Cytarabine,1
4833,SIDM01068,Cytarabine,1
4834,SIDM00477,Cytarabine,1
4835,SIDM00145,Cytarabine,1
4836,SIDM00789,Cytarabine,1
4837,SIDM00431,Cytarabine,1
4838,SIDM00442,Cytarabine,1
4839,SIDM00289,Cytarabine,1
4840,SIDM00416,Cytarabine,1
4841,SIDM00410,Cytarabine,1
4842,SIDM00987,Cytarabine,1
4843,SIDM00386,Cytarabine,1
4844,SIDM00136,Cytarabine,1
4845,SIDM00641,Cytarabine,1
4846,SIDM00402,Cytarabine,1
4847,SIDM00886,Cytarabine,1
4848,SIDM00419,Cytarabine,1
4849,SIDM01027,Cytarabine,1
4850,SIDM00148,Cytarabine,1
4851,SIDM00993,Cytarabine,1
4852,SIDM01056,Cytarabine,1
4853,SIDM01032,Cytarabine,1
4854,SIDM00403,Cytarabine,1
4855,SIDM00986,Cytarabine,1
4856,SIDM00402,DMOG,1
4857,SIDM01023,DMOG,1
4858,SIDM00405,DMOG,1
4859,SIDM00951,DMOG,1
4860,SIDM00428,DMOG,1
4861,SIDM01057,DMOG,1
4862,SIDM00937,DMOG,1
4863,SIDM01064,DMOG,1
4864,SIDM00438,DMOG,1
4865,SIDM00948,DMOG,1
4866,SIDM00935,DMOG,1
4867,SIDM00450,DMOG,1
4868,SIDM00247,DMOG,1
4869,SIDM00988,DMOG,1
4870,SIDM01033,DMOG,1
4871,SIDM00434,DMOG,1
4872,SIDM01020,DMOG,1
4873,SIDM01040,DMOG,1
4874,SIDM00346,DMOG,1
4875,SIDM00944,DMOG,1
4876,SIDM01068,DMOG,1
4877,SIDM00451,DMOG,1
4878,SIDM00940,DMOG,1
4879,SIDM01043,DMOG,1
4880,SIDM00996,DMOG,1
4881,SIDM00995,DMOG,1
4882,SIDM00338,DMOG,1
4883,SIDM00420,DMOG,1
4884,SIDM00339,DMOG,1
4885,SIDM00410,DMOG,1
4886,SIDM01248,DMOG,1
4887,SIDM00124,DMOG,1
4888,SIDM00657,DMOG,1
4889,SIDM00406,DMOG,1
4890,SIDM00429,DMOG,1
4891,SIDM00671,DMOG,1
4892,SIDM01218,DMOG,1
4893,SIDM00785,DMOG,1
4894,SIDM00404,DMOG,1
4895,SIDM00340,DMOG,1
4896,SIDM01028,DMOG,1
4897,SIDM00999,DMOG,1
4898,SIDM00412,DMOG,1
4899,SIDM00344,DMOG,1
4900,SIDM00832,DMOG,1
4901,SIDM00387,DMOG,1
4902,SIDM01034,DMOG,1
4903,SIDM01002,DMOG,1
4904,SIDM00411,DMOG,1
4905,SIDM00333,DMOG,1
4906,SIDM00594,DMOG,1
4907,SIDM00479,DMOG,1
4908,SIDM00807,DMOG,1
4909,SIDM01087,DMOG,1
4910,SIDM00334,DMOG,1
4911,SIDM00933,DMOG,1
4912,SIDM01025,DMOG,1
4913,SIDM00453,Dabrafenib,1
4914,SIDM00434,Dabrafenib,1
4915,SIDM00097,Dabrafenib,1
4916,SIDM00874,Dabrafenib,1
4917,SIDM00896,Dabrafenib,1
4918,SIDM00312,Dabrafenib,1
4919,SIDM00272,Dabrafenib,1
4920,SIDM00411,Dabrafenib,1
4921,SIDM00088,Dabrafenib,1
4922,SIDM00785,Dabrafenib,1
4923,SIDM01026,Dabrafenib,1
4924,SIDM00343,Dabrafenib,1
4925,SIDM00313,Dabrafenib,1
4926,SIDM00866,Dabrafenib,1
4927,SIDM00336,Dabrafenib,1
4928,SIDM00438,Dabrafenib,1
4929,SIDM00460,Dabrafenib,1
4930,SIDM00403,Dabrafenib,1
4931,SIDM01038,Dabrafenib,1
4932,SIDM00120,Dabrafenib,1
4933,SIDM00331,Dabrafenib,1
4934,SIDM00388,Dabrafenib,1
4935,SIDM00993,Dabrafenib,1
4936,SIDM00832,Dabrafenib,1
4937,SIDM01049,Dabrafenib,1
4938,SIDM00437,Dabrafenib,1
4939,SIDM01052,Dabrafenib,1
4940,SIDM01057,Dabrafenib,1
4941,SIDM00457,Dabrafenib,1
4942,SIDM00423,Dabrafenib,1
4943,SIDM00341,Dabrafenib,1
4944,SIDM00426,Dabrafenib,1
4945,SIDM01042,Dabrafenib,1
4946,SIDM00449,Dabrafenib,1
4947,SIDM00413,Dabrafenib,1
4948,SIDM01191,Dabrafenib,1
4949,SIDM01072,Dabrafenib,1
4950,SIDM01148,Dabrafenib,1
4951,SIDM00346,Dabrafenib,1
4952,SIDM00389,Dabrafenib,1
4953,SIDM00407,Dabrafenib,1
4954,SIDM00448,Dabrafenib,1
4955,SIDM01064,Dabrafenib,1
4956,SIDM00284,Dabrafenib,1
4957,SIDM00455,Dabrafenib,1
4958,SIDM00124,Dabrafenib,1
4959,SIDM00903,Dabrafenib,1
4960,SIDM00580,Dabrafenib,1
4961,SIDM00461,Dabrafenib,1
4962,SIDM00121,Dabrafenib,1
4963,SIDM00783,Dabrafenib,1
4964,SIDM00954,Dabrafenib,1
4965,SIDM00657,Dabrafenib,1
4966,SIDM00789,Dabrafenib,1
4967,SIDM01009,Dabrafenib,1
4968,SIDM00949,Dabrafenib,1
4969,SIDM01067,Dabrafenib,1
4970,SIDM00146,Dabrafenib,1
4971,SIDM00789,Dacinostat,1
4972,SIDM01020,Dacinostat,1
4973,SIDM00407,Dacinostat,1
4974,SIDM00431,Dacinostat,1
4975,SIDM00329,Dacinostat,1
4976,SIDM00395,Dacinostat,1
4977,SIDM00312,Dacinostat,1
4978,SIDM00392,Dacinostat,1
4979,SIDM00429,Dacinostat,1
4980,SIDM01218,Dacinostat,1
4981,SIDM00227,Dacinostat,1
4982,SIDM00120,Dacinostat,1
4983,SIDM00798,Dacinostat,1
4984,SIDM00594,Dacinostat,1
4985,SIDM01154,Dacinostat,1
4986,SIDM00957,Dacinostat,1
4987,SIDM01051,Dacinostat,1
4988,SIDM00344,Dacinostat,1
4989,SIDM01032,Dacinostat,1
4990,SIDM00993,Dacinostat,1
4991,SIDM00946,Dacinostat,1
4992,SIDM00145,Dacinostat,1
4993,SIDM00462,Dacinostat,1
4994,SIDM00903,Dacinostat,1
4995,SIDM00461,Dacinostat,1
4996,SIDM00335,Dacinostat,1
4997,SIDM00929,Dacinostat,1
4998,SIDM00346,Dacinostat,1
4999,SIDM00783,Dacinostat,1
5000,SIDM00896,Dacinostat,1
5001,SIDM00412,Dacinostat,1
5002,SIDM01069,Dacinostat,1
5003,SIDM00810,Dacinostat,1
5004,SIDM00434,Dacinostat,1
5005,SIDM00477,Dacinostat,1
5006,SIDM00785,Dacinostat,1
5007,SIDM00791,Dacinostat,1
5008,SIDM00927,Dacinostat,1
5009,SIDM00405,Dacinostat,1
5010,SIDM01030,Dacinostat,1
5011,SIDM01049,Dacinostat,1
5012,SIDM00421,Dacinostat,1
5013,SIDM00463,Dacinostat,1
5014,SIDM00332,Dacinostat,1
5015,SIDM00931,Dacinostat,1
5016,SIDM00964,Dacinostat,1
5017,SIDM00877,Dacinostat,1
5018,SIDM01086,Dacinostat,1
5019,SIDM00939,Dacinostat,1
5020,SIDM00416,Dacinostat,1
5021,SIDM00962,Dacinostat,1
5022,SIDM00999,Dacinostat,1
5023,SIDM00386,Dacinostat,1
5024,SIDM01068,Dacinostat,1
5025,SIDM00289,Dacinostat,1
5026,SIDM00391,Dacinostat,1
5027,SIDM00515,Dacinostat,1
5028,SIDM00087,Dacinostat,1
5029,SIDM00450,Dacinostat,1
5030,SIDM00148,Dacinostat,1
5031,SIDM00874,Dacinostat,1
5032,SIDM00995,Dacinostat,1
5033,SIDM01179,Dacinostat,1
5034,SIDM01087,Dacinostat,1
5035,SIDM01034,Dacinostat,1
5036,SIDM00442,Dacinostat,1
5037,SIDM00860,Dacinostat,1
5038,SIDM01028,Dacinostat,1
5039,SIDM00455,Dacinostat,1
5040,SIDM00928,Dacinostat,1
5041,SIDM01076,Dactolisib,1
5042,SIDM01027,Dactolisib,1
5043,SIDM00798,Dactolisib,1
5044,SIDM00407,Dactolisib,1
5045,SIDM00389,Dactolisib,1
5046,SIDM00227,Dactolisib,1
5047,SIDM01052,Dactolisib,1
5048,SIDM00907,Dactolisib,1
5049,SIDM00458,Dactolisib,1
5050,SIDM00419,Dactolisib,1
5051,SIDM00785,Dactolisib,1
5052,SIDM00996,Dactolisib,1
5053,SIDM00963,Dactolisib,1
5054,SIDM00499,Dactolisib,1
5055,SIDM00423,Dactolisib,1
5056,SIDM01026,Dactolisib,1
5057,SIDM00866,Dactolisib,1
5058,SIDM00434,Dactolisib,1
5059,SIDM00388,Dactolisib,1
5060,SIDM00985,Dactolisib,1
5061,SIDM01003,Dactolisib,1
5062,SIDM01148,Dactolisib,1
5063,SIDM00900,Dactolisib,1
5064,SIDM00120,Dactolisib,1
5065,SIDM00413,Dactolisib,1
5066,SIDM00860,Dactolisib,1
5067,SIDM00342,Dactolisib,1
5068,SIDM00285,Dactolisib,1
5069,SIDM00512,Dactolisib,1
5070,SIDM01042,Dactolisib,1
5071,SIDM00446,Dactolisib,1
5072,SIDM00994,Dactolisib,1
5073,SIDM01082,Dactolisib,1
5074,SIDM00146,Dactolisib,1
5075,SIDM00411,Dactolisib,1
5076,SIDM00453,Dactolisib,1
5077,SIDM01176,Dactolisib,1
5078,SIDM01036,Dactolisib,1
5079,SIDM00448,Dactolisib,1
5080,SIDM01059,Dactolisib,1
5081,SIDM00632,Dactolisib,1
5082,SIDM00988,Dactolisib,1
5083,SIDM00483,Dactolisib,1
5084,SIDM00330,Dactolisib,1
5085,SIDM01023,Dactolisib,1
5086,SIDM00339,Dactolisib,1
5087,SIDM01131,Dactolisib,1
5088,SIDM00287,Dactolisib,1
5089,SIDM00410,Daporinad,1
5090,SIDM00994,Daporinad,1
5091,SIDM01034,Daporinad,1
5092,SIDM00829,Daporinad,1
5093,SIDM00940,Daporinad,1
5094,SIDM00450,Daporinad,1
5095,SIDM00404,Daporinad,1
5096,SIDM00097,Daporinad,1
5097,SIDM01015,Daporinad,1
5098,SIDM01051,Daporinad,1
5099,SIDM00989,Daporinad,1
5100,SIDM01038,Daporinad,1
5101,SIDM00449,Daporinad,1
5102,SIDM00785,Daporinad,1
5103,SIDM00632,Daporinad,1
5104,SIDM00995,Daporinad,1
5105,SIDM00330,Daporinad,1
5106,SIDM01056,Daporinad,1
5107,SIDM00441,Daporinad,1
5108,SIDM00706,Daporinad,1
5109,SIDM00946,Daporinad,1
5110,SIDM00958,Daporinad,1
5111,SIDM00458,Daporinad,1
5112,SIDM00333,Daporinad,1
5113,SIDM00336,Daporinad,1
5114,SIDM00342,Daporinad,1
5115,SIDM00477,Daporinad,1
5116,SIDM00339,Daporinad,1
5117,SIDM01067,Daporinad,1
5118,SIDM00120,Daporinad,1
5119,SIDM00287,Daporinad,1
5120,SIDM00227,Daporinad,1
5121,SIDM01066,Daporinad,1
5122,SIDM00499,Daporinad,1
5123,SIDM00401,Daporinad,1
5124,SIDM00443,Daporinad,1
5125,SIDM00832,Daporinad,1
5126,SIDM00392,Daporinad,1
5127,SIDM01049,Daporinad,1
5128,SIDM01064,Daporinad,1
5129,SIDM00933,Daporinad,1
5130,SIDM00900,Daporinad,1
5131,SIDM00907,Daporinad,1
5132,SIDM00944,Daporinad,1
5133,SIDM00661,Daporinad,1
5134,SIDM01086,Daporinad,1
5135,SIDM01111,Daporinad,1
5136,SIDM00334,Daporinad,1
5137,SIDM00942,Daporinad,1
5138,SIDM00087,Daporinad,1
5139,SIDM00340,Daporinad,1
5140,SIDM01068,Daporinad,1
5141,SIDM01172,Daporinad,1
5142,SIDM00455,Daporinad,1
5143,SIDM00411,Daporinad,1
5144,SIDM00396,Dasatinib,1
5145,SIDM01049,Dasatinib,1
5146,SIDM00993,Dasatinib,1
5147,SIDM01058,Dasatinib,1
5148,SIDM00388,Dasatinib,1
5149,SIDM00329,Dasatinib,1
5150,SIDM00443,Dasatinib,1
5151,SIDM01023,Dasatinib,1
5152,SIDM01034,Dasatinib,1
5153,SIDM00405,Dasatinib,1
5154,SIDM01036,Dasatinib,1
5155,SIDM00828,Docetaxel,1
5156,SIDM00416,Docetaxel,1
5157,SIDM00944,Docetaxel,1
5158,SIDM00394,Docetaxel,1
5159,SIDM00334,Docetaxel,1
5160,SIDM01218,Docetaxel,1
5161,SIDM00392,Docetaxel,1
5162,SIDM00942,Docetaxel,1
5163,SIDM01066,Docetaxel,1
5164,SIDM01067,Docetaxel,1
5165,SIDM00957,Docetaxel,1
5166,SIDM01085,Docetaxel,1
5167,SIDM01154,Docetaxel,1
5168,SIDM00404,Docetaxel,1
5169,SIDM00341,Docetaxel,1
5170,SIDM00964,Docetaxel,1
5171,SIDM00087,Docetaxel,1
5172,SIDM01048,Docetaxel,1
5173,SIDM00997,Docetaxel,1
5174,SIDM00479,Docetaxel,1
5175,SIDM00988,Docetaxel,1
5176,SIDM00958,Docetaxel,1
5177,SIDM00483,Docetaxel,1
5178,SIDM00448,Docetaxel,1
5179,SIDM00443,Docetaxel,1
5180,SIDM00447,Docetaxel,1
5181,SIDM01040,Docetaxel,1
5182,SIDM00344,Docetaxel,1
5183,SIDM00342,Docetaxel,1
5184,SIDM00951,Docetaxel,1
5185,SIDM01031,Docetaxel,1
5186,SIDM00927,Docetaxel,1
5187,SIDM00477,Docetaxel,1
5188,SIDM00993,Docetaxel,1
5189,SIDM00407,Docetaxel,1
5190,SIDM00386,Docetaxel,1
5191,SIDM01248,Docetaxel,1
5192,SIDM00952,Docetaxel,1
5193,SIDM00403,Docetaxel,1
5194,SIDM00380,Docetaxel,1
5195,SIDM00422,Docetaxel,1
5196,SIDM00346,Docetaxel,1
5197,SIDM01131,Docetaxel,1
5198,SIDM01003,Docetaxel,1
5199,SIDM01047,Docetaxel,1
5200,SIDM00124,Docetaxel,1
5201,SIDM00446,Docetaxel,1
5202,SIDM00657,Docetaxel,1
5203,SIDM01172,Docetaxel,1
5204,SIDM00953,Docetaxel,1
5205,SIDM00994,Docetaxel,1
5206,SIDM01103,Docetaxel,1
5207,SIDM00499,Docetaxel,1
5208,SIDM00340,Docetaxel,1
5209,SIDM01025,Docetaxel,1
5210,SIDM00339,Docetaxel,1
5211,SIDM00337,Docetaxel,1
5212,SIDM01062,Docetaxel,1
5213,SIDM00420,Docetaxel,1
5214,SIDM00948,Docetaxel,1
5215,SIDM00417,Docetaxel,1
5216,SIDM00406,Docetaxel,1
5217,SIDM00338,Docetaxel,1
5218,SIDM00810,Doramapimod,1
5219,SIDM01036,Doramapimod,1
5220,SIDM01012,Doramapimod,1
5221,SIDM00453,Doramapimod,1
5222,SIDM00933,Doramapimod,1
5223,SIDM00120,Doramapimod,1
5224,SIDM00999,Doramapimod,1
5225,SIDM00380,Doramapimod,1
5226,SIDM00346,Doramapimod,1
5227,SIDM01040,Doramapimod,1
5228,SIDM01154,Doramapimod,1
5229,SIDM00145,Doramapimod,1
5230,SIDM00087,Doramapimod,1
5231,SIDM01111,Doramapimod,1
5232,SIDM01047,Doramapimod,1
5233,SIDM00332,Doramapimod,1
5234,SIDM00227,Doramapimod,1
5235,SIDM00413,Doramapimod,1
5236,SIDM00285,Doramapimod,1
5237,SIDM00455,Doramapimod,1
5238,SIDM00391,Doramapimod,1
5239,SIDM00420,Doramapimod,1
5240,SIDM00416,Doramapimod,1
5241,SIDM01032,Doramapimod,1
5242,SIDM00334,Doramapimod,1
5243,SIDM00961,Doramapimod,1
5244,SIDM00404,Doramapimod,1
5245,SIDM00411,Doramapimod,1
5246,SIDM01001,Doramapimod,1
5247,SIDM00935,Doramapimod,1
5248,SIDM00339,Doramapimod,1
5249,SIDM01131,Doramapimod,1
5250,SIDM01043,Doramapimod,1
5251,SIDM00866,Doramapimod,1
5252,SIDM00088,Doramapimod,1
5253,SIDM00951,Doramapimod,1
5254,SIDM00312,Doramapimod,1
5255,SIDM00829,Doramapimod,1
5256,SIDM00121,Doramapimod,1
5257,SIDM00428,Doramapimod,1
5258,SIDM00939,Doramapimod,1
5259,SIDM01070,Doramapimod,1
5260,SIDM00124,Doramapimod,1
5261,SIDM01055,Doramapimod,1
5262,SIDM01031,Doramapimod,1
5263,SIDM00395,Doramapimod,1
5264,SIDM00997,Doramapimod,1
5265,SIDM00993,Doramapimod,1
5266,SIDM00937,Doramapimod,1
5267,SIDM00962,Doramapimod,1
5268,SIDM01218,Doramapimod,1
5269,SIDM00990,Doramapimod,1
5270,SIDM00331,Doramapimod,1
5271,SIDM00333,Doramapimod,1
5272,SIDM01030,Doramapimod,1
5273,SIDM00403,Doramapimod,1
5274,SIDM00394,Doramapimod,1
5275,SIDM00953,Doramapimod,1
5276,SIDM00927,Doramapimod,1
5277,SIDM00289,Doramapimod,1
5278,SIDM01003,Doramapimod,1
5279,SIDM00087,Doxorubicin,1
5280,SIDM01009,Doxorubicin,1
5281,SIDM01110,Doxorubicin,1
5282,SIDM01040,Doxorubicin,1
5283,SIDM00931,Doxorubicin,1
5284,SIDM00450,Doxorubicin,1
5285,SIDM01018,Doxorubicin,1
5286,SIDM00932,Doxorubicin,1
5287,SIDM00442,Doxorubicin,1
5288,SIDM01024,Doxorubicin,1
5289,SIDM00996,Doxorubicin,1
5290,SIDM01030,Doxorubicin,1
5291,SIDM01043,Doxorubicin,1
5292,SIDM00289,Doxorubicin,1
5293,SIDM00312,Doxorubicin,1
5294,SIDM00479,Doxorubicin,1
5295,SIDM01048,Doxorubicin,1
5296,SIDM00962,Doxorubicin,1
5297,SIDM00939,Doxorubicin,1
5298,SIDM00088,Doxorubicin,1
5299,SIDM00339,Doxorubicin,1
5300,SIDM01087,Doxorubicin,1
5301,SIDM00988,Doxorubicin,1
5302,SIDM00671,Doxorubicin,1
5303,SIDM00422,Doxorubicin,1
5304,SIDM00860,Doxorubicin,1
5305,SIDM01051,Doxorubicin,1
5306,SIDM01064,Doxorubicin,1
5307,SIDM01033,Doxorubicin,1
5308,SIDM00641,Doxorubicin,1
5309,SIDM00413,Doxorubicin,1
5310,SIDM01012,Doxorubicin,1
5311,SIDM00931,Doxorubicin,1
5312,SIDM00937,Doxorubicin,1
5313,SIDM00416,Doxorubicin,1
5314,SIDM00343,Doxorubicin,1
5315,SIDM01082,Doxorubicin,1
5316,SIDM01103,Doxorubicin,1
5317,SIDM00791,Doxorubicin,1
5318,SIDM00443,Doxorubicin,1
5319,SIDM00121,Doxorubicin,1
5320,SIDM00286,Doxorubicin,1
5321,SIDM01103,Doxorubicin,1
5322,SIDM00886,Doxorubicin,1
5323,SIDM01002,Doxorubicin,1
5324,SIDM00403,Doxorubicin,1
5325,SIDM00632,Doxorubicin,1
5326,SIDM00940,Doxorubicin,1
5327,SIDM00937,Doxorubicin,1
5328,SIDM00247,Doxorubicin,1
5329,SIDM01015,Doxorubicin,1
5330,SIDM01029,Doxorubicin,1
5331,SIDM00934,Doxorubicin,1
5332,SIDM00450,Doxorubicin,1
5333,SIDM00867,Doxorubicin,1
5334,SIDM00458,Doxorubicin,1
5335,SIDM01072,Doxorubicin,1
5336,SIDM00386,Doxorubicin,1
5337,SIDM00628,Doxorubicin,1
5338,SIDM01031,Doxorubicin,1
5339,SIDM01019,Doxorubicin,1
5340,SIDM00981,Doxorubicin,1
5341,SIDM00308,Doxorubicin,1
5342,SIDM00417,Doxorubicin,1
5343,SIDM00526,Doxorubicin,1
5344,SIDM00637,Doxorubicin,1
5345,SIDM00334,Doxorubicin,1
5346,SIDM00392,Doxorubicin,1
5347,SIDM01001,Doxorubicin,1
5348,SIDM01110,Doxorubicin,1
5349,SIDM00996,Doxorubicin,1
5350,SIDM00136,Doxorubicin,1
5351,SIDM00422,Doxorubicin,1
5352,SIDM00951,Doxorubicin,1
5353,SIDM00951,Doxorubicin,1
5354,SIDM00287,Doxorubicin,1
5355,SIDM00146,Doxorubicin,1
5356,SIDM00994,Doxorubicin,1
5357,SIDM00829,Doxorubicin,1
5358,SIDM00928,Doxorubicin,1
5359,SIDM00272,Doxorubicin,1
5360,SIDM00442,Doxorubicin,1
5361,SIDM01027,Doxorubicin,1
5362,SIDM00327,Doxorubicin,1
5363,SIDM00341,Doxorubicin,1
5364,SIDM00087,Doxorubicin,1
5365,SIDM01131,Doxorubicin,1
5366,SIDM00344,Doxorubicin,1
5367,SIDM00423,Doxorubicin,1
5368,SIDM00417,Doxorubicin,1
5369,SIDM00829,Doxorubicin,1
5370,SIDM00810,Doxorubicin,1
5371,SIDM00957,Doxorubicin,1
5372,SIDM00120,Doxorubicin,1
5373,SIDM00463,Doxorubicin,1
5374,SIDM00343,Doxorubicin,1
5375,SIDM01082,Doxorubicin,1
5376,SIDM00284,Doxorubicin,1
5377,SIDM00428,Doxorubicin,1
5378,SIDM01003,Doxorubicin,1
5379,SIDM00313,Doxorubicin,1
5380,SIDM01218,Doxorubicin,1
5381,SIDM00999,Doxorubicin,1
5382,SIDM00088,Doxorubicin,1
5383,SIDM00416,Doxorubicin,1
5384,SIDM00406,Doxorubicin,1
5385,SIDM00346,Doxorubicin,1
5386,SIDM01047,Doxorubicin,1
5387,SIDM00671,Doxorubicin,1
5388,SIDM01004,Doxorubicin,1
5389,SIDM00434,Doxorubicin,1
5390,SIDM00999,Doxorubicin,1
5391,SIDM00997,Doxorubicin,1
5392,SIDM00331,Doxorubicin,1
5393,SIDM00990,Doxorubicin,1
5394,SIDM01051,Doxorubicin,1
5395,SIDM00989,Doxorubicin,1
5396,SIDM00457,Doxorubicin,1
5397,SIDM01062,Doxorubicin,1
5398,SIDM00460,EHT-1864,1
5399,SIDM00907,EHT-1864,1
5400,SIDM00463,EHT-1864,1
5401,SIDM00455,EHT-1864,1
5402,SIDM00088,EHT-1864,1
5403,SIDM01024,EHT-1864,1
5404,SIDM00987,EHT-1864,1
5405,SIDM00944,EHT-1864,1
5406,SIDM00330,EHT-1864,1
5407,SIDM01034,EHT-1864,1
5408,SIDM00124,EHT-1864,1
5409,SIDM00941,EHT-1864,1
5410,SIDM00447,EHT-1864,1
5411,SIDM01045,EHT-1864,1
5412,SIDM01062,EHT-1864,1
5413,SIDM01060,EHT-1864,1
5414,SIDM01047,EHT-1864,1
5415,SIDM00449,EHT-1864,1
5416,SIDM00985,EHT-1864,1
5417,SIDM01131,EHT-1864,1
5418,SIDM00931,EHT-1864,1
5419,SIDM01070,EHT-1864,1
5420,SIDM00990,EHT-1864,1
5421,SIDM00997,EHT-1864,1
5422,SIDM00980,EHT-1864,1
5423,SIDM00339,EHT-1864,1
5424,SIDM01086,EHT-1864,1
5425,SIDM00392,EHT-1864,1
5426,SIDM01026,EHT-1864,1
5427,SIDM00832,EHT-1864,1
5428,SIDM00412,EHT-1864,1
5429,SIDM01069,EHT-1864,1
5430,SIDM00930,EHT-1864,1
5431,SIDM00829,EHT-1864,1
5432,SIDM01111,EHT-1864,1
5433,SIDM00342,EHT-1864,1
5434,SIDM00499,EHT-1864,1
5435,SIDM00961,EHT-1864,1
5436,SIDM00896,EHT-1864,1
5437,SIDM00948,EHT-1864,1
5438,SIDM00145,EHT-1864,1
5439,SIDM00097,EHT-1864,1
5440,SIDM00424,EHT-1864,1
5441,SIDM00458,EHT-1864,1
5442,SIDM00783,EHT-1864,1
5443,SIDM01172,EHT-1864,1
5444,SIDM01028,EHT-1864,1
5445,SIDM00272,EHT-1864,1
5446,SIDM00946,EHT-1864,1
5447,SIDM00958,EHT-1864,1
5448,SIDM00994,EHT-1864,1
5449,SIDM00227,EHT-1864,1
5450,SIDM00415,EHT-1864,1
5451,SIDM01085,EHT-1864,1
5452,SIDM00335,EHT-1864,1
5453,SIDM01052,EHT-1864,1
5454,SIDM00389,EHT-1864,1
5455,SIDM00791,EHT-1864,1
5456,SIDM01040,ETP-45835,1
5457,SIDM00247,ETP-45835,1
5458,SIDM01031,ETP-45835,1
5459,SIDM00394,ETP-45835,1
5460,SIDM01191,ETP-45835,1
5461,SIDM00395,ETP-45835,1
5462,SIDM00450,ETP-45835,1
5463,SIDM00341,ETP-45835,1
5464,SIDM00406,ETP-45835,1
5465,SIDM00146,ETP-45835,1
5466,SIDM01131,ETP-45835,1
5467,SIDM01057,ETP-45835,1
5468,SIDM00330,ETP-45835,1
5469,SIDM00996,ETP-45835,1
5470,SIDM00935,ETP-45835,1
5471,SIDM01042,ETP-45835,1
5472,SIDM00477,ETP-45835,1
5473,SIDM00594,ETP-45835,1
5474,SIDM00287,ETP-45835,1
5475,SIDM00832,ETP-45835,1
5476,SIDM00874,ETP-45835,1
5477,SIDM00789,ETP-45835,1
5478,SIDM01029,ETP-45835,1
5479,SIDM01047,ETP-45835,1
5480,SIDM00148,ETP-45835,1
5481,SIDM00419,ETP-45835,1
5482,SIDM00437,ETP-45835,1
5483,SIDM01172,ETP-45835,1
5484,SIDM01049,ETP-45835,1
5485,SIDM00940,ETP-45835,1
5486,SIDM00431,ETP-45835,1
5487,SIDM00403,ETP-45835,1
5488,SIDM00124,ETP-45835,1
5489,SIDM00990,ETP-45835,1
5490,SIDM00985,ETP-45835,1
5491,SIDM00903,ETP-45835,1
5492,SIDM01036,ETP-45835,1
5493,SIDM00333,ETP-45835,1
5494,SIDM00946,ETP-45835,1
5495,SIDM00417,ETP-45835,1
5496,SIDM00389,ETP-45835,1
5497,SIDM00343,ETP-45835,1
5498,SIDM00942,ETP-45835,1
5499,SIDM00426,ETP-45835,1
5500,SIDM00136,ETP-45835,1
5501,SIDM00454,ETP-45835,1
5502,SIDM00336,ETP-45835,1
5503,SIDM00928,ETP-45835,1
5504,SIDM00927,ETP-45835,1
5505,SIDM00387,ETP-45835,1
5506,SIDM00877,ETP-45835,1
5507,SIDM00932,ETP-45835,1
5508,SIDM00424,ETP-45835,1
5509,SIDM01009,ETP-45835,1
5510,SIDM01024,ETP-45835,1
5511,SIDM00895,ETP-45835,1
5512,SIDM00423,ETP-45835,1
5513,SIDM01013,ETP-45835,1
5514,SIDM00860,Elesclomol,1
5515,SIDM00406,Elesclomol,1
5516,SIDM00284,Elesclomol,1
5517,SIDM00499,Elesclomol,1
5518,SIDM01058,Elesclomol,1
5519,SIDM00939,Elesclomol,1
5520,SIDM00343,Elesclomol,1
5521,SIDM00403,Elesclomol,1
5522,SIDM00798,Elesclomol,1
5523,SIDM00580,Elesclomol,1
5524,SIDM00457,Elesclomol,1
5525,SIDM00272,Elesclomol,1
5526,SIDM01001,Elesclomol,1
5527,SIDM00453,Elesclomol,1
5528,SIDM00983,Elesclomol,1
5529,SIDM00313,Elesclomol,1
5530,SIDM00594,Elesclomol,1
5531,SIDM00997,Elesclomol,1
5532,SIDM00874,Elesclomol,1
5533,SIDM00336,Elesclomol,1
5534,SIDM00341,Elesclomol,1
5535,SIDM00454,Elesclomol,1
5536,SIDM01060,Elesclomol,1
5537,SIDM00479,Elesclomol,1
5538,SIDM00419,Elesclomol,1
5539,SIDM00287,Elesclomol,1
5540,SIDM00943,Elesclomol,1
5541,SIDM00431,Elesclomol,1
5542,SIDM00981,Elesclomol,1
5543,SIDM01015,Elesclomol,1
5544,SIDM01025,Elesclomol,1
5545,SIDM00661,Elesclomol,1
5546,SIDM01191,Elesclomol,1
5547,SIDM00789,Elesclomol,1
5548,SIDM00657,Elesclomol,1
5549,SIDM01029,Elesclomol,1
5550,SIDM00441,Elesclomol,1
5551,SIDM00958,Elesclomol,1
5552,SIDM00929,Elesclomol,1
5553,SIDM00947,Elesclomol,1
5554,SIDM00449,Elesclomol,1
5555,SIDM00392,Elesclomol,1
5556,SIDM00950,Elesclomol,1
5557,SIDM00416,Elesclomol,1
5558,SIDM01036,Elesclomol,1
5559,SIDM00937,Elesclomol,1
5560,SIDM00931,Elesclomol,1
5561,SIDM00426,Elesclomol,1
5562,SIDM01020,Elesclomol,1
5563,SIDM00515,Elesclomol,1
5564,SIDM01004,Elesclomol,1
5565,SIDM00483,Elesclomol,1
5566,SIDM01072,Elesclomol,1
5567,SIDM00785,Elesclomol,1
5568,SIDM00380,Elesclomol,1
5569,SIDM00395,Elesclomol,1
5570,SIDM00450,Elesclomol,1
5571,SIDM00953,Elesclomol,1
5572,SIDM00428,Elesclomol,1
5573,SIDM01024,Elesclomol,1
5574,SIDM01056,Embelin,1
5575,SIDM00458,Embelin,1
5576,SIDM00943,Embelin,1
5577,SIDM00407,Embelin,1
5578,SIDM00461,Embelin,1
5579,SIDM00995,Embelin,1
5580,SIDM00937,Embelin,1
5581,SIDM01191,Embelin,1
5582,SIDM00789,Embelin,1
5583,SIDM00417,Embelin,1
5584,SIDM00455,Embelin,1
5585,SIDM01012,Embelin,1
5586,SIDM00829,Embelin,1
5587,SIDM00942,Embelin,1
5588,SIDM01002,Embelin,1
5589,SIDM00987,Embelin,1
5590,SIDM00933,Embelin,1
5591,SIDM00088,Embelin,1
5592,SIDM00227,Embelin,1
5593,SIDM00957,Embelin,1
5594,SIDM01055,Embelin,1
5595,SIDM00120,Embelin,1
5596,SIDM01071,Embelin,1
5597,SIDM00341,Embelin,1
5598,SIDM00951,Embelin,1
5599,SIDM00941,Embelin,1
5600,SIDM01034,Embelin,1
5601,SIDM01043,Embelin,1
5602,SIDM00413,Embelin,1
5603,SIDM01031,Embelin,1
5604,SIDM00499,Embelin,1
5605,SIDM00954,Embelin,1
5606,SIDM01030,Embelin,1
5607,SIDM01176,Embelin,1
5608,SIDM00791,Embelin,1
5609,SIDM00594,Embelin,1
5610,SIDM00962,Embelin,1
5611,SIDM00344,Embelin,1
5612,SIDM00146,Embelin,1
5613,SIDM01025,Embelin,1
5614,SIDM01089,Embelin,1
5615,SIDM00339,Embelin,1
5616,SIDM01110,Embelin,1
5617,SIDM00657,Embelin,1
5618,SIDM00442,Embelin,1
5619,SIDM00944,Embelin,1
5620,SIDM00437,Embelin,1
5621,SIDM00412,Embelin,1
5622,SIDM00396,Embelin,1
5623,SIDM00895,Embelin,1
5624,SIDM00390,Embelin,1
5625,SIDM00441,Embelin,1
5626,SIDM00340,Embelin,1
5627,SIDM00342,Embelin,1
5628,SIDM00333,Embelin,1
5629,SIDM00950,Embelin,1
5630,SIDM00145,Embelin,1
5631,SIDM00401,Embelin,1
5632,SIDM00410,Embelin,1
5633,SIDM01076,Entinostat,1
5634,SIDM00403,Entinostat,1
5635,SIDM00948,Entinostat,1
5636,SIDM01005,Entinostat,1
5637,SIDM00927,Entinostat,1
5638,SIDM00417,Entinostat,1
5639,SIDM00429,Entinostat,1
5640,SIDM00342,Entinostat,1
5641,SIDM01034,Entinostat,1
5642,SIDM01036,Entinostat,1
5643,SIDM01058,Entinostat,1
5644,SIDM00308,Entinostat,1
5645,SIDM00594,Entinostat,1
5646,SIDM01019,Entinostat,1
5647,SIDM01023,Entinostat,1
5648,SIDM01057,Entinostat,1
5649,SIDM01004,Entinostat,1
5650,SIDM00434,Entinostat,1
5651,SIDM00706,Entinostat,1
5652,SIDM01248,Entinostat,1
5653,SIDM00515,Entinostat,1
5654,SIDM00380,Entinostat,1
5655,SIDM00985,Entinostat,1
5656,SIDM01154,Entinostat,1
5657,SIDM00637,Entinostat,1
5658,SIDM01049,Entinostat,1
5659,SIDM00907,Entinostat,1
5660,SIDM00312,Entinostat,1
5661,SIDM00895,Entinostat,1
5662,SIDM01071,Entinostat,1
5663,SIDM00428,Entinostat,1
5664,SIDM00438,Entinostat,1
5665,SIDM00433,Entinostat,1
5666,SIDM00396,Entinostat,1
5667,SIDM00286,Entinostat,1
5668,SIDM01064,Entinostat,1
5669,SIDM00461,Entinostat,1
5670,SIDM00330,Entinostat,1
5671,SIDM00458,Entinostat,1
5672,SIDM00446,Entinostat,1
5673,SIDM01018,Entinostat,1
5674,SIDM00935,Enzastaurin,1
5675,SIDM00433,Enzastaurin,1
5676,SIDM00628,Enzastaurin,1
5677,SIDM00931,Enzastaurin,1
5678,SIDM00329,Enzastaurin,1
5679,SIDM01064,Enzastaurin,1
5680,SIDM01029,Enzastaurin,1
5681,SIDM00962,Enzastaurin,1
5682,SIDM00950,Enzastaurin,1
5683,SIDM00937,Enzastaurin,1
5684,SIDM00943,Enzastaurin,1
5685,SIDM01073,Enzastaurin,1
5686,SIDM00431,Enzastaurin,1
5687,SIDM00332,Enzastaurin,1
5688,SIDM00417,Enzastaurin,1
5689,SIDM01076,Enzastaurin,1
5690,SIDM00438,Enzastaurin,1
5691,SIDM00832,Enzastaurin,1
5692,SIDM00395,Enzastaurin,1
5693,SIDM00312,Enzastaurin,1
5694,SIDM01045,Enzastaurin,1
5695,SIDM00389,Enzastaurin,1
5696,SIDM00335,Enzastaurin,1
5697,SIDM00671,Enzastaurin,1
5698,SIDM00342,Enzastaurin,1
5699,SIDM00455,Enzastaurin,1
5700,SIDM00448,Enzastaurin,1
5701,SIDM00989,Enzastaurin,1
5702,SIDM00285,Enzastaurin,1
5703,SIDM00308,Enzastaurin,1
5704,SIDM01013,Enzastaurin,1
5705,SIDM00874,Enzastaurin,1
5706,SIDM00461,Enzastaurin,1
5707,SIDM01040,Enzastaurin,1
5708,SIDM00343,Enzastaurin,1
5709,SIDM01018,Enzastaurin,1
5710,SIDM00338,Enzastaurin,1
5711,SIDM00483,Enzastaurin,1
5712,SIDM01024,Enzastaurin,1
5713,SIDM00896,Enzastaurin,1
5714,SIDM00340,Enzastaurin,1
5715,SIDM00657,Enzastaurin,1
5716,SIDM01001,Enzastaurin,1
5717,SIDM00339,Enzastaurin,1
5718,SIDM00995,Enzastaurin,1
5719,SIDM00477,Enzastaurin,1
5720,SIDM00886,Enzastaurin,1
5721,SIDM00637,Enzastaurin,1
5722,SIDM00341,Enzastaurin,1
5723,SIDM00994,Enzastaurin,1
5724,SIDM00450,Enzastaurin,1
5725,SIDM00993,Enzastaurin,1
5726,SIDM00437,Enzastaurin,1
5727,SIDM00401,Enzastaurin,1
5728,SIDM01176,Enzastaurin,1
5729,SIDM00416,Enzastaurin,1
5730,SIDM00706,Enzastaurin,1
5731,SIDM00434,Enzastaurin,1
5732,SIDM00391,Enzastaurin,1
5733,SIDM01131,Enzastaurin,1
5734,SIDM00791,Enzastaurin,1
5735,SIDM00946,Enzastaurin,1
5736,SIDM00428,Enzastaurin,1
5737,SIDM00346,Enzastaurin,1
5738,SIDM00308,Epothilone B,1
5739,SIDM00990,Epothilone B,1
5740,SIDM00097,Epothilone B,1
5741,SIDM00896,Epothilone B,1
5742,SIDM00405,Epothilone B,1
5743,SIDM01059,Epothilone B,1
5744,SIDM00410,Epothilone B,1
5745,SIDM00932,Epothilone B,1
5746,SIDM00423,Epothilone B,1
5747,SIDM01023,Epothilone B,1
5748,SIDM01020,Epothilone B,1
5749,SIDM00632,Epothilone B,1
5750,SIDM00993,Epothilone B,1
5751,SIDM00987,Epothilone B,1
5752,SIDM01172,Epothilone B,1
5753,SIDM00946,Epothilone B,1
5754,SIDM01032,Epothilone B,1
5755,SIDM00939,Epothilone B,1
5756,SIDM00247,Epothilone B,1
5757,SIDM00419,Epothilone B,1
5758,SIDM01056,Epothilone B,1
5759,SIDM00935,Epothilone B,1
5760,SIDM00903,Epothilone B,1
5761,SIDM00982,Epothilone B,1
5762,SIDM01064,Epothilone B,1
5763,SIDM00874,Epothilone B,1
5764,SIDM00526,Epothilone B,1
5765,SIDM01055,Epothilone B,1
5766,SIDM00227,Epothilone B,1
5767,SIDM00628,Epothilone B,1
5768,SIDM00441,Epothilone B,1
5769,SIDM00867,Epothilone B,1
5770,SIDM01019,Epothilone B,1
5771,SIDM00289,Epothilone B,1
5772,SIDM01131,Epothilone B,1
5773,SIDM00335,Epothilone B,1
5774,SIDM00860,Epothilone B,1
5775,SIDM00512,Epothilone B,1
5776,SIDM01047,Epothilone B,1
5777,SIDM00832,Epothilone B,1
5778,SIDM00428,Epothilone B,1
5779,SIDM00120,Epothilone B,1
5780,SIDM01110,Epothilone B,1
5781,SIDM00947,Epothilone B,1
5782,SIDM00930,Epothilone B,1
5783,SIDM01048,Epothilone B,1
5784,SIDM01103,Epothilone B,1
5785,SIDM00442,Epothilone B,1
5786,SIDM00443,Epothilone B,1
5787,SIDM00339,Epothilone B,1
5788,SIDM00338,Epothilone B,1
5789,SIDM00446,Epothilone B,1
5790,SIDM01060,Epothilone B,1
5791,SIDM01042,Epothilone B,1
5792,SIDM01052,Epothilone B,1
5793,SIDM00332,Epothilone B,1
5794,SIDM00499,Epothilone B,1
5795,SIDM00411,Epothilone B,1
5796,SIDM00404,Epothilone B,1
5797,SIDM00706,Erlotinib,1
5798,SIDM00594,Erlotinib,1
5799,SIDM00657,Erlotinib,1
5800,SIDM00431,Erlotinib,1
5801,SIDM01131,Erlotinib,1
5802,SIDM00985,Erlotinib,1
5803,SIDM00637,Erlotinib,1
5804,SIDM00434,Etoposide,1
5805,SIDM00942,Etoposide,1
5806,SIDM00963,Etoposide,1
5807,SIDM00087,Etoposide,1
5808,SIDM00338,Etoposide,1
5809,SIDM01089,Etoposide,1
5810,SIDM01015,Etoposide,1
5811,SIDM00121,Etoposide,1
5812,SIDM00935,Etoposide,1
5813,SIDM01073,Etoposide,1
5814,SIDM00284,Etoposide,1
5815,SIDM01066,Etoposide,1
5816,SIDM00339,Etoposide,1
5817,SIDM01029,Etoposide,1
5818,SIDM00594,Etoposide,1
5819,SIDM01218,Etoposide,1
5820,SIDM00394,Etoposide,1
5821,SIDM00389,Etoposide,1
5822,SIDM00344,Etoposide,1
5823,SIDM00953,Etoposide,1
5824,SIDM00948,Etoposide,1
5825,SIDM00995,Etoposide,1
5826,SIDM01131,Etoposide,1
5827,SIDM00423,Etoposide,1
5828,SIDM00391,Etoposide,1
5829,SIDM00386,Etoposide,1
5830,SIDM00632,Etoposide,1
5831,SIDM00343,Etoposide,1
5832,SIDM00334,Etoposide,1
5833,SIDM00996,Etoposide,1
5834,SIDM00413,Etoposide,1
5835,SIDM00345,Etoposide,1
5836,SIDM01072,Etoposide,1
5837,SIDM00443,Etoposide,1
5838,SIDM00426,Etoposide,1
5839,SIDM00791,Etoposide,1
5840,SIDM01154,Etoposide,1
5841,SIDM01056,Etoposide,1
5842,SIDM00937,Etoposide,1
5843,SIDM00907,Etoposide,1
5844,SIDM00416,Etoposide,1
5845,SIDM00785,Etoposide,1
5846,SIDM00457,Etoposide,1
5847,SIDM00463,Etoposide,1
5848,SIDM00931,Etoposide,1
5849,SIDM00671,Etoposide,1
5850,SIDM01172,Etoposide,1
5851,SIDM01028,Etoposide,1
5852,SIDM00346,Etoposide,1
5853,SIDM00387,Etoposide,1
5854,SIDM00832,Etoposide,1
5855,SIDM00940,Etoposide,1
5856,SIDM00580,Etoposide,1
5857,SIDM00951,Etoposide,1
5858,SIDM00404,Etoposide,1
5859,SIDM01085,Etoposide,1
5860,SIDM01087,Etoposide,1
5861,SIDM00097,Etoposide,1
5862,SIDM00329,Etoposide,1
5863,SIDM00657,FH535,1
5864,SIDM00580,FH535,1
5865,SIDM00948,FH535,1
5866,SIDM01009,FH535,1
5867,SIDM00874,FH535,1
5868,SIDM00145,FH535,1
5869,SIDM00405,FH535,1
5870,SIDM00434,FH535,1
5871,SIDM00121,FH535,1
5872,SIDM01056,FH535,1
5873,SIDM00962,FH535,1
5874,SIDM00148,FH535,1
5875,SIDM00951,FH535,1
5876,SIDM00994,FH535,1
5877,SIDM00829,FH535,1
5878,SIDM00942,FH535,1
5879,SIDM00401,FH535,1
5880,SIDM01055,FH535,1
5881,SIDM00136,FH535,1
5882,SIDM00415,FH535,1
5883,SIDM00661,FH535,1
5884,SIDM00934,FH535,1
5885,SIDM00953,FH535,1
5886,SIDM00785,FH535,1
5887,SIDM01087,FH535,1
5888,SIDM00335,FH535,1
5889,SIDM00333,FH535,1
5890,SIDM00907,FH535,1
5891,SIDM00512,FH535,1
5892,SIDM01071,FH535,1
5893,SIDM00999,FH535,1
5894,SIDM00903,FH535,1
5895,SIDM01052,FH535,1
5896,SIDM01031,FH535,1
5897,SIDM00394,FH535,1
5898,SIDM00987,FH535,1
5899,SIDM00990,FH535,1
5900,SIDM00406,FH535,1
5901,SIDM00939,FH535,1
5902,SIDM00396,FH535,1
5903,SIDM00877,FH535,1
5904,SIDM00515,FH535,1
5905,SIDM00932,FH535,1
5906,SIDM01034,FH535,1
5907,SIDM01049,FH535,1
5908,SIDM00947,FH535,1
5909,SIDM01073,FH535,1
5910,SIDM00120,FH535,1
5911,SIDM00346,FH535,1
5912,SIDM00637,FH535,1
5913,SIDM00402,FH535,1
5914,SIDM00477,FH535,1
5915,SIDM00411,FH535,1
5916,SIDM00419,FH535,1
5917,SIDM00286,FH535,1
5918,SIDM00455,FH535,1
5919,SIDM01076,FH535,1
5920,SIDM00388,FH535,1
5921,SIDM00450,FH535,1
5922,SIDM00963,FH535,1
5923,SIDM00443,FH535,1
5924,SIDM00287,FH535,1
5925,SIDM00124,FH535,1
5926,SIDM00828,FH535,1
5927,SIDM00935,FH535,1
5928,SIDM00986,FH535,1
5929,SIDM00410,FH535,1
5930,SIDM00308,FH535,1
5931,SIDM00931,FMK,1
5932,SIDM01131,FMK,1
5933,SIDM00421,FMK,1
5934,SIDM00661,FMK,1
5935,SIDM00798,FMK,1
5936,SIDM01218,FMK,1
5937,SIDM00391,FMK,1
5938,SIDM00462,FMK,1
5939,SIDM01027,FMK,1
5940,SIDM01059,FMK,1
5941,SIDM00938,FMK,1
5942,SIDM01062,FMK,1
5943,SIDM00336,FMK,1
5944,SIDM01051,FMK,1
5945,SIDM00345,FMK,1
5946,SIDM00907,FMK,1
5947,SIDM01087,FMK,1
5948,SIDM00985,FMK,1
5949,SIDM01073,FMK,1
5950,SIDM00594,FMK,1
5951,SIDM01069,FMK,1
5952,SIDM00451,FMK,1
5953,SIDM01055,FMK,1
5954,SIDM00087,FMK,1
5955,SIDM00860,FMK,1
5956,SIDM00394,FMK,1
5957,SIDM00431,FMK,1
5958,SIDM00272,FMK,1
5959,SIDM00886,FMK,1
5960,SIDM00927,FMK,1
5961,SIDM00097,FMK,1
5962,SIDM00903,FMK,1
5963,SIDM01057,FMK,1
5964,SIDM00339,FMK,1
5965,SIDM01067,FMK,1
5966,SIDM00832,FMK,1
5967,SIDM00935,FMK,1
5968,SIDM00671,FMK,1
5969,SIDM01009,FMK,1
5970,SIDM01003,FMK,1
5971,SIDM00410,FMK,1
5972,SIDM01025,FMK,1
5973,SIDM00448,FMK,1
5974,SIDM00412,FMK,1
5975,SIDM00457,FMK,1
5976,SIDM01034,FMK,1
5977,SIDM00146,FMK,1
5978,SIDM01020,FMK,1
5979,SIDM01066,FMK,1
5980,SIDM00450,FR-180204,1
5981,SIDM00867,FR-180204,1
5982,SIDM00999,FR-180204,1
5983,SIDM01131,FR-180204,1
5984,SIDM01071,FR-180204,1
5985,SIDM00403,FR-180204,1
5986,SIDM00944,FR-180204,1
5987,SIDM00988,FR-180204,1
5988,SIDM00392,FR-180204,1
5989,SIDM00641,FR-180204,1
5990,SIDM01062,FR-180204,1
5991,SIDM01047,FR-180204,1
5992,SIDM01026,FR-180204,1
5993,SIDM01218,FR-180204,1
5994,SIDM00580,FR-180204,1
5995,SIDM00515,FR-180204,1
5996,SIDM00963,FR-180204,1
5997,SIDM00386,FR-180204,1
5998,SIDM00312,FR-180204,1
5999,SIDM01028,FR-180204,1
6000,SIDM00421,FR-180204,1
6001,SIDM00637,FR-180204,1
6002,SIDM00996,FR-180204,1
6003,SIDM01003,FR-180204,1
6004,SIDM01032,FR-180204,1
6005,SIDM00390,FR-180204,1
6006,SIDM00334,FR-180204,1
6007,SIDM00330,FR-180204,1
6008,SIDM00146,FR-180204,1
6009,SIDM01111,FR-180204,1
6010,SIDM00401,FR-180204,1
6011,SIDM00594,FR-180204,1
6012,SIDM00479,FR-180204,1
6013,SIDM00247,FR-180204,1
6014,SIDM00985,FR-180204,1
6015,SIDM00832,FR-180204,1
6016,SIDM00946,FR-180204,1
6017,SIDM00477,FR-180204,1
6018,SIDM00327,FR-180204,1
6019,SIDM00791,FR-180204,1
6020,SIDM01072,FR-180204,1
6021,SIDM00938,FR-180204,1
6022,SIDM00706,FR-180204,1
6023,SIDM00483,FR-180204,1
6024,SIDM01043,FR-180204,1
6025,SIDM00405,FR-180204,1
6026,SIDM00829,FR-180204,1
6027,SIDM00927,FR-180204,1
6028,SIDM00785,FR-180204,1
6029,SIDM00429,FR-180204,1
6030,SIDM00798,FR-180204,1
6031,SIDM01018,FR-180204,1
6032,SIDM01089,FR-180204,1
6033,SIDM01172,FR-180204,1
6034,SIDM00415,FR-180204,1
6035,SIDM00940,FR-180204,1
6036,SIDM00989,FR-180204,1
6037,SIDM01002,FR-180204,1
6038,SIDM00404,FR-180204,1
6039,SIDM00441,FR-180204,1
6040,SIDM01055,FR-180204,1
6041,SIDM01009,FR-180204,1
6042,SIDM01030,FR-180204,1
6043,SIDM00391,FR-180204,1
6044,SIDM00392,FTI-277,1
6045,SIDM00344,FTI-277,1
6046,SIDM01176,FTI-277,1
6047,SIDM00336,FTI-277,1
6048,SIDM00943,FTI-277,1
6049,SIDM00396,FTI-277,1
6050,SIDM00828,FTI-277,1
6051,SIDM00964,FTY-720,1
6052,SIDM00798,FTY-720,1
6053,SIDM01004,FTY-720,1
6054,SIDM01103,FTY-720,1
6055,SIDM00404,FTY-720,1
6056,SIDM00337,FTY-720,1
6057,SIDM00446,FTY-720,1
6058,SIDM00433,FTY-720,1
6059,SIDM00783,FTY-720,1
6060,SIDM00990,FTY-720,1
6061,SIDM00499,FTY-720,1
6062,SIDM01056,FTY-720,1
6063,SIDM00948,FTY-720,1
6064,SIDM00661,FTY-720,1
6065,SIDM01026,FTY-720,1
6066,SIDM00426,FTY-720,1
6067,SIDM00580,FTY-720,1
6068,SIDM00483,FTY-720,1
6069,SIDM01023,FTY-720,1
6070,SIDM01072,FTY-720,1
6071,SIDM01218,FTY-720,1
6072,SIDM00386,FTY-720,1
6073,SIDM00947,FTY-720,1
6074,SIDM00463,FTY-720,1
6075,SIDM00327,FTY-720,1
6076,SIDM00387,FTY-720,1
6077,SIDM00986,FTY-720,1
6078,SIDM01172,FTY-720,1
6079,SIDM01045,FTY-720,1
6080,SIDM01248,FTY-720,1
6081,SIDM00332,FTY-720,1
6082,SIDM00479,FTY-720,1
6083,SIDM00637,FTY-720,1
6084,SIDM00380,FTY-720,1
6085,SIDM00999,FTY-720,1
6086,SIDM00087,FTY-720,1
6087,SIDM00941,FTY-720,1
6088,SIDM00330,FTY-720,1
6089,SIDM00943,FTY-720,1
6090,SIDM00342,FTY-720,1
6091,SIDM00272,FTY-720,1
6092,SIDM00867,FTY-720,1
6093,SIDM01042,FTY-720,1
6094,SIDM00789,FTY-720,1
6095,SIDM01051,FTY-720,1
6096,SIDM00136,FTY-720,1
6097,SIDM00946,FTY-720,1
6098,SIDM00989,FTY-720,1
6099,SIDM01040,FTY-720,1
6100,SIDM00448,FTY-720,1
6101,SIDM01009,FTY-720,1
6102,SIDM00407,FTY-720,1
6103,SIDM01048,FTY-720,1
6104,SIDM00997,FTY-720,1
6105,SIDM01055,FTY-720,1
6106,SIDM00944,FTY-720,1
6107,SIDM00148,FTY-720,1
6108,SIDM00791,FTY-720,1
6109,SIDM01002,FTY-720,1
6110,SIDM00420,FTY-720,1
6111,SIDM01131,FTY-720,1
6112,SIDM00985,FTY-720,1
6113,SIDM00453,FTY-720,1
6114,SIDM00336,FTY-720,1
6115,SIDM00927,FTY-720,1
6116,SIDM00447,FTY-720,1
6117,SIDM00996,Fedratinib,1
6118,SIDM00985,Fedratinib,1
6119,SIDM00950,Fedratinib,1
6120,SIDM00995,Fedratinib,1
6121,SIDM01072,Fedratinib,1
6122,SIDM00396,Fedratinib,1
6123,SIDM00954,Fedratinib,1
6124,SIDM00124,Fedratinib,1
6125,SIDM00963,Fedratinib,1
6126,SIDM00951,Fedratinib,1
6127,SIDM00423,Fedratinib,1
6128,SIDM00810,Fedratinib,1
6129,SIDM01062,Fedratinib,1
6130,SIDM00791,Fedratinib,1
6131,SIDM00330,Fedratinib,1
6132,SIDM01018,Fedratinib,1
6133,SIDM00342,Fedratinib,1
6134,SIDM00341,Fedratinib,1
6135,SIDM01043,Fedratinib,1
6136,SIDM01036,Fedratinib,1
6137,SIDM00344,Fedratinib,1
6138,SIDM01057,Fedratinib,1
6139,SIDM00942,Fedratinib,1
6140,SIDM00446,Fedratinib,1
6141,SIDM01107,Fedratinib,1
6142,SIDM00928,Fedratinib,1
6143,SIDM01004,Fedratinib,1
6144,SIDM00405,Fedratinib,1
6145,SIDM01060,Fedratinib,1
6146,SIDM00097,Fedratinib,1
6147,SIDM01069,Fedratinib,1
6148,SIDM00136,Fedratinib,1
6149,SIDM00438,Fedratinib,1
6150,SIDM01176,Fedratinib,1
6151,SIDM00346,Fedratinib,1
6152,SIDM00386,Fedratinib,1
6153,SIDM00937,Fedratinib,1
6154,SIDM00327,Fedratinib,1
6155,SIDM00938,Fedratinib,1
6156,SIDM00412,Fedratinib,1
6157,SIDM00337,Fedratinib,1
6158,SIDM00483,Fedratinib,1
6159,SIDM00461,Fedratinib,1
6160,SIDM00785,Fedratinib,1
6161,SIDM00272,Fedratinib,1
6162,SIDM01013,Fedratinib,1
6163,SIDM00410,Fedratinib,1
6164,SIDM00462,Fedratinib,1
6165,SIDM01023,Fedratinib,1
6166,SIDM01131,Fedratinib,1
6167,SIDM00434,Fedratinib,1
6168,SIDM00946,Fedratinib,1
6169,SIDM00387,Fedratinib,1
6170,SIDM00391,Fedratinib,1
6171,SIDM00285,Fedratinib,1
6172,SIDM00416,Flavopiridol,1
6173,SIDM00121,Flavopiridol,1
6174,SIDM00285,Flavopiridol,1
6175,SIDM00706,Flavopiridol,1
6176,SIDM00380,Flavopiridol,1
6177,SIDM00860,Flavopiridol,1
6178,SIDM00406,Flavopiridol,1
6179,SIDM00941,Flavopiridol,1
6180,SIDM00810,Flavopiridol,1
6181,SIDM01042,Flavopiridol,1
6182,SIDM01033,Flavopiridol,1
6183,SIDM00332,Flavopiridol,1
6184,SIDM00987,Flavopiridol,1
6185,SIDM00999,Flavopiridol,1
6186,SIDM01179,Flavopiridol,1
6187,SIDM01032,Flavopiridol,1
6188,SIDM00417,Flavopiridol,1
6189,SIDM00671,Flavopiridol,1
6190,SIDM00395,Flavopiridol,1
6191,SIDM00988,Flavopiridol,1
6192,SIDM00783,Flavopiridol,1
6193,SIDM01029,Flavopiridol,1
6194,SIDM01048,Flavopiridol,1
6195,SIDM01018,Flavopiridol,1
6196,SIDM01040,Flavopiridol,1
6197,SIDM00944,Flavopiridol,1
6198,SIDM00798,Flavopiridol,1
6199,SIDM00455,Flavopiridol,1
6200,SIDM01043,Flavopiridol,1
6201,SIDM01131,Flavopiridol,1
6202,SIDM00948,Flavopiridol,1
6203,SIDM00950,Flavopiridol,1
6204,SIDM00903,Flavopiridol,1
6205,SIDM01057,Flavopiridol,1
6206,SIDM00985,Flavopiridol,1
6207,SIDM00927,Flavopiridol,1
6208,SIDM00431,Flavopiridol,1
6209,SIDM01031,Flavopiridol,1
6210,SIDM01064,Flavopiridol,1
6211,SIDM01047,Flavopiridol,1
6212,SIDM00446,Flavopiridol,1
6213,SIDM01003,Flavopiridol,1
6214,SIDM00907,Flavopiridol,1
6215,SIDM01087,Flavopiridol,1
6216,SIDM00339,Flavopiridol,1
6217,SIDM00136,Flavopiridol,1
6218,SIDM01004,Flavopiridol,1
6219,SIDM00423,Flavopiridol,1
6220,SIDM00413,Flavopiridol,1
6221,SIDM01034,Flavopiridol,1
6222,SIDM00938,Flavopiridol,1
6223,SIDM00392,Flavopiridol,1
6224,SIDM00148,Flavopiridol,1
6225,SIDM00942,Flavopiridol,1
6226,SIDM00428,Flavopiridol,1
6227,SIDM00995,Flavopiridol,1
6228,SIDM00136,Foretinib,1
6229,SIDM01023,Foretinib,1
6230,SIDM00932,Foretinib,1
6231,SIDM01076,Foretinib,1
6232,SIDM01002,Foretinib,1
6233,SIDM00329,Foretinib,1
6234,SIDM00423,Foretinib,1
6235,SIDM00334,Foretinib,1
6236,SIDM00284,Foretinib,1
6237,SIDM01015,Foretinib,1
6238,SIDM00286,Foretinib,1
6239,SIDM00936,Foretinib,1
6240,SIDM00450,Foretinib,1
6241,SIDM00515,Foretinib,1
6242,SIDM00395,Foretinib,1
6243,SIDM00419,Foretinib,1
6244,SIDM00983,Foretinib,1
6245,SIDM00088,Foretinib,1
6246,SIDM00145,Foretinib,1
6247,SIDM00957,Foretinib,1
6248,SIDM00287,Foretinib,1
6249,SIDM00942,Foretinib,1
6250,SIDM00789,Foretinib,1
6251,SIDM00499,Foretinib,1
6252,SIDM00447,Foretinib,1
6253,SIDM00441,Foretinib,1
6254,SIDM00783,Foretinib,1
6255,SIDM00406,Foretinib,1
6256,SIDM00457,Foretinib,1
6257,SIDM00526,Foretinib,1
6258,SIDM01032,Foretinib,1
6259,SIDM00308,Foretinib,1
6260,SIDM00391,Foretinib,1
6261,SIDM01069,Foretinib,1
6262,SIDM00986,Foretinib,1
6263,SIDM00961,Foretinib,1
6264,SIDM00948,Foretinib,1
6265,SIDM01055,Foretinib,1
6266,SIDM00327,Foretinib,1
6267,SIDM00989,Foretinib,1
6268,SIDM00424,Foretinib,1
6269,SIDM00628,Foretinib,1
6270,SIDM01042,Foretinib,1
6271,SIDM00407,Foretinib,1
6272,SIDM01064,Foretinib,1
6273,SIDM01131,Foretinib,1
6274,SIDM00671,Foretinib,1
6275,SIDM00807,Foretinib,1
6276,SIDM00950,Foretinib,1
6277,SIDM00479,Foretinib,1
6278,SIDM00342,Foretinib,1
6279,SIDM00340,Foretinib,1
6280,SIDM00097,Foretinib,1
6281,SIDM00996,Fulvestrant,1
6282,SIDM00896,Fulvestrant,1
6283,SIDM00338,Fulvestrant,1
6284,SIDM01018,Fulvestrant,1
6285,SIDM01070,Fulvestrant,1
6286,SIDM00120,Fulvestrant,1
6287,SIDM00783,Fulvestrant,1
6288,SIDM01030,Fulvestrant,1
6289,SIDM00429,Fulvestrant,1
6290,SIDM00330,Fulvestrant,1
6291,SIDM00394,Fulvestrant,1
6292,SIDM00499,Fulvestrant,1
6293,SIDM01069,Fulvestrant,1
6294,SIDM00401,Fulvestrant,1
6295,SIDM00953,Fulvestrant,1
6296,SIDM01015,Fulvestrant,1
6297,SIDM00312,Fulvestrant,1
6298,SIDM00457,Fulvestrant,1
6299,SIDM00437,Fulvestrant,1
6300,SIDM01005,Fulvestrant,1
6301,SIDM00657,Fulvestrant,1
6302,SIDM00426,Fulvestrant,1
6303,SIDM01154,Fulvestrant,1
6304,SIDM00421,Fulvestrant,1
6305,SIDM01019,Fulvestrant,1
6306,SIDM00424,Fulvestrant,1
6307,SIDM01003,Fulvestrant,1
6308,SIDM00936,Fulvestrant,1
6309,SIDM00407,Fulvestrant,1
6310,SIDM01072,Fulvestrant,1
6311,SIDM00286,Fulvestrant,1
6312,SIDM00951,Fulvestrant,1
6313,SIDM01013,Fulvestrant,1
6314,SIDM00413,Fulvestrant,1
6315,SIDM00829,Fulvestrant,1
6316,SIDM00860,Fulvestrant,1
6317,SIDM00327,Fulvestrant,1
6318,SIDM00391,Fulvestrant,1
6319,SIDM00087,Fulvestrant,1
6320,SIDM00928,Fulvestrant,1
6321,SIDM00671,Fulvestrant,1
6322,SIDM01048,Fulvestrant,1
6323,SIDM00461,Fulvestrant,1
6324,SIDM01049,Fulvestrant,1
6325,SIDM00939,Fulvestrant,1
6326,SIDM00438,Fulvestrant,1
6327,SIDM01025,Fulvestrant,1
6328,SIDM01082,Fulvestrant,1
6329,SIDM00934,Fulvestrant,1
6330,SIDM00982,Fulvestrant,1
6331,SIDM01087,Fulvestrant,1
6332,SIDM01058,Fulvestrant,1
6333,SIDM01032,Fulvestrant,1
6334,SIDM00333,Fulvestrant,1
6335,SIDM00940,Fulvestrant,1
6336,SIDM00958,Fulvestrant,1
6337,SIDM00949,Fulvestrant,1
6338,SIDM00124,GNF-2,1
6339,SIDM00346,GNF-2,1
6340,SIDM01176,GNF-2,1
6341,SIDM00962,GNF-2,1
6342,SIDM00791,GNF-2,1
6343,SIDM01004,GNF-2,1
6344,SIDM00410,GNF-2,1
6345,SIDM01076,GSK1059615,1
6346,SIDM01085,GSK1059615,1
6347,SIDM00657,GSK1059615,1
6348,SIDM00457,GSK1059615,1
6349,SIDM00671,GSK1059615,1
6350,SIDM01176,GSK1059615,1
6351,SIDM01047,GSK1059615,1
6352,SIDM00934,GSK1059615,1
6353,SIDM01031,GSK1059615,1
6354,SIDM00411,GSK1059615,1
6355,SIDM00284,GSK1059615,1
6356,SIDM00148,GSK1059615,1
6357,SIDM00932,GSK1059615,1
6358,SIDM00939,GSK1059615,1
6359,SIDM01009,GSK1059615,1
6360,SIDM00227,GSK1059615,1
6361,SIDM01015,GSK1059615,1
6362,SIDM01055,GSK1059615,1
6363,SIDM00990,GSK1059615,1
6364,SIDM00985,GSK1059615,1
6365,SIDM01033,GSK1059615,1
6366,SIDM01029,GSK1059615,1
6367,SIDM01087,GSK1059615,1
6368,SIDM01052,GSK1059615,1
6369,SIDM00988,GSK1059615,1
6370,SIDM00330,GSK1059615,1
6371,SIDM00895,GSK1059615,1
6372,SIDM00087,GSK1059615,1
6373,SIDM00426,GSK1059615,1
6374,SIDM00940,GSK1059615,1
6375,SIDM00433,GSK1059615,1
6376,SIDM00900,GSK1059615,1
6377,SIDM00477,GSK1059615,1
6378,SIDM00661,GSK1059615,1
6379,SIDM01064,GSK1059615,1
6380,SIDM00963,GSK1059615,1
6381,SIDM01012,GSK1059615,1
6382,SIDM00340,GSK1059615,1
6383,SIDM00886,GSK1059615,1
6384,SIDM00461,GSK1059615,1
6385,SIDM01048,GSK1059615,1
6386,SIDM01059,GSK1059615,1
6387,SIDM00964,GSK1059615,1
6388,SIDM00783,GSK1059615,1
6389,SIDM01045,GSK1059615,1
6390,SIDM00401,GSK1059615,1
6391,SIDM01042,GSK1059615,1
6392,SIDM00789,GSK1059615,1
6393,SIDM00419,GSK1059615,1
6394,SIDM00337,GSK1059615,1
6395,SIDM00874,GSK1059615,1
6396,SIDM00405,GSK1059615,1
6397,SIDM00339,GSK1059615,1
6398,SIDM00272,GSK1059615,1
6399,SIDM01131,GSK1059615,1
6400,SIDM00145,GSK1059615,1
6401,SIDM01089,GSK1059615,1
6402,SIDM00449,GSK1059615,1
6403,SIDM00807,GSK1059615,1
6404,SIDM00334,GSK1059615,1
6405,SIDM00387,GSK1059615,1
6406,SIDM00423,GSK1059615,1
6407,SIDM00810,GSK1059615,1
6408,SIDM01051,GSK1059615,1
6409,SIDM00930,GSK1059615,1
6410,SIDM00927,GSK1059615,1
6411,SIDM00477,GSK1070916,1
6412,SIDM00512,GSK1070916,1
6413,SIDM00392,GSK1070916,1
6414,SIDM00457,GSK1070916,1
6415,SIDM00429,GSK1070916,1
6416,SIDM00874,GSK1070916,1
6417,SIDM01056,GSK1070916,1
6418,SIDM00340,GSK1070916,1
6419,SIDM00900,GSK1070916,1
6420,SIDM00993,GSK1070916,1
6421,SIDM00420,GSK1070916,1
6422,SIDM00860,GSK1070916,1
6423,SIDM00442,GSK1070916,1
6424,SIDM00980,GSK1070916,1
6425,SIDM00460,GSK1070916,1
6426,SIDM01082,GSK1070916,1
6427,SIDM01172,GSK1070916,1
6428,SIDM01028,GSK1070916,1
6429,SIDM01068,GSK1070916,1
6430,SIDM00951,GSK1070916,1
6431,SIDM01107,GSK1070916,1
6432,SIDM01069,GSK1070916,1
6433,SIDM00441,GSK1070916,1
6434,SIDM00895,GSK1070916,1
6435,SIDM00410,GSK1070916,1
6436,SIDM00637,GSK1070916,1
6437,SIDM00329,GSK1070916,1
6438,SIDM00454,GSK1070916,1
6439,SIDM00657,GSK1070916,1
6440,SIDM00097,GSK1070916,1
6441,SIDM00463,GSK1070916,1
6442,SIDM00330,GSK1070916,1
6443,SIDM01067,GSK1070916,1
6444,SIDM00413,GSK1070916,1
6445,SIDM00247,GSK1070916,1
6446,SIDM00121,GSK1070916,1
6447,SIDM00943,GSK1070916,1
6448,SIDM00453,GSK1070916,1
6449,SIDM01045,GSK1070916,1
6450,SIDM00641,GSK1070916,1
6451,SIDM00671,GSK1070916,1
6452,SIDM00948,GSK1070916,1
6453,SIDM01110,GSK1070916,1
6454,SIDM00419,GSK1070916,1
6455,SIDM00828,GSK1070916,1
6456,SIDM00284,GSK1070916,1
6457,SIDM00929,GSK1070916,1
6458,SIDM01034,GSK1070916,1
6459,SIDM00389,GSK1070916,1
6460,SIDM00387,GSK1070916,1
6461,SIDM00785,GSK1070916,1
6462,SIDM00313,GSK1070916,1
6463,SIDM00405,GSK1070916,1
6464,SIDM01003,GSK1070916,1
6465,SIDM01032,GSK1070916,1
6466,SIDM00947,GSK1070916,1
6467,SIDM00346,GSK1070916,1
6468,SIDM00996,GSK1070916,1
6469,SIDM00798,GSK1070916,1
6470,SIDM00334,GSK1070916,1
6471,SIDM01047,GSK1070916,1
6472,SIDM00939,GSK1904529A,1
6473,SIDM01002,GSK1904529A,1
6474,SIDM00442,GSK1904529A,1
6475,SIDM01218,GSK1904529A,1
6476,SIDM00932,GSK1904529A,1
6477,SIDM00628,GSK1904529A,1
6478,SIDM00896,GSK269962A,1
6479,SIDM00950,GSK269962A,1
6480,SIDM01031,GSK269962A,1
6481,SIDM00594,GSK269962A,1
6482,SIDM00420,GSK269962A,1
6483,SIDM00329,GSK269962A,1
6484,SIDM00477,GSK269962A,1
6485,SIDM01013,GSK269962A,1
6486,SIDM00989,GSK269962A,1
6487,SIDM00339,GSK269962A,1
6488,SIDM01009,GSK269962A,1
6489,SIDM00657,GSK269962A,1
6490,SIDM00940,GSK269962A,1
6491,SIDM01103,GSK269962A,1
6492,SIDM00395,GSK269962A,1
6493,SIDM00426,GSK269962A,1
6494,SIDM00952,GSK269962A,1
6495,SIDM00895,GSK269962A,1
6496,SIDM00993,GSK269962A,1
6497,SIDM00272,GSK269962A,1
6498,SIDM00985,GSK269962A,1
6499,SIDM00867,GSK269962A,1
6500,SIDM00308,GSK269962A,1
6501,SIDM00671,GSK269962A,1
6502,SIDM00405,GSK269962A,1
6503,SIDM01009,GSK269962A,1
6504,SIDM00928,GSK269962A,1
6505,SIDM00087,GSK269962A,1
6506,SIDM01148,GSK269962A,1
6507,SIDM01055,GSK269962A,1
6508,SIDM01004,GSK269962A,1
6509,SIDM00429,GSK269962A,1
6510,SIDM00987,GSK269962A,1
6511,SIDM00330,GSK269962A,1
6512,SIDM01001,GSK269962A,1
6513,SIDM00458,GSK269962A,1
6514,SIDM00789,GSK269962A,1
6515,SIDM00121,GSK269962A,1
6516,SIDM00829,GSK269962A,1
6517,SIDM00946,GSK269962A,1
6518,SIDM00931,GSK269962A,1
6519,SIDM00988,GSK269962A,1
6520,SIDM00419,GSK269962A,1
6521,SIDM00942,GSK269962A,1
6522,SIDM00993,GSK269962A,1
6523,SIDM00995,GSK269962A,1
6524,SIDM01013,GSK269962A,1
6525,SIDM00657,GSK269962A,1
6526,SIDM01069,GSK269962A,1
6527,SIDM01072,GSK269962A,1
6528,SIDM00412,GSK269962A,1
6529,SIDM01087,GSK269962A,1
6530,SIDM00428,GSK269962A,1
6531,SIDM00937,GSK269962A,1
6532,SIDM01066,GSK269962A,1
6533,SIDM00935,GSK269962A,1
6534,SIDM00327,GSK269962A,1
6535,SIDM00461,GSK269962A,1
6536,SIDM00941,GSK269962A,1
6537,SIDM00389,GSK269962A,1
6538,SIDM01045,GSK269962A,1
6539,SIDM00999,GSK269962A,1
6540,SIDM00637,GSK269962A,1
6541,SIDM00121,GSK269962A,1
6542,SIDM01043,GSK269962A,1
6543,SIDM00395,GSK269962A,1
6544,SIDM00331,GSK269962A,1
6545,SIDM00641,GSK269962A,1
6546,SIDM00289,GSK269962A,1
6547,SIDM00461,GSK269962A,1
6548,SIDM01058,GSK269962A,1
6549,SIDM01028,GSK269962A,1
6550,SIDM00952,GSK269962A,1
6551,SIDM00286,GSK269962A,1
6552,SIDM00422,GSK269962A,1
6553,SIDM00415,GSK269962A,1
6554,SIDM00954,GSK269962A,1
6555,SIDM00410,GSK269962A,1
6556,SIDM01218,GSK269962A,1
6557,SIDM00981,GSK269962A,1
6558,SIDM00441,GSK269962A,1
6559,SIDM00526,GSK269962A,1
6560,SIDM01002,GSK269962A,1
6561,SIDM00515,GSK269962A,1
6562,SIDM00411,GSK269962A,1
6563,SIDM01073,GSK269962A,1
6564,SIDM00416,GSK269962A,1
6565,SIDM00403,GSK319347A,1
6566,SIDM00342,GSK319347A,1
6567,SIDM00121,GSK319347A,1
6568,SIDM01020,GSK319347A,1
6569,SIDM00391,GSK319347A,1
6570,SIDM00417,GSK319347A,1
6571,SIDM00438,GSK319347A,1
6572,SIDM00421,GSK319347A,1
6573,SIDM00087,GSK319347A,1
6574,SIDM00962,GSK319347A,1
6575,SIDM00327,GSK319347A,1
6576,SIDM00458,GSK319347A,1
6577,SIDM00286,GSK319347A,1
6578,SIDM00388,GSK319347A,1
6579,SIDM00907,GSK319347A,1
6580,SIDM01076,GSK319347A,1
6581,SIDM00441,GSK319347A,1
6582,SIDM00431,GSK319347A,1
6583,SIDM01048,GSK319347A,1
6584,SIDM00927,GSK319347A,1
6585,SIDM01179,GSK319347A,1
6586,SIDM01013,GSK319347A,1
6587,SIDM00308,GSK319347A,1
6588,SIDM01064,GSK319347A,1
6589,SIDM01248,GSK319347A,1
6590,SIDM01015,GSK319347A,1
6591,SIDM00993,GSK319347A,1
6592,SIDM00896,GSK319347A,1
6593,SIDM00829,GSK319347A,1
6594,SIDM00706,GSK319347A,1
6595,SIDM00594,GSK319347A,1
6596,SIDM00405,GSK319347A,1
6597,SIDM00580,GSK319347A,1
6598,SIDM00313,GSK319347A,1
6599,SIDM00289,GSK319347A,1
6600,SIDM00312,GSK429286A,1
6601,SIDM00407,GSK429286A,1
6602,SIDM01051,GSK429286A,1
6603,SIDM00997,GSK429286A,1
6604,SIDM01002,GSK429286A,1
6605,SIDM00706,GSK429286A,1
6606,SIDM00287,GSK429286A,1
6607,SIDM00401,GSK429286A,1
6608,SIDM00416,GSK429286A,1
6609,SIDM00391,GSK429286A,1
6610,SIDM00431,GSK429286A,1
6611,SIDM00434,GSK429286A,1
6612,SIDM00886,GSK429286A,1
6613,SIDM01034,GSK429286A,1
6614,SIDM00088,GSK429286A,1
6615,SIDM00337,GSK429286A,1
6616,SIDM00938,GSK429286A,1
6617,SIDM00477,GSK429286A,1
6618,SIDM00145,GSK429286A,1
6619,SIDM00422,GSK429286A,1
6620,SIDM01082,GSK429286A,1
6621,SIDM00810,GSK429286A,1
6622,SIDM00983,GSK429286A,1
6623,SIDM01086,GSK429286A,1
6624,SIDM00936,GSK429286A,1
6625,SIDM00396,GSK429286A,1
6626,SIDM00341,GSK429286A,1
6627,SIDM00928,GSK429286A,1
6628,SIDM00953,GSK429286A,1
6629,SIDM00327,GSK429286A,1
6630,SIDM00441,GSK429286A,1
6631,SIDM01066,GSK429286A,1
6632,SIDM00387,GSK429286A,1
6633,SIDM00951,GSK429286A,1
6634,SIDM00995,GSK429286A,1
6635,SIDM00461,GSK429286A,1
6636,SIDM01023,GSK429286A,1
6637,SIDM00798,GSK429286A,1
6638,SIDM00954,GSK429286A,1
6639,SIDM01048,GSK429286A,1
6640,SIDM00386,GSK429286A,1
6641,SIDM01030,GSK429286A,1
6642,SIDM00594,GSK429286A,1
6643,SIDM00423,GSK429286A,1
6644,SIDM00388,GSK429286A,1
6645,SIDM01058,GSK429286A,1
6646,SIDM01131,GSK429286A,1
6647,SIDM00419,GSK429286A,1
6648,SIDM00999,GSK429286A,1
6649,SIDM00941,GSK429286A,1
6650,SIDM00962,GSK429286A,1
6651,SIDM01025,GSK429286A,1
6652,SIDM00421,GSK429286A,1
6653,SIDM00957,GSK429286A,1
6654,SIDM01040,GSK429286A,1
6655,SIDM00982,GSK429286A,1
6656,SIDM00313,GSK429286A,1
6657,SIDM00903,GSK429286A,1
6658,SIDM00415,GSK429286A,1
6659,SIDM00334,GSK429286A,1
6660,SIDM00460,GSK429286A,1
6661,SIDM00515,GSK650394,1
6662,SIDM01085,GSK650394,1
6663,SIDM00437,GSK650394,1
6664,SIDM00798,GSK650394,1
6665,SIDM00938,GSK650394,1
6666,SIDM00448,GSK650394,1
6667,SIDM01013,GSK650394,1
6668,SIDM00327,GSK650394,1
6669,SIDM01047,GSK650394,1
6670,SIDM00671,GSK650394,1
6671,SIDM00458,GSK650394,1
6672,SIDM00463,GSK650394,1
6673,SIDM00661,GSK650394,1
6674,SIDM00988,GSK650394,1
6675,SIDM00580,GSK650394,1
6676,SIDM00957,GSK650394,1
6677,SIDM01031,GSK650394,1
6678,SIDM01058,GSK650394,1
6679,SIDM01002,GSK650394,1
6680,SIDM00907,GSK650394,1
6681,SIDM00789,GSK650394,1
6682,SIDM00420,GSK650394,1
6683,SIDM01073,GSK650394,1
6684,SIDM00874,GSK650394,1
6685,SIDM00416,GSK650394,1
6686,SIDM00415,GSK650394,1
6687,SIDM01025,GSK650394,1
6688,SIDM01191,GSK650394,1
6689,SIDM01034,GSK650394,1
6690,SIDM01067,GSK650394,1
6691,SIDM00422,GSK650394,1
6692,SIDM01087,GSK650394,1
6693,SIDM00989,GSK650394,1
6694,SIDM00948,GSK650394,1
6695,SIDM00403,GSK650394,1
6696,SIDM00997,GSK650394,1
6697,SIDM00120,GSK650394,1
6698,SIDM01040,GSK650394,1
6699,SIDM00929,GSK650394,1
6700,SIDM00928,GSK650394,1
6701,SIDM00411,GSK650394,1
6702,SIDM00345,GSK650394,1
6703,SIDM01089,GSK650394,1
6704,SIDM01051,GSK650394,1
6705,SIDM00340,GSK650394,1
6706,SIDM01248,GSK650394,1
6707,SIDM00990,GSK650394,1
6708,SIDM00951,GSK650394,1
6709,SIDM01131,GSK650394,1
6710,SIDM01043,GSK650394,1
6711,SIDM00807,GSK650394,1
6712,SIDM00460,GSK650394,1
6713,SIDM00512,GSK650394,1
6714,SIDM00903,GSK650394,1
6715,SIDM00706,GSK650394,1
6716,SIDM00419,GSK650394,1
6717,SIDM00451,GSK650394,1
6718,SIDM00953,GSK650394,1
6719,SIDM01111,GSK650394,1
6720,SIDM00429,GSK650394,1
6721,SIDM00434,GSK650394,1
6722,SIDM00413,GSK650394,1
6723,SIDM01069,GSK650394,1
6724,SIDM01048,GSK690693,1
6725,SIDM00944,GSK690693,1
6726,SIDM00940,GSK690693,1
6727,SIDM01062,GSK690693,1
6728,SIDM00412,GSK690693,1
6729,SIDM00386,GSK690693,1
6730,SIDM00942,GSK690693,1
6731,SIDM00441,GSK690693,1
6732,SIDM00950,GSK690693,1
6733,SIDM00391,GSK690693,1
6734,SIDM00657,GSK690693,1
6735,SIDM00312,GSK690693,1
6736,SIDM00415,GSK690693,1
6737,SIDM00791,GSK690693,1
6738,SIDM00953,GSK690693,1
6739,SIDM01056,GSK690693,1
6740,SIDM00982,GSK690693,1
6741,SIDM00988,GSK690693,1
6742,SIDM00428,GSK690693,1
6743,SIDM00874,GSK690693,1
6744,SIDM00450,GSK690693,1
6745,SIDM00937,GSK690693,1
6746,SIDM00401,GSK690693,1
6747,SIDM00810,GSK690693,1
6748,SIDM00637,GSK690693,1
6749,SIDM00789,GSK690693,1
6750,SIDM00993,GSK690693,1
6751,SIDM01071,GSK690693,1
6752,SIDM01131,GSK690693,1
6753,SIDM00661,GSK690693,1
6754,SIDM01067,GSK690693,1
6755,SIDM00333,GSK690693,1
6756,SIDM00421,GSK690693,1
6757,SIDM01051,GSK690693,1
6758,SIDM01036,GSK690693,1
6759,SIDM00447,GSK690693,1
6760,SIDM00394,GSK690693,1
6761,SIDM00403,GSK690693,1
6762,SIDM00442,GSK690693,1
6763,SIDM00272,GSK690693,1
6764,SIDM01059,GSK690693,1
6765,SIDM01043,GSK690693,1
6766,SIDM01020,GSK690693,1
6767,SIDM00594,GSK690693,1
6768,SIDM01025,GSK690693,1
6769,SIDM00483,GSK690693,1
6770,SIDM00896,GSK690693,1
6771,SIDM00946,GSK690693,1
6772,SIDM00477,GSK690693,1
6773,SIDM00990,GSK690693,1
6774,SIDM01002,GSK690693,1
6775,SIDM00438,GSK690693,1
6776,SIDM01031,GSK690693,1
6777,SIDM00337,GSK690693,1
6778,SIDM01191,GSK690693,1
6779,SIDM00829,GSK690693,1
6780,SIDM00785,GSK690693,1
6781,SIDM00783,GSK690693,1
6782,SIDM00345,GSK690693,1
6783,SIDM00932,GSK690693,1
6784,SIDM00994,GSK690693,1
6785,SIDM01055,GSK690693,1
6786,SIDM00989,GSK690693,1
6787,SIDM00120,GW-2580,1
6788,SIDM01030,GW-2580,1
6789,SIDM00907,GW-2580,1
6790,SIDM00935,GW-2580,1
6791,SIDM00961,GW-2580,1
6792,SIDM00943,GW-2580,1
6793,SIDM00308,GW-2580,1
6794,SIDM00087,GW-2580,1
6795,SIDM00447,GW-2580,1
6796,SIDM00964,GW-2580,1
6797,SIDM00423,GW-2580,1
6798,SIDM00932,GW-2580,1
6799,SIDM01179,GW-2580,1
6800,SIDM00450,GW-2580,1
6801,SIDM00785,GW-2580,1
6802,SIDM01002,GW-2580,1
6803,SIDM00999,GW-2580,1
6804,SIDM00985,GW-2580,1
6805,SIDM00343,GW-2580,1
6806,SIDM00407,GW-2580,1
6807,SIDM00927,GW-2580,1
6808,SIDM00671,GW-2580,1
6809,SIDM01028,GW-2580,1
6810,SIDM00285,GW-2580,1
6811,SIDM00455,GW-2580,1
6812,SIDM00227,GW-2580,1
6813,SIDM00860,GW-2580,1
6814,SIDM01154,GW-2580,1
6815,SIDM01024,GW-2580,1
6816,SIDM01012,GW-2580,1
6817,SIDM00391,GW-2580,1
6818,SIDM01013,GW-2580,1
6819,SIDM01131,GW-2580,1
6820,SIDM00434,GW-2580,1
6821,SIDM00900,GW-2580,1
6822,SIDM00429,GW-2580,1
6823,SIDM00946,GW-2580,1
6824,SIDM01082,GW-2580,1
6825,SIDM00903,GW-2580,1
6826,SIDM00594,GW-2580,1
6827,SIDM00421,GW-2580,1
6828,SIDM00097,GW-2580,1
6829,SIDM00798,GW-2580,1
6830,SIDM00388,GW-2580,1
6831,SIDM00312,GW-2580,1
6832,SIDM00438,GW-2580,1
6833,SIDM00415,GW-2580,1
6834,SIDM00829,GW-2580,1
6835,SIDM00895,GW-2580,1
6836,SIDM00989,GW441756,1
6837,SIDM01066,GW441756,1
6838,SIDM00993,GW441756,1
6839,SIDM00798,GW441756,1
6840,SIDM01058,GW441756,1
6841,SIDM00637,GW441756,1
6842,SIDM00460,GW441756,1
6843,SIDM00087,GW441756,1
6844,SIDM00145,GW441756,1
6845,SIDM00657,GW441756,1
6846,SIDM00951,GW441756,1
6847,SIDM00461,GW441756,1
6848,SIDM00097,GW441756,1
6849,SIDM00942,GW441756,1
6850,SIDM00148,GW441756,1
6851,SIDM01085,GW441756,1
6852,SIDM00395,GW441756,1
6853,SIDM00951,GW843682X,1
6854,SIDM00329,GW843682X,1
6855,SIDM00403,GW843682X,1
6856,SIDM00313,GW843682X,1
6857,SIDM00124,GW843682X,1
6858,SIDM01023,GW843682X,1
6859,SIDM00994,GW843682X,1
6860,SIDM00962,GW843682X,1
6861,SIDM00963,GW843682X,1
6862,SIDM00877,GW843682X,1
6863,SIDM00447,GW843682X,1
6864,SIDM00451,GW843682X,1
6865,SIDM00308,GW843682X,1
6866,SIDM00417,GW843682X,1
6867,SIDM00657,GW843682X,1
6868,SIDM01248,GW843682X,1
6869,SIDM01004,GW843682X,1
6870,SIDM00346,GW843682X,1
6871,SIDM01064,GW843682X,1
6872,SIDM00327,GW843682X,1
6873,SIDM00289,GW843682X,1
6874,SIDM00441,GW843682X,1
6875,SIDM00340,GW843682X,1
6876,SIDM00460,GW843682X,1
6877,SIDM00954,GW843682X,1
6878,SIDM00944,GW843682X,1
6879,SIDM00458,GW843682X,1
6880,SIDM00391,GW843682X,1
6881,SIDM01003,GW843682X,1
6882,SIDM01009,GW843682X,1
6883,SIDM00949,Gefitinib,1
6884,SIDM00289,Gefitinib,1
6885,SIDM00388,Gefitinib,1
6886,SIDM00287,Gefitinib,1
6887,SIDM00312,Gefitinib,1
6888,SIDM01131,Gefitinib,1
6889,SIDM00981,Gefitinib,1
6890,SIDM00392,Gefitinib,1
6891,SIDM01005,Gefitinib,1
6892,SIDM00886,Gefitinib,1
6893,SIDM01082,Gefitinib,1
6894,SIDM01051,Gefitinib,1
6895,SIDM00657,Gefitinib,1
6896,SIDM00637,Gefitinib,1
6897,SIDM01033,Gefitinib,1
6898,SIDM00594,Gefitinib,1
6899,SIDM00807,Gefitinib,1
6900,SIDM01086,Gefitinib,1
6901,SIDM00451,Gefitinib,1
6902,SIDM01111,Gemcitabine,1
6903,SIDM01103,Gemcitabine,1
6904,SIDM00333,Gemcitabine,1
6905,SIDM01057,Gemcitabine,1
6906,SIDM00313,Gemcitabine,1
6907,SIDM00939,Gemcitabine,1
6908,SIDM01004,Gemcitabine,1
6909,SIDM00949,Gemcitabine,1
6910,SIDM00789,Gemcitabine,1
6911,SIDM00429,Gemcitabine,1
6912,SIDM00312,Gemcitabine,1
6913,SIDM00405,Gemcitabine,1
6914,SIDM01026,Gemcitabine,1
6915,SIDM01027,Gemcitabine,1
6916,SIDM01064,Gemcitabine,1
6917,SIDM00313,Gemcitabine,1
6918,SIDM00335,Gemcitabine,1
6919,SIDM00451,Gemcitabine,1
6920,SIDM01057,Gemcitabine,1
6921,SIDM00828,Gemcitabine,1
6922,SIDM00410,Gemcitabine,1
6923,SIDM00413,Gemcitabine,1
6924,SIDM00331,Gemcitabine,1
6925,SIDM00995,Gemcitabine,1
6926,SIDM00312,Gemcitabine,1
6927,SIDM00410,Gemcitabine,1
6928,SIDM00900,Gemcitabine,1
6929,SIDM00936,Gemcitabine,1
6930,SIDM01031,Gemcitabine,1
6931,SIDM01030,Gemcitabine,1
6932,SIDM00431,Gemcitabine,1
6933,SIDM01001,Gemcitabine,1
6934,SIDM00463,Gemcitabine,1
6935,SIDM01047,Gemcitabine,1
6936,SIDM00993,Gemcitabine,1
6937,SIDM01148,Gemcitabine,1
6938,SIDM00424,Gemcitabine,1
6939,SIDM00146,Gemcitabine,1
6940,SIDM00947,Gemcitabine,1
6941,SIDM01030,Gemcitabine,1
6942,SIDM01043,Gemcitabine,1
6943,SIDM00580,Gemcitabine,1
6944,SIDM01043,Gemcitabine,1
6945,SIDM00987,Gemcitabine,1
6946,SIDM01023,Gemcitabine,1
6947,SIDM01062,Gemcitabine,1
6948,SIDM00284,Gemcitabine,1
6949,SIDM00932,Gemcitabine,1
6950,SIDM01033,Gemcitabine,1
6951,SIDM00339,Gemcitabine,1
6952,SIDM00930,Gemcitabine,1
6953,SIDM00120,Gemcitabine,1
6954,SIDM00457,Gemcitabine,1
6955,SIDM00479,Gemcitabine,1
6956,SIDM01024,Gemcitabine,1
6957,SIDM00999,Gemcitabine,1
6958,SIDM00333,Gemcitabine,1
6959,SIDM01049,Gemcitabine,1
6960,SIDM01066,Gemcitabine,1
6961,SIDM00455,Gemcitabine,1
6962,SIDM01218,Gemcitabine,1
6963,SIDM00390,Gemcitabine,1
6964,SIDM00463,Gemcitabine,1
6965,SIDM00388,Gemcitabine,1
6966,SIDM00989,Gemcitabine,1
6967,SIDM00391,Gemcitabine,1
6968,SIDM00087,Gemcitabine,1
6969,SIDM00980,Gemcitabine,1
6970,SIDM00867,Gemcitabine,1
6971,SIDM01172,Gemcitabine,1
6972,SIDM00336,Gemcitabine,1
6973,SIDM01052,Gemcitabine,1
6974,SIDM01015,Gemcitabine,1
6975,SIDM00948,Gemcitabine,1
6976,SIDM00791,Gemcitabine,1
6977,SIDM01086,Gemcitabine,1
6978,SIDM00121,Gemcitabine,1
6979,SIDM00938,Gemcitabine,1
6980,SIDM01066,Gemcitabine,1
6981,SIDM01004,Gemcitabine,1
6982,SIDM01024,Gemcitabine,1
6983,SIDM01110,Gemcitabine,1
6984,SIDM00145,Gemcitabine,1
6985,SIDM00308,Gemcitabine,1
6986,SIDM01052,Gemcitabine,1
6987,SIDM00987,Gemcitabine,1
6988,SIDM00422,Gemcitabine,1
6989,SIDM00986,Gemcitabine,1
6990,SIDM00453,Gemcitabine,1
6991,SIDM00632,Gemcitabine,1
6992,SIDM00403,Gemcitabine,1
6993,SIDM01110,Gemcitabine,1
6994,SIDM01179,HG-5-113-01,1
6995,SIDM01131,HG-5-113-01,1
6996,SIDM00791,HG-5-113-01,1
6997,SIDM01031,HG-5-113-01,1
6998,SIDM01087,HG-5-113-01,1
6999,SIDM00330,HG-5-113-01,1
7000,SIDM00997,HG-5-113-01,1
7001,SIDM00423,HG-5-113-01,1
7002,SIDM00628,HG-5-113-01,1
7003,SIDM00499,HG-5-113-01,1
7004,SIDM01036,HG-5-113-01,1
7005,SIDM00942,HG-5-113-01,1
7006,SIDM00380,HG-5-113-01,1
7007,SIDM00332,HG-5-113-01,1
7008,SIDM00438,HG-5-113-01,1
7009,SIDM00448,HG-5-113-01,1
7010,SIDM00136,HG-5-113-01,1
7011,SIDM00461,HG-5-113-01,1
7012,SIDM00391,HG-5-113-01,1
7013,SIDM00996,HG-5-113-01,1
7014,SIDM01089,HG-5-113-01,1
7015,SIDM00903,HG-5-113-01,1
7016,SIDM01068,HG-5-113-01,1
7017,SIDM00860,HG-5-113-01,1
7018,SIDM00512,HG-5-113-01,1
7019,SIDM00994,HG-5-113-01,1
7020,SIDM00392,HG-5-113-01,1
7021,SIDM00789,HG-5-113-01,1
7022,SIDM01103,HG-5-113-01,1
7023,SIDM00985,HG-5-113-01,1
7024,SIDM00483,HG-5-113-01,1
7025,SIDM00386,HG-5-113-01,1
7026,SIDM00515,HG-5-113-01,1
7027,SIDM01045,HG-5-113-01,1
7028,SIDM00327,HG-5-88-01,1
7029,SIDM00392,HG-5-88-01,1
7030,SIDM01028,HG-5-88-01,1
7031,SIDM00628,HG-5-88-01,1
7032,SIDM00136,HG-5-88-01,1
7033,SIDM01027,HG-5-88-01,1
7034,SIDM00403,HG-5-88-01,1
7035,SIDM00334,HG-5-88-01,1
7036,SIDM00124,HG-5-88-01,1
7037,SIDM01191,HG-5-88-01,1
7038,SIDM00423,HG-5-88-01,1
7039,SIDM00461,HG-5-88-01,1
7040,SIDM00993,HG-5-88-01,1
7041,SIDM00483,HG-5-88-01,1
7042,SIDM01131,HG-5-88-01,1
7043,SIDM00413,HG-5-88-01,1
7044,SIDM01218,HG-5-88-01,1
7045,SIDM00340,HG-5-88-01,1
7046,SIDM01089,HG-5-88-01,1
7047,SIDM01087,HG-5-88-01,1
7048,SIDM01032,HG-5-88-01,1
7049,SIDM00939,HG-5-88-01,1
7050,SIDM00420,HG-5-88-01,1
7051,SIDM00438,HG-5-88-01,1
7052,SIDM01248,HG-5-88-01,1
7053,SIDM00783,HG-5-88-01,1
7054,SIDM00994,HG-5-88-01,1
7055,SIDM01103,HG-5-88-01,1
7056,SIDM00460,HG-5-88-01,1
7057,SIDM00386,HG6-64-1,1
7058,SIDM01056,HG6-64-1,1
7059,SIDM01248,HG6-64-1,1
7060,SIDM00337,HG6-64-1,1
7061,SIDM00512,HG6-64-1,1
7062,SIDM01047,HG6-64-1,1
7063,SIDM01026,HG6-64-1,1
7064,SIDM00526,HG6-64-1,1
7065,SIDM01040,HG6-64-1,1
7066,SIDM00415,HG6-64-1,1
7067,SIDM00136,HG6-64-1,1
7068,SIDM00987,HG6-64-1,1
7069,SIDM00451,HG6-64-1,1
7070,SIDM00431,HG6-64-1,1
7071,SIDM00438,HG6-64-1,1
7072,SIDM00907,HG6-64-1,1
7073,SIDM01064,HG6-64-1,1
7074,SIDM01027,HG6-64-1,1
7075,SIDM00329,HG6-64-1,1
7076,SIDM00336,HG6-64-1,1
7077,SIDM00657,HG6-64-1,1
7078,SIDM00900,HG6-64-1,1
7079,SIDM00332,HG6-64-1,1
7080,SIDM00929,HG6-64-1,1
7081,SIDM00389,HG6-64-1,1
7082,SIDM00903,HG6-64-1,1
7083,SIDM01043,HG6-64-1,1
7084,SIDM00951,HG6-64-1,1
7085,SIDM00706,HG6-64-1,1
7086,SIDM00340,HG6-64-1,1
7087,SIDM00895,HG6-64-1,1
7088,SIDM01031,HG6-64-1,1
7089,SIDM00428,HG6-64-1,1
7090,SIDM00515,HG6-64-1,1
7091,SIDM00950,HG6-64-1,1
7092,SIDM01012,HG6-64-1,1
7093,SIDM00401,HG6-64-1,1
7094,SIDM01045,HG6-64-1,1
7095,SIDM00097,HG6-64-1,1
7096,SIDM00477,HG6-64-1,1
7097,SIDM00442,HG6-64-1,1
7098,SIDM00406,HG6-64-1,1
7099,SIDM00339,HG6-64-1,1
7100,SIDM00867,HG6-64-1,1
7101,SIDM00443,HG6-64-1,1
7102,SIDM00457,HG6-64-1,1
7103,SIDM00999,HG6-64-1,1
7104,SIDM00927,HG6-64-1,1
7105,SIDM00396,HG6-64-1,1
7106,SIDM00671,HG6-64-1,1
7107,SIDM00874,HG6-64-1,1
7108,SIDM00942,HG6-64-1,1
7109,SIDM00124,HG6-64-1,1
7110,SIDM00988,HG6-64-1,1
7111,SIDM00120,HG6-64-1,1
7112,SIDM01071,HG6-64-1,1
7113,SIDM00930,HG6-64-1,1
7114,SIDM00947,HG6-64-1,1
7115,SIDM01179,HG6-64-1,1
7116,SIDM01029,HG6-64-1,1
7117,SIDM00426,HG6-64-1,1
7118,SIDM00940,HG6-64-1,1
7119,SIDM01051,HG6-64-1,1
7120,SIDM01020,HG6-64-1,1
7121,SIDM00594,HG6-64-1,1
7122,SIDM00981,HG6-64-1,1
7123,SIDM00121,HG6-64-1,1
7124,SIDM00783,HG6-64-1,1
7125,SIDM00329,I-BET-762,1
7126,SIDM00422,I-BET-762,1
7127,SIDM01176,I-BET-762,1
7128,SIDM00594,I-BET-762,1
7129,SIDM00932,I-BET-762,1
7130,SIDM01012,I-BET-762,1
7131,SIDM00930,I-BET-762,1
7132,SIDM00942,I-BET-762,1
7133,SIDM00391,I-BET-762,1
7134,SIDM00407,I-BET-762,1
7135,SIDM00146,I-BET-762,1
7136,SIDM00396,I-BET-762,1
7137,SIDM00401,I-BET-762,1
7138,SIDM00327,I-BET-762,1
7139,SIDM00394,I-BET-762,1
7140,SIDM01031,I-BET-762,1
7141,SIDM00124,I-BET-762,1
7142,SIDM00791,I-BET-762,1
7143,SIDM00455,I-BET-762,1
7144,SIDM00346,I-BET-762,1
7145,SIDM00336,I-BET-762,1
7146,SIDM00388,I-BET-762,1
7147,SIDM00148,I-BET-762,1
7148,SIDM01111,I-BET-762,1
7149,SIDM00628,I-BET-762,1
7150,SIDM00416,I-BET-762,1
7151,SIDM01067,I-BET-762,1
7152,SIDM01030,I-BET-762,1
7153,SIDM01089,I-BET-762,1
7154,SIDM00867,I-BET-762,1
7155,SIDM01003,I-BET-762,1
7156,SIDM00403,I-BET-762,1
7157,SIDM00706,I-BET-762,1
7158,SIDM00441,I-BET-762,1
7159,SIDM00386,I-BET-762,1
7160,SIDM00145,I-BET-762,1
7161,SIDM00289,I-BET-762,1
7162,SIDM01131,I-BET-762,1
7163,SIDM00458,I-BET-762,1
7164,SIDM00947,I-BET-762,1
7165,SIDM01248,I-BET-762,1
7166,SIDM01064,I-BET-762,1
7167,SIDM00088,I-BET-762,1
7168,SIDM00962,I-BET-762,1
7169,SIDM01033,I-BET-762,1
7170,SIDM00789,I-BET-762,1
7171,SIDM00944,I-BET-762,1
7172,SIDM00330,I-BET-762,1
7173,SIDM01051,I-BET-762,1
7174,SIDM00097,I-BET-762,1
7175,SIDM00404,I-BET-762,1
7176,SIDM00423,I-BET-762,1
7177,SIDM00442,I-BET-762,1
7178,SIDM00333,I-BET-762,1
7179,SIDM00953,I-BET-762,1
7180,SIDM00462,I-BET-762,1
7181,SIDM00420,I-BET-762,1
7182,SIDM00983,I-BET-762,1
7183,SIDM00087,I-BET-762,1
7184,SIDM01052,I-BET-762,1
7185,SIDM00312,I-BET-762,1
7186,SIDM01176,IC-87114,1
7187,SIDM00120,IC-87114,1
7188,SIDM00394,IC-87114,1
7189,SIDM00424,IC-87114,1
7190,SIDM00341,IC-87114,1
7191,SIDM00944,IC-87114,1
7192,SIDM00285,IC-87114,1
7193,SIDM00941,IC-87114,1
7194,SIDM00337,IC-87114,1
7195,SIDM00982,IC-87114,1
7196,SIDM00580,IC-87114,1
7197,SIDM00947,IC-87114,1
7198,SIDM01179,IC-87114,1
7199,SIDM00404,IC-87114,1
7200,SIDM00940,IC-87114,1
7201,SIDM00327,IC-87114,1
7202,SIDM00447,IC-87114,1
7203,SIDM00903,IC-87114,1
7204,SIDM00415,IC-87114,1
7205,SIDM00343,IC-87114,1
7206,SIDM00964,IC-87114,1
7207,SIDM00406,IC-87114,1
7208,SIDM00953,IC-87114,1
7209,SIDM00810,IC-87114,1
7210,SIDM00995,IC-87114,1
7211,SIDM00807,IC-87114,1
7212,SIDM00789,IC-87114,1
7213,SIDM01085,IC-87114,1
7214,SIDM01086,IC-87114,1
7215,SIDM00661,IC-87114,1
7216,SIDM00931,IC-87114,1
7217,SIDM00401,IC-87114,1
7218,SIDM00948,IC-87114,1
7219,SIDM01015,IC-87114,1
7220,SIDM00946,IC-87114,1
7221,SIDM00896,IC-87114,1
7222,SIDM00949,IC-87114,1
7223,SIDM01057,IC-87114,1
7224,SIDM00413,IC-87114,1
7225,SIDM00706,IC-87114,1
7226,SIDM00313,IC-87114,1
7227,SIDM00939,IC-87114,1
7228,SIDM00463,IC-87114,1
7229,SIDM00088,IC-87114,1
7230,SIDM00449,IC-87114,1
7231,SIDM00954,IC-87114,1
7232,SIDM00412,IC-87114,1
7233,SIDM01048,IC-87114,1
7234,SIDM01068,IC-87114,1
7235,SIDM01131,IC-87114,1
7236,SIDM00927,IC-87114,1
7237,SIDM01045,IC-87114,1
7238,SIDM00962,IC-87114,1
7239,SIDM00526,IC-87114,1
7240,SIDM01085,IMD-0354,1
7241,SIDM00426,IMD-0354,1
7242,SIDM01052,IMD-0354,1
7243,SIDM01040,IMD-0354,1
7244,SIDM00124,IMD-0354,1
7245,SIDM00380,IMD-0354,1
7246,SIDM00981,IMD-0354,1
7247,SIDM00948,IMD-0354,1
7248,SIDM00785,IMD-0354,1
7249,SIDM01110,IMD-0354,1
7250,SIDM01071,IMD-0354,1
7251,SIDM01056,IMD-0354,1
7252,SIDM00962,IMD-0354,1
7253,SIDM00454,IMD-0354,1
7254,SIDM00988,IMD-0354,1
7255,SIDM00477,IMD-0354,1
7256,SIDM01066,IMD-0354,1
7257,SIDM01032,IMD-0354,1
7258,SIDM00980,IMD-0354,1
7259,SIDM01027,IMD-0354,1
7260,SIDM00580,IMD-0354,1
7261,SIDM01082,IMD-0354,1
7262,SIDM00982,IMD-0354,1
7263,SIDM00120,IMD-0354,1
7264,SIDM00947,IMD-0354,1
7265,SIDM00938,IMD-0354,1
7266,SIDM00411,IMD-0354,1
7267,SIDM01172,IMD-0354,1
7268,SIDM00867,IMD-0354,1
7269,SIDM00416,IMD-0354,1
7270,SIDM01015,IMD-0354,1
7271,SIDM00449,IMD-0354,1
7272,SIDM00457,IMD-0354,1
7273,SIDM00832,IMD-0354,1
7274,SIDM00936,IMD-0354,1
7275,SIDM00944,IMD-0354,1
7276,SIDM00423,IMD-0354,1
7277,SIDM00289,IMD-0354,1
7278,SIDM00985,IMD-0354,1
7279,SIDM00943,IMD-0354,1
7280,SIDM01067,IMD-0354,1
7281,SIDM00285,IMD-0354,1
7282,SIDM00386,IMD-0354,1
7283,SIDM01033,IMD-0354,1
7284,SIDM00937,IMD-0354,1
7285,SIDM01072,IMD-0354,1
7286,SIDM01048,IMD-0354,1
7287,SIDM00933,IMD-0354,1
7288,SIDM00450,IMD-0354,1
7289,SIDM01131,IMD-0354,1
7290,SIDM01076,IMD-0354,1
7291,SIDM00941,IMD-0354,1
7292,SIDM00340,IMD-0354,1
7293,SIDM01009,IMD-0354,1
7294,SIDM00927,IMD-0354,1
7295,SIDM00994,IMD-0354,1
7296,SIDM01030,IMD-0354,1
7297,SIDM00939,IOX2,1
7298,SIDM01038,IOX2,1
7299,SIDM00403,IOX2,1
7300,SIDM01009,IOX2,1
7301,SIDM01103,IOX2,1
7302,SIDM00344,IOX2,1
7303,SIDM01055,IOX2,1
7304,SIDM01033,IOX2,1
7305,SIDM00860,IOX2,1
7306,SIDM00829,IOX2,1
7307,SIDM00828,IOX2,1
7308,SIDM00935,IOX2,1
7309,SIDM00287,IOX2,1
7310,SIDM01048,IOX2,1
7311,SIDM00463,IOX2,1
7312,SIDM00628,IOX2,1
7313,SIDM00993,IOX2,1
7314,SIDM00391,IOX2,1
7315,SIDM00392,IOX2,1
7316,SIDM00426,IOX2,1
7317,SIDM00807,IOX2,1
7318,SIDM00661,IOX2,1
7319,SIDM00327,IOX2,1
7320,SIDM00936,IOX2,1
7321,SIDM00942,IOX2,1
7322,SIDM00448,IOX2,1
7323,SIDM00867,IOX2,1
7324,SIDM01024,IOX2,1
7325,SIDM01015,IOX2,1
7326,SIDM01043,IOX2,1
7327,SIDM00342,IOX2,1
7328,SIDM00417,IOX2,1
7329,SIDM00429,IOX2,1
7330,SIDM01030,IOX2,1
7331,SIDM00632,IOX2,1
7332,SIDM01029,IOX2,1
7333,SIDM00345,IOX2,1
7334,SIDM00995,IOX2,1
7335,SIDM00421,IOX2,1
7336,SIDM01068,IOX2,1
7337,SIDM00404,IOX2,1
7338,SIDM00087,IOX2,1
7339,SIDM00934,IOX2,1
7340,SIDM00944,IOX2,1
7341,SIDM00989,IOX2,1
7342,SIDM00148,IPA-3,1
7343,SIDM00935,IPA-3,1
7344,SIDM00657,IPA-3,1
7345,SIDM00951,IPA-3,1
7346,SIDM00313,IPA-3,1
7347,SIDM01071,IPA-3,1
7348,SIDM01055,IPA-3,1
7349,SIDM00286,IPA-3,1
7350,SIDM00985,IPA-3,1
7351,SIDM00087,IPA-3,1
7352,SIDM01067,IPA-3,1
7353,SIDM00940,IPA-3,1
7354,SIDM00401,IPA-3,1
7355,SIDM00962,IPA-3,1
7356,SIDM00451,IPA-3,1
7357,SIDM01029,IPA-3,1
7358,SIDM00338,IPA-3,1
7359,SIDM00477,IPA-3,1
7360,SIDM01087,IPA-3,1
7361,SIDM00798,IPA-3,1
7362,SIDM00429,IPA-3,1
7363,SIDM01019,IPA-3,1
7364,SIDM01002,IPA-3,1
7365,SIDM01020,IPA-3,1
7366,SIDM01064,IPA-3,1
7367,SIDM00950,IPA-3,1
7368,SIDM00403,IPA-3,1
7369,SIDM01051,IPA-3,1
7370,SIDM00448,IPA-3,1
7371,SIDM01059,IPA-3,1
7372,SIDM00867,IPA-3,1
7373,SIDM00227,IPA-3,1
7374,SIDM00416,IPA-3,1
7375,SIDM00479,IPA-3,1
7376,SIDM01062,IPA-3,1
7377,SIDM00994,IPA-3,1
7378,SIDM00993,IPA-3,1
7379,SIDM00450,IPA-3,1
7380,SIDM00333,IPA-3,1
7381,SIDM00999,IPA-3,1
7382,SIDM00461,IPA-3,1
7383,SIDM00953,IPA-3,1
7384,SIDM00097,IPA-3,1
7385,SIDM00828,IPA-3,1
7386,SIDM00308,IPA-3,1
7387,SIDM00829,IPA-3,1
7388,SIDM00342,IPA-3,1
7389,SIDM00420,IPA-3,1
7390,SIDM00388,IPA-3,1
7391,SIDM00336,IPA-3,1
7392,SIDM01027,IPA-3,1
7393,SIDM00428,IPA-3,1
7394,SIDM00453,IPA-3,1
7395,SIDM00988,IPA-3,1
7396,SIDM00426,IPA-3,1
7397,SIDM00515,IPA-3,1
7398,SIDM01176,IPA-3,1
7399,SIDM00949,IPA-3,1
7400,SIDM00932,IPA-3,1
7401,SIDM01023,IPA-3,1
7402,SIDM00434,IPA-3,1
7403,SIDM00457,IPA-3,1
7404,SIDM00981,IPA-3,1
7405,SIDM00946,IPA-3,1
7406,SIDM00284,IPA-3,1
7407,SIDM00308,Idelalisib,1
7408,SIDM00789,Idelalisib,1
7409,SIDM00932,Idelalisib,1
7410,SIDM00877,Idelalisib,1
7411,SIDM00406,Idelalisib,1
7412,SIDM01064,Idelalisib,1
7413,SIDM00512,Idelalisib,1
7414,SIDM00628,Idelalisib,1
7415,SIDM00146,Idelalisib,1
7416,SIDM01012,Idelalisib,1
7417,SIDM01172,Idelalisib,1
7418,SIDM00941,Idelalisib,1
7419,SIDM01111,Idelalisib,1
7420,SIDM00953,Idelalisib,1
7421,SIDM00580,Idelalisib,1
7422,SIDM01089,Idelalisib,1
7423,SIDM00416,Idelalisib,1
7424,SIDM00946,Idelalisib,1
7425,SIDM00285,Idelalisib,1
7426,SIDM00934,Idelalisib,1
7427,SIDM01031,Idelalisib,1
7428,SIDM01001,Idelalisib,1
7429,SIDM01179,Idelalisib,1
7430,SIDM01060,Idelalisib,1
7431,SIDM00391,Idelalisib,1
7432,SIDM01131,Idelalisib,1
7433,SIDM01019,Idelalisib,1
7434,SIDM01026,Idelalisib,1
7435,SIDM00388,Idelalisib,1
7436,SIDM00886,Idelalisib,1
7437,SIDM01002,Idelalisib,1
7438,SIDM00526,Idelalisib,1
7439,SIDM01025,Idelalisib,1
7440,SIDM00403,Idelalisib,1
7441,SIDM01020,Idelalisib,1
7442,SIDM00407,Idelalisib,1
7443,SIDM00860,Idelalisib,1
7444,SIDM00641,Idelalisib,1
7445,SIDM00335,Idelalisib,1
7446,SIDM00483,Idelalisib,1
7447,SIDM00829,Idelalisib,1
7448,SIDM00441,Idelalisib,1
7449,SIDM00931,Idelalisib,1
7450,SIDM00442,Idelalisib,1
7451,SIDM00332,Idelalisib,1
7452,SIDM00963,Idelalisib,1
7453,SIDM00995,Idelalisib,1
7454,SIDM00807,Idelalisib,1
7455,SIDM00227,Idelalisib,1
7456,SIDM00957,Idelalisib,1
7457,SIDM00657,Idelalisib,1
7458,SIDM00983,Idelalisib,1
7459,SIDM00982,Idelalisib,1
7460,SIDM01062,Idelalisib,1
7461,SIDM00450,Idelalisib,1
7462,SIDM00832,Idelalisib,1
7463,SIDM00903,Idelalisib,1
7464,SIDM01085,Idelalisib,1
7465,SIDM00943,Idelalisib,1
7466,SIDM00420,Idelalisib,1
7467,SIDM00661,Idelalisib,1
7468,SIDM01042,Idelalisib,1
7469,SIDM01067,Idelalisib,1
7470,SIDM00124,Imatinib,1
7471,SIDM01248,Imatinib,1
7472,SIDM00431,Imatinib,1
7473,SIDM00526,Imatinib,1
7474,SIDM00461,Imatinib,1
7475,SIDM00791,Imatinib,1
7476,SIDM00437,Imatinib,1
7477,SIDM01015,Imatinib,1
7478,SIDM00463,Ispinesib Mesylate,1
7479,SIDM00907,Ispinesib Mesylate,1
7480,SIDM01019,Ispinesib Mesylate,1
7481,SIDM00594,Ispinesib Mesylate,1
7482,SIDM00951,Ispinesib Mesylate,1
7483,SIDM01218,Ispinesib Mesylate,1
7484,SIDM01045,Ispinesib Mesylate,1
7485,SIDM00934,Ispinesib Mesylate,1
7486,SIDM00146,Ispinesib Mesylate,1
7487,SIDM00867,Ispinesib Mesylate,1
7488,SIDM01051,Ispinesib Mesylate,1
7489,SIDM00404,Ispinesib Mesylate,1
7490,SIDM00420,Ispinesib Mesylate,1
7491,SIDM00628,Ispinesib Mesylate,1
7492,SIDM00441,Ispinesib Mesylate,1
7493,SIDM00434,Ispinesib Mesylate,1
7494,SIDM00641,Ispinesib Mesylate,1
7495,SIDM00287,Ispinesib Mesylate,1
7496,SIDM01248,Ispinesib Mesylate,1
7497,SIDM00807,Ispinesib Mesylate,1
7498,SIDM00335,Ispinesib Mesylate,1
7499,SIDM00121,Ispinesib Mesylate,1
7500,SIDM00785,Ispinesib Mesylate,1
7501,SIDM00429,Ispinesib Mesylate,1
7502,SIDM01004,Ispinesib Mesylate,1
7503,SIDM00671,Ispinesib Mesylate,1
7504,SIDM00443,Ispinesib Mesylate,1
7505,SIDM01058,Ispinesib Mesylate,1
7506,SIDM00980,Ispinesib Mesylate,1
7507,SIDM00407,Ispinesib Mesylate,1
7508,SIDM00447,Ispinesib Mesylate,1
7509,SIDM00391,Ispinesib Mesylate,1
7510,SIDM00990,Ispinesib Mesylate,1
7511,SIDM00343,Ispinesib Mesylate,1
7512,SIDM00450,Ispinesib Mesylate,1
7513,SIDM00462,Ispinesib Mesylate,1
7514,SIDM00783,Ispinesib Mesylate,1
7515,SIDM00961,Ispinesib Mesylate,1
7516,SIDM00986,Ispinesib Mesylate,1
7517,SIDM00340,Ispinesib Mesylate,1
7518,SIDM01005,Ispinesib Mesylate,1
7519,SIDM01071,Ispinesib Mesylate,1
7520,SIDM01020,Ispinesib Mesylate,1
7521,SIDM01059,Ispinesib Mesylate,1
7522,SIDM00337,Ispinesib Mesylate,1
7523,SIDM00995,Ispinesib Mesylate,1
7524,SIDM00580,Ispinesib Mesylate,1
7525,SIDM00341,Ispinesib Mesylate,1
7526,SIDM00499,Ispinesib Mesylate,1
7527,SIDM01089,Ispinesib Mesylate,1
7528,SIDM01062,Ispinesib Mesylate,1
7529,SIDM00933,Ispinesib Mesylate,1
7530,SIDM01052,Ispinesib Mesylate,1
7531,SIDM00983,Ispinesib Mesylate,1
7532,SIDM00954,Ispinesib Mesylate,1
7533,SIDM01073,Ispinesib Mesylate,1
7534,SIDM00706,Ispinesib Mesylate,1
7535,SIDM01042,Ispinesib Mesylate,1
7536,SIDM00985,Ispinesib Mesylate,1
7537,SIDM00336,Ispinesib Mesylate,1
7538,SIDM00903,JNJ38877605,1
7539,SIDM00313,JNJ38877605,1
7540,SIDM00388,JNJ38877605,1
7541,SIDM01015,JNJ38877605,1
7542,SIDM00434,JNJ38877605,1
7543,SIDM00272,JNJ38877605,1
7544,SIDM01179,JNJ38877605,1
7545,SIDM00929,JNJ38877605,1
7546,SIDM01013,JNJ38877605,1
7547,SIDM00981,JNJ38877605,1
7548,SIDM00632,JNJ38877605,1
7549,SIDM00387,JNJ38877605,1
7550,SIDM01218,JNJ38877605,1
7551,SIDM00124,JNJ38877605,1
7552,SIDM00936,JNJ38877605,1
7553,SIDM01052,JNJ38877605,1
7554,SIDM01020,JNJ38877605,1
7555,SIDM00828,JNJ38877605,1
7556,SIDM00526,JNJ38877605,1
7557,SIDM00934,JNJ38877605,1
7558,SIDM00443,JNJ38877605,1
7559,SIDM00346,JNJ38877605,1
7560,SIDM00289,JNJ38877605,1
7561,SIDM00458,JNJ38877605,1
7562,SIDM01058,JNJ38877605,1
7563,SIDM00927,JNJ38877605,1
7564,SIDM00329,JNJ38877605,1
7565,SIDM00433,JNJ38877605,1
7566,SIDM01131,JNJ38877605,1
7567,SIDM00337,JNJ38877605,1
7568,SIDM01089,JNJ38877605,1
7569,SIDM01027,JNJ38877605,1
7570,SIDM00287,JNJ38877605,1
7571,SIDM00389,JNJ38877605,1
7572,SIDM00335,JNJ38877605,1
7573,SIDM01059,JNJ38877605,1
7574,SIDM01154,JNJ38877605,1
7575,SIDM00963,JNJ38877605,1
7576,SIDM00431,JNJ38877605,1
7577,SIDM00422,JNJ38877605,1
7578,SIDM00983,JNJ38877605,1
7579,SIDM00121,JNJ38877605,1
7580,SIDM00951,JNJ38877605,1
7581,SIDM01073,JNJ38877605,1
7582,SIDM00896,JNJ38877605,1
7583,SIDM00988,JNJ38877605,1
7584,SIDM01086,JNJ38877605,1
7585,SIDM01023,JNJ38877605,1
7586,SIDM00120,JNJ38877605,1
7587,SIDM00948,JNJ38877605,1
7588,SIDM01111,JNK Inhibitor VIII,1
7589,SIDM01059,JNK Inhibitor VIII,1
7590,SIDM00499,JNK Inhibitor VIII,1
7591,SIDM00866,JNK Inhibitor VIII,1
7592,SIDM01055,JNK Inhibitor VIII,1
7593,SIDM01032,JNK Inhibitor VIII,1
7594,SIDM00458,JNK Inhibitor VIII,1
7595,SIDM01033,JNK Inhibitor VIII,1
7596,SIDM00810,JNK Inhibitor VIII,1
7597,SIDM00346,JNK Inhibitor VIII,1
7598,SIDM00479,JNK Inhibitor VIII,1
7599,SIDM00438,JNK Inhibitor VIII,1
7600,SIDM00401,JNK Inhibitor VIII,1
7601,SIDM00829,JNK Inhibitor VIII,1
7602,SIDM00417,JNK Inhibitor VIII,1
7603,SIDM00407,JNK Inhibitor VIII,1
7604,SIDM00334,JNK Inhibitor VIII,1
7605,SIDM01070,JNK Inhibitor VIII,1
7606,SIDM00462,JNK Inhibitor VIII,1
7607,SIDM01064,JNK Inhibitor VIII,1
7608,SIDM01087,JNK Inhibitor VIII,1
7609,SIDM01089,JNK Inhibitor VIII,1
7610,SIDM00335,JNK Inhibitor VIII,1
7611,SIDM01031,JNK Inhibitor VIII,1
7612,SIDM00931,JNK Inhibitor VIII,1
7613,SIDM00415,JNK Inhibitor VIII,1
7614,SIDM01023,JNK Inhibitor VIII,1
7615,SIDM00886,JNK Inhibitor VIII,1
7616,SIDM01029,JNK Inhibitor VIII,1
7617,SIDM00410,JNK Inhibitor VIII,1
7618,SIDM00949,JNK Inhibitor VIII,1
7619,SIDM00789,JNK Inhibitor VIII,1
7620,SIDM00927,JNK Inhibitor VIII,1
7621,SIDM00145,JNK Inhibitor VIII,1
7622,SIDM01003,JNK Inhibitor VIII,1
7623,SIDM00980,JNK Inhibitor VIII,1
7624,SIDM01179,JNK Inhibitor VIII,1
7625,SIDM00433,JNK Inhibitor VIII,1
7626,SIDM01047,JNK Inhibitor VIII,1
7627,SIDM00329,JNK Inhibitor VIII,1
7628,SIDM01002,JNK Inhibitor VIII,1
7629,SIDM00454,JNK Inhibitor VIII,1
7630,SIDM00671,JNK Inhibitor VIII,1
7631,SIDM00441,JNK Inhibitor VIII,1
7632,SIDM00483,JNK Inhibitor VIII,1
7633,SIDM01027,JNK Inhibitor VIII,1
7634,SIDM00340,JNK Inhibitor VIII,1
7635,SIDM01048,JNK Inhibitor VIII,1
7636,SIDM00963,JNK Inhibitor VIII,1
7637,SIDM00451,JNK Inhibitor VIII,1
7638,SIDM00287,JNK Inhibitor VIII,1
7639,SIDM00706,JNK Inhibitor VIII,1
7640,SIDM00437,JNK-9L,1
7641,SIDM01003,JNK-9L,1
7642,SIDM01048,JNK-9L,1
7643,SIDM01154,JNK-9L,1
7644,SIDM00661,JNK-9L,1
7645,SIDM00413,JNK-9L,1
7646,SIDM00312,JNK-9L,1
7647,SIDM00287,JNK-9L,1
7648,SIDM00964,JNK-9L,1
7649,SIDM00447,JNK-9L,1
7650,SIDM01031,JNK-9L,1
7651,SIDM00417,JNK-9L,1
7652,SIDM00336,JNK-9L,1
7653,SIDM00313,JNK-9L,1
7654,SIDM00706,JNK-9L,1
7655,SIDM00450,JNK-9L,1
7656,SIDM00999,JNK-9L,1
7657,SIDM00944,JNK-9L,1
7658,SIDM00461,JNK-9L,1
7659,SIDM00671,JNK-9L,1
7660,SIDM01057,JNK-9L,1
7661,SIDM00344,JNK-9L,1
7662,SIDM00981,JNK-9L,1
7663,SIDM00429,JNK-9L,1
7664,SIDM01012,JNK-9L,1
7665,SIDM00346,JNK-9L,1
7666,SIDM00832,JNK-9L,1
7667,SIDM00342,JNK-9L,1
7668,SIDM00986,JNK-9L,1
7669,SIDM00120,JNK-9L,1
7670,SIDM00088,JNK-9L,1
7671,SIDM01056,JNK-9L,1
7672,SIDM00942,JNK-9L,1
7673,SIDM01034,JNK-9L,1
7674,SIDM00951,JNK-9L,1
7675,SIDM00428,JNK-9L,1
7676,SIDM00594,JNK-9L,1
7677,SIDM00900,JNK-9L,1
7678,SIDM00330,JNK-9L,1
7679,SIDM00396,JNK-9L,1
7680,SIDM00407,JNK-9L,1
7681,SIDM00783,JNK-9L,1
7682,SIDM01033,JNK-9L,1
7683,SIDM00936,JNK-9L,1
7684,SIDM00335,JNK-9L,1
7685,SIDM01076,JNK-9L,1
7686,SIDM00828,JNK-9L,1
7687,SIDM00934,JNK-9L,1
7688,SIDM01110,JNK-9L,1
7689,SIDM00479,JNK-9L,1
7690,SIDM00987,JNK-9L,1
7691,SIDM00387,JNK-9L,1
7692,SIDM00953,JNK-9L,1
7693,SIDM01027,JNK-9L,1
7694,SIDM01068,JNK-9L,1
7695,SIDM00448,JNK-9L,1
7696,SIDM00993,JNK-9L,1
7697,SIDM00421,JNK-9L,1
7698,SIDM01176,JNK-9L,1
7699,SIDM00785,JNK-9L,1
7700,SIDM00903,JNK-9L,1
7701,SIDM00950,JNK-9L,1
7702,SIDM00455,JNK-9L,1
7703,SIDM00410,JQ1,1
7704,SIDM00338,JQ1,1
7705,SIDM00447,JQ1,1
7706,SIDM00422,JQ1,1
7707,SIDM00431,JQ1,1
7708,SIDM00499,JQ1,1
7709,SIDM00428,JQ1,1
7710,SIDM00136,JQ1,1
7711,SIDM00087,JQ1,1
7712,SIDM00657,JQ1,1
7713,SIDM00895,JQ1,1
7714,SIDM00947,JQ1,1
7715,SIDM00949,JQ1,1
7716,SIDM01001,JQ1,1
7717,SIDM00449,JQ1,1
7718,SIDM00289,JQ1,1
7719,SIDM00985,JQ1,1
7720,SIDM00936,JQ1,1
7721,SIDM00327,JQ1,1
7722,SIDM00477,JQ1,1
7723,SIDM00988,JQ1,1
7724,SIDM00934,JQ1,1
7725,SIDM00412,JQ1,1
7726,SIDM00460,JQ1,1
7727,SIDM01020,JQ1,1
7728,SIDM00942,JQ1,1
7729,SIDM00990,JQ1,1
7730,SIDM01019,JQ1,1
7731,SIDM01030,JQ1,1
7732,SIDM00437,JQ1,1
7733,SIDM00424,JQ1,1
7734,SIDM00798,JQ1,1
7735,SIDM00458,JQ1,1
7736,SIDM01049,JQ1,1
7737,SIDM01040,JQ1,1
7738,SIDM01019,JQ1,1
7739,SIDM00333,JQ1,1
7740,SIDM00335,JQ1,1
7741,SIDM00962,JQ1,1
7742,SIDM00088,JQ1,1
7743,SIDM00810,JQ1,1
7744,SIDM01028,JQ1,1
7745,SIDM01026,JQ1,1
7746,SIDM00983,JQ1,1
7747,SIDM01025,JQ1,1
7748,SIDM00963,JQ1,1
7749,SIDM00661,JQ1,1
7750,SIDM00407,JQ1,1
7751,SIDM00284,JQ1,1
7752,SIDM01066,JQ1,1
7753,SIDM00337,JQ1,1
7754,SIDM00933,JQ1,1
7755,SIDM00952,JQ1,1
7756,SIDM00957,JQ1,1
7757,SIDM00434,JQ1,1
7758,SIDM00441,JQ1,1
7759,SIDM01042,JQ1,1
7760,SIDM00985,JQ1,1
7761,SIDM00403,JQ1,1
7762,SIDM00940,JQ1,1
7763,SIDM00997,JQ1,1
7764,SIDM00461,JQ1,1
7765,SIDM01015,JQ1,1
7766,SIDM00446,JQ1,1
7767,SIDM00394,JQ1,1
7768,SIDM00937,JQ1,1
7769,SIDM00434,JQ1,1
7770,SIDM00706,JQ1,1
7771,SIDM00421,JQ1,1
7772,SIDM00938,JQ1,1
7773,SIDM00671,JQ1,1
7774,SIDM01032,JQ1,1
7775,SIDM00927,JQ1,1
7776,SIDM01111,JQ1,1
7777,SIDM01087,JQ1,1
7778,SIDM00988,JW-7-24-1,1
7779,SIDM00411,JW-7-24-1,1
7780,SIDM01045,JW-7-24-1,1
7781,SIDM00982,JW-7-24-1,1
7782,SIDM00391,JW-7-24-1,1
7783,SIDM00900,JW-7-24-1,1
7784,SIDM01085,JW-7-24-1,1
7785,SIDM01019,JW-7-24-1,1
7786,SIDM00272,JW-7-24-1,1
7787,SIDM00943,JW-7-24-1,1
7788,SIDM00333,JW-7-24-1,1
7789,SIDM00345,JW-7-24-1,1
7790,SIDM00433,JW-7-24-1,1
7791,SIDM00785,JW-7-24-1,1
7792,SIDM01023,JW-7-24-1,1
7793,SIDM01058,JW-7-24-1,1
7794,SIDM00338,JW-7-24-1,1
7795,SIDM00087,JW-7-24-1,1
7796,SIDM00405,JW-7-24-1,1
7797,SIDM01042,JW-7-24-1,1
7798,SIDM00657,JW-7-24-1,1
7799,SIDM01062,JW-7-24-1,1
7800,SIDM01003,JW-7-24-1,1
7801,SIDM01064,JW-7-24-1,1
7802,SIDM01057,JW-7-24-1,1
7803,SIDM01025,JW-7-24-1,1
7804,SIDM00417,JW-7-24-1,1
7805,SIDM01029,JW-7-24-1,1
7806,SIDM00088,JW-7-24-1,1
7807,SIDM01026,JW-7-24-1,1
7808,SIDM00420,JW-7-24-1,1
7809,SIDM00980,JW-7-24-1,1
7810,SIDM00946,JW-7-24-1,1
7811,SIDM01055,JW-7-24-1,1
7812,SIDM01059,JW-7-24-1,1
7813,SIDM01047,JW-7-24-1,1
7814,SIDM00479,JW-7-24-1,1
7815,SIDM00404,JW-7-24-1,1
7816,SIDM00949,JW-7-24-1,1
7817,SIDM00447,JW-7-24-1,1
7818,SIDM00997,JW-7-24-1,1
7819,SIDM00798,JW-7-24-1,1
7820,SIDM01067,JW-7-24-1,1
7821,SIDM01191,JW-7-24-1,1
7822,SIDM00986,JW-7-24-1,1
7823,SIDM01030,JW-7-24-1,1
7824,SIDM00434,JW-7-24-1,1
7825,SIDM01051,JW-7-24-1,1
7826,SIDM00401,JW-7-24-1,1
7827,SIDM00341,JW-7-24-1,1
7828,SIDM00429,JW-7-24-1,1
7829,SIDM01071,JW-7-24-1,1
7830,SIDM00983,JW-7-24-1,1
7831,SIDM01024,JW-7-24-1,1
7832,SIDM00346,JW-7-24-1,1
7833,SIDM00950,JW-7-24-1,1
7834,SIDM01131,JW-7-24-1,1
7835,SIDM00329,JW-7-52-1,1
7836,SIDM00287,JW-7-52-1,1
7837,SIDM00877,JW-7-52-1,1
7838,SIDM01048,JW-7-52-1,1
7839,SIDM00327,JW-7-52-1,1
7840,SIDM00637,JW-7-52-1,1
7841,SIDM00388,JW-7-52-1,1
7842,SIDM00396,JW-7-52-1,1
7843,SIDM00330,JW-7-52-1,1
7844,SIDM00661,JW-7-52-1,1
7845,SIDM00431,JW-7-52-1,1
7846,SIDM00896,JW-7-52-1,1
7847,SIDM01058,JW-7-52-1,1
7848,SIDM00405,JW-7-52-1,1
7849,SIDM01019,JW-7-52-1,1
7850,SIDM01057,JW-7-52-1,1
7851,SIDM00953,JW-7-52-1,1
7852,SIDM00423,JW-7-52-1,1
7853,SIDM00342,JW-7-52-1,1
7854,SIDM00424,JW-7-52-1,1
7855,SIDM00419,JW-7-52-1,1
7856,SIDM00829,JW-7-52-1,1
7857,SIDM00407,JW-7-52-1,1
7858,SIDM00395,JW-7-52-1,1
7859,SIDM01018,JW-7-52-1,1
7860,SIDM00391,JW-7-52-1,1
7861,SIDM01036,JW-7-52-1,1
7862,SIDM00413,JW-7-52-1,1
7863,SIDM00954,JW-7-52-1,1
7864,SIDM01049,JW-7-52-1,1
7865,SIDM00798,KIN001-042,1
7866,SIDM00429,KIN001-042,1
7867,SIDM00895,KIN001-042,1
7868,SIDM00386,KIN001-042,1
7869,SIDM00148,KIN001-042,1
7870,SIDM01013,KIN001-042,1
7871,SIDM00345,KIN001-042,1
7872,SIDM00391,KIN001-042,1
7873,SIDM00993,KIN001-042,1
7874,SIDM01019,KIN001-042,1
7875,SIDM00483,KIN001-042,1
7876,SIDM00907,KIN001-042,1
7877,SIDM01030,KIN001-042,1
7878,SIDM00333,KIN001-042,1
7879,SIDM01033,KIN001-042,1
7880,SIDM00953,KIN001-042,1
7881,SIDM01066,KIN001-042,1
7882,SIDM00422,KIN001-042,1
7883,SIDM01082,KIN001-042,1
7884,SIDM00448,KIN001-042,1
7885,SIDM00380,KIN001-042,1
7886,SIDM01111,KIN001-042,1
7887,SIDM00421,KIN001-042,1
7888,SIDM00932,KIN001-042,1
7889,SIDM01012,KIN001-042,1
7890,SIDM01069,KIN001-042,1
7891,SIDM00807,KIN001-042,1
7892,SIDM01064,KIN001-042,1
7893,SIDM00661,KIN001-042,1
7894,SIDM01103,KIN001-042,1
7895,SIDM00954,KIN001-042,1
7896,SIDM00930,KIN001-042,1
7897,SIDM01073,KIN001-042,1
7898,SIDM01068,KIN001-042,1
7899,SIDM00903,KIN001-042,1
7900,SIDM00927,KIN001-042,1
7901,SIDM00332,KIN001-042,1
7902,SIDM00396,KIN001-042,1
7903,SIDM01051,KIN001-042,1
7904,SIDM01131,KIN001-042,1
7905,SIDM01060,KIN001-042,1
7906,SIDM00985,KIN001-042,1
7907,SIDM00867,KIN001-042,1
7908,SIDM01055,KIN001-042,1
7909,SIDM01048,KIN001-042,1
7910,SIDM00450,KIN001-042,1
7911,SIDM01176,KIN001-042,1
7912,SIDM00337,KIN001-042,1
7913,SIDM00938,KIN001-042,1
7914,SIDM01032,KIN001-042,1
7915,SIDM00416,KIN001-042,1
7916,SIDM00420,KIN001-042,1
7917,SIDM00944,KIN001-042,1
7918,SIDM00330,KIN001-042,1
7919,SIDM00419,KIN001-042,1
7920,SIDM00428,KIN001-042,1
7921,SIDM00428,KIN001-244,1
7922,SIDM01057,KIN001-244,1
7923,SIDM01020,KIN001-244,1
7924,SIDM00907,KIN001-244,1
7925,SIDM01110,KIN001-244,1
7926,SIDM00671,KIN001-244,1
7927,SIDM01048,KIN001-244,1
7928,SIDM01059,KIN001-244,1
7929,SIDM01023,KIN001-244,1
7930,SIDM00989,KIN001-244,1
7931,SIDM01055,KIN001-244,1
7932,SIDM00941,KIN001-244,1
7933,SIDM00961,KIN001-244,1
7934,SIDM00990,KIN001-244,1
7935,SIDM00479,KIN001-244,1
7936,SIDM00339,KIN001-244,1
7937,SIDM00341,KIN001-244,1
7938,SIDM01107,KIN001-244,1
7939,SIDM00937,KIN001-244,1
7940,SIDM01051,KIN001-244,1
7941,SIDM00406,KIN001-244,1
7942,SIDM01089,KIN001-244,1
7943,SIDM01131,KIN001-244,1
7944,SIDM00458,KIN001-244,1
7945,SIDM00327,KIN001-244,1
7946,SIDM00441,KIN001-244,1
7947,SIDM00438,KIN001-244,1
7948,SIDM01085,KIN001-244,1
7949,SIDM00930,KIN001-244,1
7950,SIDM00451,KIN001-244,1
7951,SIDM00333,KIN001-244,1
7952,SIDM01001,KIN001-244,1
7953,SIDM00829,KIN001-244,1
7954,SIDM00944,KIN001-244,1
7955,SIDM01036,KIN001-244,1
7956,SIDM00932,KIN001-244,1
7957,SIDM00783,KIN001-244,1
7958,SIDM01060,KIN001-244,1
7959,SIDM00641,KIN001-244,1
7960,SIDM00421,KIN001-244,1
7961,SIDM00594,KIN001-244,1
7962,SIDM01052,KIN001-244,1
7963,SIDM00247,KIN001-244,1
7964,SIDM00395,KIN001-244,1
7965,SIDM00877,KIN001-244,1
7966,SIDM00982,KIN001-244,1
7967,SIDM00927,KIN001-244,1
7968,SIDM00336,KIN001-244,1
7969,SIDM00412,KIN001-244,1
7970,SIDM00448,KIN001-244,1
7971,SIDM00900,KIN001-244,1
7972,SIDM01045,KIN001-244,1
7973,SIDM00344,KIN001-244,1
7974,SIDM00391,KIN001-244,1
7975,SIDM01071,KIN001-260,1
7976,SIDM00953,KIN001-260,1
7977,SIDM00404,KIN001-260,1
7978,SIDM00386,KIN001-260,1
7979,SIDM00344,KIN001-260,1
7980,SIDM00405,KIN001-260,1
7981,SIDM00896,KIN001-260,1
7982,SIDM00791,KIN001-260,1
7983,SIDM00995,KIN001-260,1
7984,SIDM00946,KIN001-260,1
7985,SIDM00930,KIN001-260,1
7986,SIDM00124,KIN001-260,1
7987,SIDM00339,KIN001-260,1
7988,SIDM01025,KIN001-260,1
7989,SIDM00988,KIN001-260,1
7990,SIDM00136,KIN001-260,1
7991,SIDM00088,KIN001-260,1
7992,SIDM00479,KIN001-260,1
7993,SIDM00458,KIN001-260,1
7994,SIDM00463,KIN001-260,1
7995,SIDM00990,KIN001-260,1
7996,SIDM00942,KIN001-260,1
7997,SIDM00312,KIN001-260,1
7998,SIDM01103,KIN001-260,1
7999,SIDM01179,KIN001-260,1
8000,SIDM00441,KIN001-260,1
8001,SIDM00338,KIN001-260,1
8002,SIDM01048,KIN001-260,1
8003,SIDM00327,KIN001-260,1
8004,SIDM00332,KIN001-260,1
8005,SIDM01131,KIN001-260,1
8006,SIDM01089,KIN001-260,1
8007,SIDM00391,KIN001-260,1
8008,SIDM00403,KIN001-260,1
8009,SIDM01009,KIN001-260,1
8010,SIDM01023,KIN001-260,1
8011,SIDM00406,KIN001-260,1
8012,SIDM00927,KIN001-260,1
8013,SIDM00961,KIN001-260,1
8014,SIDM01062,KIN001-260,1
8015,SIDM00993,KIN001-260,1
8016,SIDM01004,KIN001-260,1
8017,SIDM00628,KIN001-260,1
8018,SIDM00828,KIN001-260,1
8019,SIDM00950,KIN001-260,1
8020,SIDM00442,KIN001-260,1
8021,SIDM00996,KIN001-260,1
8022,SIDM00949,KIN001-260,1
8023,SIDM00412,KIN001-260,1
8024,SIDM00345,KIN001-260,1
8025,SIDM00789,KIN001-260,1
8026,SIDM00343,KIN001-260,1
8027,SIDM01067,KIN001-260,1
8028,SIDM00867,KIN001-260,1
8029,SIDM00287,KIN001-260,1
8030,SIDM00987,KIN001-260,1
8031,SIDM00460,KIN001-260,1
8032,SIDM00420,KIN001-260,1
8033,SIDM00313,KIN001-260,1
8034,SIDM01043,KIN001-260,1
8035,SIDM00937,KIN001-260,1
8036,SIDM01020,KIN001-260,1
8037,SIDM01036,KIN001-260,1
8038,SIDM00943,KIN001-260,1
8039,SIDM00272,KIN001-260,1
8040,SIDM00422,KIN001-260,1
8041,SIDM01040,KIN001-260,1
8042,SIDM01058,KIN001-260,1
8043,SIDM00338,KIN001-266,1
8044,SIDM00386,KIN001-266,1
8045,SIDM00410,KIN001-266,1
8046,SIDM00942,KIN001-266,1
8047,SIDM01015,KIN001-266,1
8048,SIDM00392,KIN001-266,1
8049,SIDM00308,KIN001-266,1
8050,SIDM01110,KIN001-266,1
8051,SIDM00394,KIN001-266,1
8052,SIDM01073,KIN001-266,1
8053,SIDM00954,KIN001-266,1
8054,SIDM01048,KIN001-266,1
8055,SIDM01087,KIN001-266,1
8056,SIDM01002,KIN001-266,1
8057,SIDM00455,KIN001-266,1
8058,SIDM01045,KIN001-266,1
8059,SIDM00706,KIN001-266,1
8060,SIDM00121,KIN001-266,1
8061,SIDM00997,KIN001-266,1
8062,SIDM00403,KIN001-266,1
8063,SIDM00406,KIN001-266,1
8064,SIDM00272,KIN001-266,1
8065,SIDM00982,KIN001-266,1
8066,SIDM00886,KIN001-266,1
8067,SIDM00641,KIN001-266,1
8068,SIDM00477,KIN001-266,1
8069,SIDM00146,KIN001-266,1
8070,SIDM00457,KIN001-266,1
8071,SIDM01029,KIN001-266,1
8072,SIDM00330,KIN001-266,1
8073,SIDM00088,KIN001-266,1
8074,SIDM00391,KIN001-266,1
8075,SIDM00420,KIN001-266,1
8076,SIDM00946,KIN001-266,1
8077,SIDM00332,KIN001-266,1
8078,SIDM00285,KIN001-266,1
8079,SIDM00929,KIN001-266,1
8080,SIDM00990,KIN001-266,1
8081,SIDM01131,KIN001-266,1
8082,SIDM00402,KIN001-266,1
8083,SIDM00289,KIN001-266,1
8084,SIDM00413,KIN001-266,1
8085,SIDM01086,KIN001-266,1
8086,SIDM00442,KIN001-266,1
8087,SIDM00499,KIN001-266,1
8088,SIDM00327,KIN001-266,1
8089,SIDM00417,KIN001-266,1
8090,SIDM01042,KIN001-266,1
8091,SIDM00441,KIN001-266,1
8092,SIDM00401,KIN001-266,1
8093,SIDM01018,KIN001-266,1
8094,SIDM01172,KIN001-266,1
8095,SIDM00429,KIN001-266,1
8096,SIDM00999,KIN001-266,1
8097,SIDM00785,KIN001-266,1
8098,SIDM00461,KIN001-266,1
8099,SIDM01071,KIN001-266,1
8100,SIDM00346,KIN001-266,1
8101,SIDM01025,KIN001-266,1
8102,SIDM00410,KIN001-270,1
8103,SIDM00387,KIN001-270,1
8104,SIDM00931,KIN001-270,1
8105,SIDM01012,KIN001-270,1
8106,SIDM00403,KIN001-270,1
8107,SIDM00985,KIN001-270,1
8108,SIDM00940,KIN001-270,1
8109,SIDM00289,KIN001-270,1
8110,SIDM00947,KIN001-270,1
8111,SIDM00989,KIN001-270,1
8112,SIDM00934,KIN001-270,1
8113,SIDM00460,KIN001-270,1
8114,SIDM00088,KIN001-270,1
8115,SIDM01191,KIN001-270,1
8116,SIDM00404,KIN001-270,1
8117,SIDM01020,KIN001-270,1
8118,SIDM00499,KIN001-270,1
8119,SIDM00402,KIN001-270,1
8120,SIDM00345,KIN001-270,1
8121,SIDM00336,KIN001-270,1
8122,SIDM00661,KIN001-270,1
8123,SIDM00903,KIN001-270,1
8124,SIDM00671,KIN001-270,1
8125,SIDM00330,KIN001-270,1
8126,SIDM00433,KIN001-270,1
8127,SIDM00390,KIN001-270,1
8128,SIDM00954,KIN001-270,1
8129,SIDM00392,KIN001-270,1
8130,SIDM00308,KIN001-270,1
8131,SIDM01072,KIN001-270,1
8132,SIDM00286,KIN001-270,1
8133,SIDM00391,KIN001-270,1
8134,SIDM00448,KIN001-270,1
8135,SIDM00247,KIN001-270,1
8136,SIDM01004,KIN001-270,1
8137,SIDM01045,KIN001-270,1
8138,SIDM00401,KIN001-270,1
8139,SIDM00986,KIN001-270,1
8140,SIDM01131,KIN001-270,1
8141,SIDM00136,KIN001-270,1
8142,SIDM00526,KIN001-270,1
8143,SIDM00942,KIN001-270,1
8144,SIDM01057,KIN001-270,1
8145,SIDM00791,KIN001-270,1
8146,SIDM00341,KIN001-270,1
8147,SIDM00807,KIN001-270,1
8148,SIDM01002,KIN001-270,1
8149,SIDM01028,KIN001-270,1
8150,SIDM00939,KIN001-270,1
8151,SIDM00935,KIN001-270,1
8152,SIDM01047,KIN001-270,1
8153,SIDM00327,KIN001-270,1
8154,SIDM01003,KIN001-270,1
8155,SIDM00867,KIN001-270,1
8156,SIDM00434,KIN001-270,1
8157,SIDM00929,KIN001-270,1
8158,SIDM00441,KIN001-270,1
8159,SIDM00343,KIN001-270,1
8160,SIDM00121,KIN001-270,1
8161,SIDM00938,KIN001-270,1
8162,SIDM01131,KU-55933,1
8163,SIDM00428,KU-55933,1
8164,SIDM00953,KU-55933,1
8165,SIDM00146,KU-55933,1
8166,SIDM00671,KU-55933,1
8167,SIDM00247,KU-55933,1
8168,SIDM00657,KU-55933,1
8169,SIDM00407,KU-55933,1
8170,SIDM00937,KU-55933,1
8171,SIDM00145,KU-55933,1
8172,SIDM00829,KU-55933,1
8173,SIDM00433,KU-55933,1
8174,SIDM01172,KU-55933,1
8175,SIDM00286,KU-55933,1
8176,SIDM01012,KU-55933,1
8177,SIDM00289,KU-55933,1
8178,SIDM00783,KU-55933,1
8179,SIDM00406,KU-55933,1
8180,SIDM00403,KU-55933,1
8181,SIDM00417,KU-55933,1
8182,SIDM00641,KU-55933,1
8183,SIDM00404,KU-55933,1
8184,SIDM00954,KU-55933,1
8185,SIDM00479,KU-55933,1
8186,SIDM00332,KU-55933,1
8187,SIDM00447,KU-55933,1
8188,SIDM00401,KU-55933,1
8189,SIDM00438,KU-55933,1
8190,SIDM01033,KU-55933,1
8191,SIDM00148,KU-55933,1
8192,SIDM01034,KU-55933,1
8193,SIDM00446,KU-55933,1
8194,SIDM00313,KU-55933,1
8195,SIDM00429,KU-55933,1
8196,SIDM01154,KU-55933,1
8197,SIDM01110,KU-55933,1
8198,SIDM00962,KU-55933,1
8199,SIDM00900,KU-55933,1
8200,SIDM00477,KU-55933,1
8201,SIDM00341,KU-55933,1
8202,SIDM00961,KU-55933,1
8203,SIDM01103,KU-55933,1
8204,SIDM01003,KU-55933,1
8205,SIDM00944,KU-55933,1
8206,SIDM00462,KU-55933,1
8207,SIDM00907,KU-55933,1
8208,SIDM01068,KU-55933,1
8209,SIDM00867,KU-55933,1
8210,SIDM01025,KU-55933,1
8211,SIDM01027,KU-55933,1
8212,SIDM00342,KU-55933,1
8213,SIDM00330,KU-55933,1
8214,SIDM01067,KU-55933,1
8215,SIDM00990,KU-55933,1
8216,SIDM00421,KU-55933,1
8217,SIDM00402,KU-60019,1
8218,SIDM00438,KU-60019,1
8219,SIDM01064,KU-60019,1
8220,SIDM00289,KU-60019,1
8221,SIDM01026,KU-60019,1
8222,SIDM00120,KU-60019,1
8223,SIDM00483,KU-60019,1
8224,SIDM00983,KU-60019,1
8225,SIDM00515,KU-60019,1
8226,SIDM00997,KU-60019,1
8227,SIDM00441,KU-60019,1
8228,SIDM01107,KU-60019,1
8229,SIDM00706,KU-60019,1
8230,SIDM00404,KU-60019,1
8231,SIDM01020,KU-60019,1
8232,SIDM00661,KU-60019,1
8233,SIDM00284,KU-60019,1
8234,SIDM00628,KU-60019,1
8235,SIDM00988,KU-60019,1
8236,SIDM01002,KU-60019,1
8237,SIDM00986,KU-60019,1
8238,SIDM01059,KU-60019,1
8239,SIDM01103,KU-60019,1
8240,SIDM00632,KU-60019,1
8241,SIDM00330,KU-60019,1
8242,SIDM00405,KU-60019,1
8243,SIDM01031,KU-60019,1
8244,SIDM00949,KU-60019,1
8245,SIDM00832,KU-60019,1
8246,SIDM00927,KU-60019,1
8247,SIDM00287,KU-60019,1
8248,SIDM00989,KU-60019,1
8249,SIDM01004,KU-60019,1
8250,SIDM00395,KU-60019,1
8251,SIDM01067,KU-60019,1
8252,SIDM01179,KU-60019,1
8253,SIDM01045,KU-60019,1
8254,SIDM01027,KU-60019,1
8255,SIDM00415,KU-60019,1
8256,SIDM00928,KU-60019,1
8257,SIDM00807,KU-60019,1
8258,SIDM00453,KU-60019,1
8259,SIDM00389,KU-60019,1
8260,SIDM00907,KU-60019,1
8261,SIDM00421,KU-60019,1
8262,SIDM01131,KU-60019,1
8263,SIDM00451,KU-60019,1
8264,SIDM00896,KU-60019,1
8265,SIDM00339,KU-60019,1
8266,SIDM00936,KU-60019,1
8267,SIDM01036,KU-60019,1
8268,SIDM00412,KU-60019,1
8269,SIDM00985,KU-60019,1
8270,SIDM00346,KU-60019,1
8271,SIDM00900,KU-60019,1
8272,SIDM00828,KU-60019,1
8273,SIDM01019,KU-60019,1
8274,SIDM00145,KU-60019,1
8275,SIDM00479,Kobe2602,1
8276,SIDM00783,Kobe2602,1
8277,SIDM00412,Kobe2602,1
8278,SIDM00515,Kobe2602,1
8279,SIDM01060,Kobe2602,1
8280,SIDM00512,Kobe2602,1
8281,SIDM00415,Kobe2602,1
8282,SIDM00874,Kobe2602,1
8283,SIDM00929,Kobe2602,1
8284,SIDM00930,Kobe2602,1
8285,SIDM00934,Kobe2602,1
8286,SIDM00136,Kobe2602,1
8287,SIDM00982,Kobe2602,1
8288,SIDM00958,Kobe2602,1
8289,SIDM00327,Kobe2602,1
8290,SIDM00395,Kobe2602,1
8291,SIDM01034,Kobe2602,1
8292,SIDM00828,Kobe2602,1
8293,SIDM01004,Kobe2602,1
8294,SIDM00461,Kobe2602,1
8295,SIDM00964,Kobe2602,1
8296,SIDM01066,Kobe2602,1
8297,SIDM00983,Kobe2602,1
8298,SIDM00434,Kobe2602,1
8299,SIDM00345,Kobe2602,1
8300,SIDM00981,Kobe2602,1
8301,SIDM00940,Kobe2602,1
8302,SIDM00580,Kobe2602,1
8303,SIDM00417,Kobe2602,1
8304,SIDM00421,Kobe2602,1
8305,SIDM00637,Kobe2602,1
8306,SIDM00401,Kobe2602,1
8307,SIDM00989,Kobe2602,1
8308,SIDM00994,Kobe2602,1
8309,SIDM00927,Kobe2602,1
8310,SIDM00457,Kobe2602,1
8311,SIDM00460,Kobe2602,1
8312,SIDM00896,Kobe2602,1
8313,SIDM00985,Kobe2602,1
8314,SIDM01076,Kobe2602,1
8315,SIDM00451,Kobe2602,1
8316,SIDM01048,Kobe2602,1
8317,SIDM00337,Kobe2602,1
8318,SIDM00088,Kobe2602,1
8319,SIDM00405,Kobe2602,1
8320,SIDM01027,Kobe2602,1
8321,SIDM00407,Kobe2602,1
8322,SIDM01131,Kobe2602,1
8323,SIDM01043,Kobe2602,1
8324,SIDM00987,Kobe2602,1
8325,SIDM00789,Kobe2602,1
8326,SIDM01176,Kobe2602,1
8327,SIDM00391,Kobe2602,1
8328,SIDM00335,Kobe2602,1
8329,SIDM00333,Kobe2602,1
8330,SIDM00927,LCL161,1
8331,SIDM01026,LCL161,1
8332,SIDM01131,LCL161,1
8333,SIDM00985,LCL161,1
8334,SIDM00783,LCL161,1
8335,SIDM00343,LCL161,1
8336,SIDM00389,LCL161,1
8337,SIDM01072,LCL161,1
8338,SIDM00928,LCL161,1
8339,SIDM00798,LCL161,1
8340,SIDM01015,LCL161,1
8341,SIDM00227,LCL161,1
8342,SIDM01003,LCL161,1
8343,SIDM00938,LCL161,1
8344,SIDM01013,LCL161,1
8345,SIDM00395,LCL161,1
8346,SIDM00628,LCL161,1
8347,SIDM01103,LCL161,1
8348,SIDM00886,LCL161,1
8349,SIDM00120,LCL161,1
8350,SIDM01218,LCL161,1
8351,SIDM00943,LCL161,1
8352,SIDM00097,LCL161,1
8353,SIDM01067,LCL161,1
8354,SIDM00289,LCL161,1
8355,SIDM00785,LCL161,1
8356,SIDM00087,LCL161,1
8357,SIDM00403,LCL161,1
8358,SIDM00499,LCL161,1
8359,SIDM00479,LCL161,1
8360,SIDM00954,LCL161,1
8361,SIDM00988,LCL161,1
8362,SIDM00993,LCL161,1
8363,SIDM01056,LCL161,1
8364,SIDM00401,LCL161,1
8365,SIDM00424,LCL161,1
8366,SIDM00443,LCL161,1
8367,SIDM00404,LCL161,1
8368,SIDM00964,LCL161,1
8369,SIDM00336,LCL161,1
8370,SIDM00455,LCL161,1
8371,SIDM00342,LCL161,1
8372,SIDM01058,LCL161,1
8373,SIDM01034,LCL161,1
8374,SIDM00136,LCL161,1
8375,SIDM01172,LCL161,1
8376,SIDM01066,LCL161,1
8377,SIDM00412,LCL161,1
8378,SIDM00477,LCL161,1
8379,SIDM00337,LCL161,1
8380,SIDM00407,LCL161,1
8381,SIDM00333,LCL161,1
8382,SIDM00148,LCL161,1
8383,SIDM00934,LCL161,1
8384,SIDM01176,LCL161,1
8385,SIDM00946,LCL161,1
8386,SIDM00345,LDN-193189,1
8387,SIDM00985,LDN-193189,1
8388,SIDM00389,LDN-193189,1
8389,SIDM00437,LDN-193189,1
8390,SIDM00785,LDN-193189,1
8391,SIDM01025,LDN-193189,1
8392,SIDM00933,LDN-193189,1
8393,SIDM00886,LDN-193189,1
8394,SIDM00867,LDN-193189,1
8395,SIDM00247,LDN-193189,1
8396,SIDM00340,LDN-193189,1
8397,SIDM00339,LDN-193189,1
8398,SIDM01027,LDN-193189,1
8399,SIDM00388,LDN-193189,1
8400,SIDM01030,LDN-193189,1
8401,SIDM01013,LDN-193189,1
8402,SIDM01015,LDN-193189,1
8403,SIDM00982,LDN-193189,1
8404,SIDM01059,LDN-193189,1
8405,SIDM00312,LDN-193189,1
8406,SIDM00963,LDN-193189,1
8407,SIDM00404,LDN-193189,1
8408,SIDM01172,LDN-193189,1
8409,SIDM00928,LDN-193189,1
8410,SIDM00810,LDN-193189,1
8411,SIDM01031,LDN-193189,1
8412,SIDM01131,LDN-193189,1
8413,SIDM00927,LDN-193189,1
8414,SIDM00997,LDN-193189,1
8415,SIDM00431,LDN-193189,1
8416,SIDM00937,LDN-193189,1
8417,SIDM00930,LDN-193189,1
8418,SIDM00423,LDN-193189,1
8419,SIDM00136,LDN-193189,1
8420,SIDM00986,LDN-193189,1
8421,SIDM00390,LDN-193189,1
8422,SIDM00983,LDN-193189,1
8423,SIDM01154,LDN-193189,1
8424,SIDM00941,LDN-193189,1
8425,SIDM00421,LDN-193189,1
8426,SIDM00657,LDN-193189,1
8427,SIDM00396,LDN-193189,1
8428,SIDM01064,LDN-193189,1
8429,SIDM00936,LDN-193189,1
8430,SIDM01051,LDN-193189,1
8431,SIDM00343,LDN-193189,1
8432,SIDM00661,LDN-193189,1
8433,SIDM01191,LDN-193189,1
8434,SIDM00097,LDN-193189,1
8435,SIDM01110,LDN-193189,1
8436,SIDM00428,LDN-193189,1
8437,SIDM00988,LDN-193189,1
8438,SIDM01057,LDN-193189,1
8439,SIDM00422,LDN-193189,1
8440,SIDM00329,LDN-193189,1
8441,SIDM00449,LDN-193189,1
8442,SIDM00426,LDN-193189,1
8443,SIDM00087,LDN-193189,1
8444,SIDM00948,LDN-193189,1
8445,SIDM01034,LDN-193189,1
8446,SIDM01089,LDN-193189,1
8447,SIDM01058,LDN-193189,1
8448,SIDM01179,LDN-193189,1
8449,SIDM01020,LDN-193189,1
8450,SIDM00124,LDN-193189,1
8451,SIDM00401,LDN-193189,1
8452,SIDM01004,LDN-193189,1
8453,SIDM01052,LDN-193189,1
8454,SIDM00935,LDN-193189,1
8455,SIDM00334,LDN-193189,1
8456,SIDM00957,LDN-193189,1
8457,SIDM00415,LDN-193189,1
8458,SIDM00335,LDN-193189,1
8459,SIDM00989,LDN-193189,1
8460,SIDM00994,LDN-193189,1
8461,SIDM00416,LDN-193189,1
8462,SIDM00406,LDN-193189,1
8463,SIDM00930,LFM-A13,1
8464,SIDM00954,LFM-A13,1
8465,SIDM00087,LFM-A13,1
8466,SIDM00936,LFM-A13,1
8467,SIDM01024,LFM-A13,1
8468,SIDM00443,LFM-A13,1
8469,SIDM00903,LFM-A13,1
8470,SIDM00336,LFM-A13,1
8471,SIDM00657,LFM-A13,1
8472,SIDM01069,LFM-A13,1
8473,SIDM01154,LFM-A13,1
8474,SIDM00428,LFM-A13,1
8475,SIDM00437,LFM-A13,1
8476,SIDM01001,LFM-A13,1
8477,SIDM01033,LFM-A13,1
8478,SIDM00706,LFM-A13,1
8479,SIDM00791,LFM-A13,1
8480,SIDM00313,LFM-A13,1
8481,SIDM00312,LFM-A13,1
8482,SIDM00907,LFM-A13,1
8483,SIDM01073,LFM-A13,1
8484,SIDM00227,LFM-A13,1
8485,SIDM00341,LFM-A13,1
8486,SIDM00943,LFM-A13,1
8487,SIDM00950,LFM-A13,1
8488,SIDM00983,LFM-A13,1
8489,SIDM00999,LFM-A13,1
8490,SIDM00308,LFM-A13,1
8491,SIDM00447,LFM-A13,1
8492,SIDM00337,LFM-A13,1
8493,SIDM01003,LFM-A13,1
8494,SIDM00451,LFM-A13,1
8495,SIDM00860,LFM-A13,1
8496,SIDM00671,LFM-A13,1
8497,SIDM00334,LFM-A13,1
8498,SIDM00940,LFM-A13,1
8499,SIDM01071,LFM-A13,1
8500,SIDM01012,LFM-A13,1
8501,SIDM01060,LFM-A13,1
8502,SIDM00939,LFM-A13,1
8503,SIDM00783,LFM-A13,1
8504,SIDM00401,LFM-A13,1
8505,SIDM00419,LFM-A13,1
8506,SIDM00951,LFM-A13,1
8507,SIDM00327,LFM-A13,1
8508,SIDM01085,LFM-A13,1
8509,SIDM00338,LFM-A13,1
8510,SIDM01042,LFM-A13,1
8511,SIDM01172,LGK974,1
8512,SIDM01023,LGK974,1
8513,SIDM01019,LGK974,1
8514,SIDM00403,LGK974,1
8515,SIDM00964,LGK974,1
8516,SIDM00828,LGK974,1
8517,SIDM01003,LGK974,1
8518,SIDM00907,LGK974,1
8519,SIDM00448,LGK974,1
8520,SIDM01073,LGK974,1
8521,SIDM01057,LGK974,1
8522,SIDM00428,LGK974,1
8523,SIDM00272,LGK974,1
8524,SIDM00989,LGK974,1
8525,SIDM00874,LGK974,1
8526,SIDM00985,LGK974,1
8527,SIDM00962,LGK974,1
8528,SIDM01060,LGK974,1
8529,SIDM00405,LGK974,1
8530,SIDM00426,LGK974,1
8531,SIDM01031,LGK974,1
8532,SIDM00424,LGK974,1
8533,SIDM00429,LGK974,1
8534,SIDM00389,LGK974,1
8535,SIDM00337,LGK974,1
8536,SIDM01034,LGK974,1
8537,SIDM01086,LGK974,1
8538,SIDM00810,LGK974,1
8539,SIDM01020,LGK974,1
8540,SIDM00785,LGK974,1
8541,SIDM00791,LGK974,1
8542,SIDM01009,LGK974,1
8543,SIDM00483,LGK974,1
8544,SIDM00987,LGK974,1
8545,SIDM00136,LGK974,1
8546,SIDM00419,LGK974,1
8547,SIDM00336,LGK974,1
8548,SIDM01042,LGK974,1
8549,SIDM00886,LGK974,1
8550,SIDM00421,LGK974,1
8551,SIDM00933,LGK974,1
8552,SIDM00410,LGK974,1
8553,SIDM00860,LIMK1 inhibitor BMS4,1
8554,SIDM01028,LIMK1 inhibitor BMS4,1
8555,SIDM00594,LIMK1 inhibitor BMS4,1
8556,SIDM00810,LIMK1 inhibitor BMS4,1
8557,SIDM00148,LIMK1 inhibitor BMS4,1
8558,SIDM01036,LIMK1 inhibitor BMS4,1
8559,SIDM00999,LIMK1 inhibitor BMS4,1
8560,SIDM00458,LIMK1 inhibitor BMS4,1
8561,SIDM00426,LIMK1 inhibitor BMS4,1
8562,SIDM01001,LIMK1 inhibitor BMS4,1
8563,SIDM00951,LIMK1 inhibitor BMS4,1
8564,SIDM00896,LIMK1 inhibitor BMS4,1
8565,SIDM00434,LIMK1 inhibitor BMS4,1
8566,SIDM00933,LIMK1 inhibitor BMS4,1
8567,SIDM01103,LIMK1 inhibitor BMS4,1
8568,SIDM01064,LIMK1 inhibitor BMS4,1
8569,SIDM00404,LIMK1 inhibitor BMS4,1
8570,SIDM00477,LIMK1 inhibitor BMS4,1
8571,SIDM01060,LIMK1 inhibitor BMS4,1
8572,SIDM00929,LIMK1 inhibitor BMS4,1
8573,SIDM01111,LIMK1 inhibitor BMS4,1
8574,SIDM00415,LIMK1 inhibitor BMS4,1
8575,SIDM01025,LIMK1 inhibitor BMS4,1
8576,SIDM00798,LIMK1 inhibitor BMS4,1
8577,SIDM00661,LIMK1 inhibitor BMS4,1
8578,SIDM00424,LIMK1 inhibitor BMS4,1
8579,SIDM00419,LIMK1 inhibitor BMS4,1
8580,SIDM01023,LIMK1 inhibitor BMS4,1
8581,SIDM01062,LIMK1 inhibitor BMS4,1
8582,SIDM00483,LIMK1 inhibitor BMS4,1
8583,SIDM00420,LIMK1 inhibitor BMS4,1
8584,SIDM00990,LIMK1 inhibitor BMS4,1
8585,SIDM00957,LIMK1 inhibitor BMS4,1
8586,SIDM00341,LIMK1 inhibitor BMS4,1
8587,SIDM00451,LIMK1 inhibitor BMS4,1
8588,SIDM01072,LIMK1 inhibitor BMS4,1
8589,SIDM00145,LIMK1 inhibitor BMS4,1
8590,SIDM01131,LIMK1 inhibitor BMS4,1
8591,SIDM00949,LIMK1 inhibitor BMS4,1
8592,SIDM00930,LIMK1 inhibitor BMS4,1
8593,SIDM01248,LIMK1 inhibitor BMS4,1
8594,SIDM00410,LIMK1 inhibitor BMS4,1
8595,SIDM00980,LIMK1 inhibitor BMS4,1
8596,SIDM00927,LIMK1 inhibitor BMS4,1
8597,SIDM00336,LIMK1 inhibitor BMS4,1
8598,SIDM00867,LIMK1 inhibitor BMS4,1
8599,SIDM00935,LIMK1 inhibitor BMS4,1
8600,SIDM01004,LIMK1 inhibitor BMS4,1
8601,SIDM00934,LIMK1 inhibitor BMS4,1
8602,SIDM01048,LIMK1 inhibitor BMS4,1
8603,SIDM00437,LIMK1 inhibitor BMS4,1
8604,SIDM00441,LIMK1 inhibitor BMS4,1
8605,SIDM00983,LIMK1 inhibitor BMS4,1
8606,SIDM00985,LIMK1 inhibitor BMS4,1
8607,SIDM01089,LIMK1 inhibitor BMS4,1
8608,SIDM00342,LIMK1 inhibitor BMS4,1
8609,SIDM00953,LIMK1 inhibitor BMS4,1
8610,SIDM00412,LIMK1 inhibitor BMS4,1
8611,SIDM00874,LIMK1 inhibitor BMS4,1
8612,SIDM00785,LIMK1 inhibitor BMS4,1
8613,SIDM00145,Lapatinib,1
8614,SIDM00985,Lapatinib,1
8615,SIDM00407,Lapatinib,1
8616,SIDM00339,Lapatinib,1
8617,SIDM01064,Lapatinib,1
8618,SIDM00388,Lapatinib,1
8619,SIDM00423,Lapatinib,1
8620,SIDM00981,Lapatinib,1
8621,SIDM00405,Lapatinib,1
8622,SIDM01026,Lenalidomide,1
8623,SIDM00284,Lenalidomide,1
8624,SIDM00415,Lenalidomide,1
8625,SIDM00785,Lenalidomide,1
8626,SIDM00247,Lenalidomide,1
8627,SIDM00958,Lenalidomide,1
8628,SIDM00941,Lenalidomide,1
8629,SIDM01029,Lenalidomide,1
8630,SIDM01069,Lenalidomide,1
8631,SIDM00988,Lenalidomide,1
8632,SIDM01020,Lenalidomide,1
8633,SIDM01148,Lenalidomide,1
8634,SIDM00939,Lenalidomide,1
8635,SIDM01111,Lenalidomide,1
8636,SIDM01018,Lenalidomide,1
8637,SIDM01179,Lenalidomide,1
8638,SIDM01003,Lenalidomide,1
8639,SIDM01030,Lenalidomide,1
8640,SIDM00954,Lenalidomide,1
8641,SIDM00120,Lenalidomide,1
8642,SIDM00308,Lenalidomide,1
8643,SIDM00416,Lenalidomide,1
8644,SIDM00434,Lenalidomide,1
8645,SIDM00463,Lenalidomide,1
8646,SIDM00936,Lenalidomide,1
8647,SIDM00422,Lenalidomide,1
8648,SIDM00395,Lenalidomide,1
8649,SIDM00313,Lenalidomide,1
8650,SIDM00932,Lenalidomide,1
8651,SIDM00411,Lenalidomide,1
8652,SIDM01027,Lenalidomide,1
8653,SIDM01009,Lenalidomide,1
8654,SIDM01218,Lenalidomide,1
8655,SIDM01064,Lenalidomide,1
8656,SIDM01015,Lenalidomide,1
8657,SIDM00706,Lenalidomide,1
8658,SIDM01019,Lenalidomide,1
8659,SIDM00346,Lenalidomide,1
8660,SIDM00985,Lenalidomide,1
8661,SIDM01024,Lenalidomide,1
8662,SIDM00657,Lenalidomide,1
8663,SIDM00953,Lenalidomide,1
8664,SIDM00451,Lenalidomide,1
8665,SIDM00479,Lenalidomide,1
8666,SIDM00401,Lenalidomide,1
8667,SIDM00963,Lenalidomide,1
8668,SIDM00327,Lenalidomide,1
8669,SIDM00433,Lenalidomide,1
8670,SIDM01040,Lenalidomide,1
8671,SIDM00330,Lenalidomide,1
8672,SIDM00121,Lenalidomide,1
8673,SIDM01038,Lenalidomide,1
8674,SIDM01103,Lenalidomide,1
8675,SIDM00943,Lenalidomide,1
8676,SIDM01086,Lenalidomide,1
8677,SIDM00333,Lenalidomide,1
8678,SIDM00286,Lestaurtinib,1
8679,SIDM01055,Lestaurtinib,1
8680,SIDM00461,Lestaurtinib,1
8681,SIDM01009,Lestaurtinib,1
8682,SIDM01067,Lestaurtinib,1
8683,SIDM00454,Lestaurtinib,1
8684,SIDM00433,Lestaurtinib,1
8685,SIDM00335,Lestaurtinib,1
8686,SIDM00395,Lestaurtinib,1
8687,SIDM00832,Lestaurtinib,1
8688,SIDM00997,Lestaurtinib,1
8689,SIDM00706,Lestaurtinib,1
8690,SIDM01060,Lestaurtinib,1
8691,SIDM00867,Lestaurtinib,1
8692,SIDM00948,Lestaurtinib,1
8693,SIDM00407,Lestaurtinib,1
8694,SIDM00807,Lestaurtinib,1
8695,SIDM00227,Lestaurtinib,1
8696,SIDM01042,Lestaurtinib,1
8697,SIDM00981,Lestaurtinib,1
8698,SIDM01029,Lestaurtinib,1
8699,SIDM01049,Lestaurtinib,1
8700,SIDM00996,Lestaurtinib,1
8701,SIDM01038,Lestaurtinib,1
8702,SIDM00394,Lestaurtinib,1
8703,SIDM00417,Lestaurtinib,1
8704,SIDM00993,Lestaurtinib,1
8705,SIDM01131,Lestaurtinib,1
8706,SIDM00438,Lestaurtinib,1
8707,SIDM00810,Lestaurtinib,1
8708,SIDM00957,Lestaurtinib,1
8709,SIDM00798,Lestaurtinib,1
8710,SIDM01057,Lestaurtinib,1
8711,SIDM01031,Lestaurtinib,1
8712,SIDM00437,Lestaurtinib,1
8713,SIDM01019,Lestaurtinib,1
8714,SIDM00405,Lestaurtinib,1
8715,SIDM00989,Lestaurtinib,1
8716,SIDM00874,Lestaurtinib,1
8717,SIDM00419,Lestaurtinib,1
8718,SIDM00401,Lestaurtinib,1
8719,SIDM01001,Lestaurtinib,1
8720,SIDM00426,Lestaurtinib,1
8721,SIDM01048,Lestaurtinib,1
8722,SIDM00783,Lestaurtinib,1
8723,SIDM01045,Lestaurtinib,1
8724,SIDM00952,Lestaurtinib,1
8725,SIDM00499,Lestaurtinib,1
8726,SIDM00404,Lestaurtinib,1
8727,SIDM00928,Lestaurtinib,1
8728,SIDM00339,Lestaurtinib,1
8729,SIDM00483,Lestaurtinib,1
8730,SIDM00442,Lestaurtinib,1
8731,SIDM00333,Lestaurtinib,1
8732,SIDM00443,Lestaurtinib,1
8733,SIDM00632,Lestaurtinib,1
8734,SIDM00461,Linifanib,1
8735,SIDM00342,Linifanib,1
8736,SIDM01076,Linifanib,1
8737,SIDM00431,Linifanib,1
8738,SIDM00947,Linifanib,1
8739,SIDM01033,Linsitinib,1
8740,SIDM00284,Linsitinib,1
8741,SIDM01060,Linsitinib,1
8742,SIDM00337,Linsitinib,1
8743,SIDM00411,Linsitinib,1
8744,SIDM00426,Linsitinib,1
8745,SIDM00407,Linsitinib,1
8746,SIDM00807,Linsitinib,1
8747,SIDM01056,Linsitinib,1
8748,SIDM00121,Linsitinib,1
8749,SIDM00417,Linsitinib,1
8750,SIDM00983,Linsitinib,1
8751,SIDM00829,Linsitinib,1
8752,SIDM01191,Linsitinib,1
8753,SIDM00403,Linsitinib,1
8754,SIDM00227,Linsitinib,1
8755,SIDM00336,Linsitinib,1
8756,SIDM00434,Linsitinib,1
8757,SIDM00341,Linsitinib,1
8758,SIDM00512,Linsitinib,1
8759,SIDM01062,Linsitinib,1
8760,SIDM01002,Linsitinib,1
8761,SIDM01066,Linsitinib,1
8762,SIDM01023,Linsitinib,1
8763,SIDM00929,Linsitinib,1
8764,SIDM00286,Linsitinib,1
8765,SIDM00339,Linsitinib,1
8766,SIDM00903,Linsitinib,1
8767,SIDM00947,Linsitinib,1
8768,SIDM01003,Linsitinib,1
8769,SIDM00392,Linsitinib,1
8770,SIDM01067,Linsitinib,1
8771,SIDM00441,Linsitinib,1
8772,SIDM00446,Luminespib,1
8773,SIDM00097,Luminespib,1
8774,SIDM00287,Luminespib,1
8775,SIDM00828,Luminespib,1
8776,SIDM00391,Luminespib,1
8777,SIDM01034,Luminespib,1
8778,SIDM00632,Luminespib,1
8779,SIDM00313,Luminespib,1
8780,SIDM00431,Luminespib,1
8781,SIDM01032,Luminespib,1
8782,SIDM00088,Luminespib,1
8783,SIDM00987,Luminespib,1
8784,SIDM00426,Luminespib,1
8785,SIDM01031,Luminespib,1
8786,SIDM00284,Luminespib,1
8787,SIDM00895,Luminespib,1
8788,SIDM00791,Luminespib,1
8789,SIDM00387,Luminespib,1
8790,SIDM01036,Luminespib,1
8791,SIDM00402,Luminespib,1
8792,SIDM00121,Luminespib,1
8793,SIDM00420,Luminespib,1
8794,SIDM00999,Luminespib,1
8795,SIDM00312,Luminespib,1
8796,SIDM00477,Luminespib,1
8797,SIDM00927,Luminespib,1
8798,SIDM00526,Luminespib,1
8799,SIDM00453,Luminespib,1
8800,SIDM00424,Luminespib,1
8801,SIDM01062,Luminespib,1
8802,SIDM00807,Luminespib,1
8803,SIDM00946,Luminespib,1
8804,SIDM00949,Luminespib,1
8805,SIDM00829,Luminespib,1
8806,SIDM01248,Luminespib,1
8807,SIDM00980,Luminespib,1
8808,SIDM01028,Luminespib,1
8809,SIDM00333,Luminespib,1
8810,SIDM01018,Luminespib,1
8811,SIDM01218,Luminespib,1
8812,SIDM00339,Luminespib,1
8813,SIDM00148,Luminespib,1
8814,SIDM00341,Luminespib,1
8815,SIDM01049,Luminespib,1
8816,SIDM01179,Luminespib,1
8817,SIDM01069,Luminespib,1
8818,SIDM00939,Luminespib,1
8819,SIDM00227,Luminespib,1
8820,SIDM01033,Luminespib,1
8821,SIDM00460,Luminespib,1
8822,SIDM00515,Luminespib,1
8823,SIDM00145,Luminespib,1
8824,SIDM01071,Luminespib,1
8825,SIDM01027,Luminespib,1
8826,SIDM00401,Luminespib,1
8827,SIDM00410,Luminespib,1
8828,SIDM00451,Luminespib,1
8829,SIDM01082,Luminespib,1
8830,SIDM00943,Luminespib,1
8831,SIDM00415,Luminespib,1
8832,SIDM00798,Luminespib,1
8833,SIDM00860,Luminespib,1
8834,SIDM01003,Luminespib,1
8835,SIDM00671,MG-132,1
8836,SIDM00312,MG-132,1
8837,SIDM01036,MG-132,1
8838,SIDM00461,MG-132,1
8839,SIDM00515,MG-132,1
8840,SIDM00437,MG-132,1
8841,SIDM00329,MG-132,1
8842,SIDM00121,MG-132,1
8843,SIDM01248,MG-132,1
8844,SIDM00927,MG-132,1
8845,SIDM00429,MG-132,1
8846,SIDM01058,MG-132,1
8847,SIDM00419,MG-132,1
8848,SIDM00407,MG-132,1
8849,SIDM00458,MG-132,1
8850,SIDM00938,MG-132,1
8851,SIDM01179,MG-132,1
8852,SIDM00657,MG-132,1
8853,SIDM00339,MG-132,1
8854,SIDM00944,MG-132,1
8855,SIDM01076,MG-132,1
8856,SIDM00227,MG-132,1
8857,SIDM00415,MG-132,1
8858,SIDM00424,MG-132,1
8859,SIDM01009,MG-132,1
8860,SIDM01131,MG-132,1
8861,SIDM00791,MG-132,1
8862,SIDM01019,MIM1,1
8863,SIDM01052,MIM1,1
8864,SIDM01248,MIM1,1
8865,SIDM01073,MIM1,1
8866,SIDM01069,MIM1,1
8867,SIDM01027,MIM1,1
8868,SIDM00448,MIM1,1
8869,SIDM00431,MIM1,1
8870,SIDM00339,MIM1,1
8871,SIDM01191,MIM1,1
8872,SIDM00988,MIM1,1
8873,SIDM00963,MIM1,1
8874,SIDM00950,MIM1,1
8875,SIDM00343,MIM1,1
8876,SIDM00423,MIM1,1
8877,SIDM00637,MIM1,1
8878,SIDM01086,MIM1,1
8879,SIDM00987,MIM1,1
8880,SIDM00526,MIM1,1
8881,SIDM00392,MIM1,1
8882,SIDM00829,MIM1,1
8883,SIDM00940,MIM1,1
8884,SIDM01068,MIM1,1
8885,SIDM00479,MIM1,1
8886,SIDM00929,MIM1,1
8887,SIDM01033,MIM1,1
8888,SIDM00412,MIM1,1
8889,SIDM00632,MIM1,1
8890,SIDM01154,MIM1,1
8891,SIDM00791,MIM1,1
8892,SIDM00983,MIM1,1
8893,SIDM00380,MIM1,1
8894,SIDM00410,MIM1,1
8895,SIDM00429,MIM1,1
8896,SIDM00957,MIM1,1
8897,SIDM01067,MIM1,1
8898,SIDM01049,MIM1,1
8899,SIDM00515,MIM1,1
8900,SIDM00946,MIM1,1
8901,SIDM01087,MIM1,1
8902,SIDM00434,MIM1,1
8903,SIDM01131,MIM1,1
8904,SIDM00927,MIM1,1
8905,SIDM00428,MIM1,1
8906,SIDM00939,MIM1,1
8907,SIDM00886,MIM1,1
8908,SIDM00289,MIM1,1
8909,SIDM00433,MIM1,1
8910,SIDM00449,MIM1,1
8911,SIDM00455,MIM1,1
8912,SIDM00580,MIM1,1
8913,SIDM01012,MIM1,1
8914,SIDM00512,MIM1,1
8915,SIDM00994,MIM1,1
8916,SIDM00990,MIM1,1
8917,SIDM00947,MIM1,1
8918,SIDM00148,MK-2206,1
8919,SIDM00421,MK-2206,1
8920,SIDM00448,MK-2206,1
8921,SIDM00419,MK-2206,1
8922,SIDM01001,MK-2206,1
8923,SIDM00428,MK-2206,1
8924,SIDM00454,MK-2206,1
8925,SIDM00463,MK-2206,1
8926,SIDM00874,MK-2206,1
8927,SIDM00860,MK-2206,1
8928,SIDM00388,MK-2206,1
8929,SIDM01023,MK-2206,1
8930,SIDM01042,MK-2206,1
8931,SIDM00337,MK-2206,1
8932,SIDM00434,MK-2206,1
8933,SIDM00284,MK-2206,1
8934,SIDM00931,MK-2206,1
8935,SIDM00415,MK-2206,1
8936,SIDM00983,MK-2206,1
8937,SIDM00963,MK-2206,1
8938,SIDM00389,MK-2206,1
8939,SIDM01148,MK-2206,1
8940,SIDM00953,MK-2206,1
8941,SIDM00387,MK-2206,1
8942,SIDM01029,MK-2206,1
8943,SIDM00416,MK-2206,1
8944,SIDM01073,MK-2206,1
8945,SIDM00942,MK-2206,1
8946,SIDM00632,MK-2206,1
8947,SIDM00438,MK-2206,1
8948,SIDM00272,MK-2206,1
8949,SIDM01172,MK-2206,1
8950,SIDM01047,MK-2206,1
8951,SIDM00987,MK-2206,1
8952,SIDM00981,MK-2206,1
8953,SIDM00948,MK-2206,1
8954,SIDM00402,MK-2206,1
8955,SIDM01002,MK-2206,1
8956,SIDM00930,MK-2206,1
8957,SIDM00329,MK-2206,1
8958,SIDM00934,MK-2206,1
8959,SIDM00343,MK-2206,1
8960,SIDM00413,MK-2206,1
8961,SIDM00447,MK-2206,1
8962,SIDM00345,MK-2206,1
8963,SIDM00896,MK-2206,1
8964,SIDM00339,MK-2206,1
8965,SIDM00335,MK-2206,1
8966,SIDM00431,MK-2206,1
8967,SIDM00424,MK-2206,1
8968,SIDM00443,MK-2206,1
8969,SIDM01248,MK-2206,1
8970,SIDM00462,MK-2206,1
8971,SIDM00671,MK-2206,1
8972,SIDM00422,MK-2206,1
8973,SIDM00940,MK-2206,1
8974,SIDM00785,MK-2206,1
8975,SIDM00429,MK-2206,1
8976,SIDM00410,MPS-1-IN-1,1
8977,SIDM01103,MPS-1-IN-1,1
8978,SIDM00946,MPS-1-IN-1,1
8979,SIDM01085,MPS-1-IN-1,1
8980,SIDM00867,MPS-1-IN-1,1
8981,SIDM01051,MPS-1-IN-1,1
8982,SIDM00415,MPS-1-IN-1,1
8983,SIDM01057,MPS-1-IN-1,1
8984,SIDM00983,MPS-1-IN-1,1
8985,SIDM00785,MPS-1-IN-1,1
8986,SIDM00448,MPS-1-IN-1,1
8987,SIDM00344,MPS-1-IN-1,1
8988,SIDM00334,MPS-1-IN-1,1
8989,SIDM00247,MPS-1-IN-1,1
8990,SIDM00944,MPS-1-IN-1,1
8991,SIDM00405,MPS-1-IN-1,1
8992,SIDM00526,MPS-1-IN-1,1
8993,SIDM00402,MPS-1-IN-1,1
8994,SIDM00791,MPS-1-IN-1,1
8995,SIDM00389,MPS-1-IN-1,1
8996,SIDM00339,MPS-1-IN-1,1
8997,SIDM00450,MPS-1-IN-1,1
8998,SIDM00936,MPS-1-IN-1,1
8999,SIDM00285,MPS-1-IN-1,1
9000,SIDM01004,MPS-1-IN-1,1
9001,SIDM00874,MPS-1-IN-1,1
9002,SIDM00438,MPS-1-IN-1,1
9003,SIDM01069,MPS-1-IN-1,1
9004,SIDM00938,MPS-1-IN-1,1
9005,SIDM00329,MPS-1-IN-1,1
9006,SIDM01131,MPS-1-IN-1,1
9007,SIDM00391,MPS-1-IN-1,1
9008,SIDM01176,MPS-1-IN-1,1
9009,SIDM00886,MPS-1-IN-1,1
9010,SIDM00940,MPS-1-IN-1,1
9011,SIDM00671,MPS-1-IN-1,1
9012,SIDM00403,MPS-1-IN-1,1
9013,SIDM01047,MPS-1-IN-1,1
9014,SIDM00934,MPS-1-IN-1,1
9015,SIDM01030,MPS-1-IN-1,1
9016,SIDM00346,MPS-1-IN-1,1
9017,SIDM01027,MPS-1-IN-1,1
9018,SIDM00903,MPS-1-IN-1,1
9019,SIDM00980,MPS-1-IN-1,1
9020,SIDM00411,MPS-1-IN-1,1
9021,SIDM00641,MPS-1-IN-1,1
9022,SIDM00986,MPS-1-IN-1,1
9023,SIDM00461,MPS-1-IN-1,1
9024,SIDM00999,MPS-1-IN-1,1
9025,SIDM01036,MPS-1-IN-1,1
9026,SIDM01067,MPS-1-IN-1,1
9027,SIDM00515,MPS-1-IN-1,1
9028,SIDM01032,MPS-1-IN-1,1
9029,SIDM01060,MPS-1-IN-1,1
9030,SIDM00284,MPS-1-IN-1,1
9031,SIDM00989,MPS-1-IN-1,1
9032,SIDM00477,MPS-1-IN-1,1
9033,SIDM00344,Masitinib,1
9034,SIDM00828,Masitinib,1
9035,SIDM00942,Masitinib,1
9036,SIDM01026,Masitinib,1
9037,SIDM00995,Masitinib,1
9038,SIDM00332,Masitinib,1
9039,SIDM01033,Masitinib,1
9040,SIDM00388,Masitinib,1
9041,SIDM01023,Masitinib,1
9042,SIDM00896,Masitinib,1
9043,SIDM00272,Masitinib,1
9044,SIDM00342,Masitinib,1
9045,SIDM01082,Masitinib,1
9046,SIDM00499,Masitinib,1
9047,SIDM01040,Masitinib,1
9048,SIDM00980,Masitinib,1
9049,SIDM00386,Masitinib,1
9050,SIDM00990,Masitinib,1
9051,SIDM00411,Masitinib,1
9052,SIDM00391,Masitinib,1
9053,SIDM00426,Masitinib,1
9054,SIDM00419,Masitinib,1
9055,SIDM01057,Masitinib,1
9056,SIDM01103,Masitinib,1
9057,SIDM01032,Masitinib,1
9058,SIDM00949,Masitinib,1
9059,SIDM00867,Masitinib,1
9060,SIDM01047,Masitinib,1
9061,SIDM00798,Masitinib,1
9062,SIDM00227,Masitinib,1
9063,SIDM01025,Masitinib,1
9064,SIDM00860,Masitinib,1
9065,SIDM00996,Masitinib,1
9066,SIDM00136,Masitinib,1
9067,SIDM00453,Masitinib,1
9068,SIDM00330,Masitinib,1
9069,SIDM01154,Masitinib,1
9070,SIDM00939,Masitinib,1
9071,SIDM00394,Masitinib,1
9072,SIDM01059,Masitinib,1
9073,SIDM01131,Masitinib,1
9074,SIDM00985,Masitinib,1
9075,SIDM00951,Masitinib,1
9076,SIDM01027,Masitinib,1
9077,SIDM00783,Masitinib,1
9078,SIDM00986,Masitinib,1
9079,SIDM00483,Masitinib,1
9080,SIDM00327,Masitinib,1
9081,SIDM01002,Masitinib,1
9082,SIDM00395,Masitinib,1
9083,SIDM00457,Masitinib,1
9084,SIDM00515,Masitinib,1
9085,SIDM00407,Masitinib,1
9086,SIDM00907,Masitinib,1
9087,SIDM01012,"MetAP2 Inhibitor, A832234",1
9088,SIDM00706,"MetAP2 Inhibitor, A832234",1
9089,SIDM00448,"MetAP2 Inhibitor, A832234",1
9090,SIDM00441,"MetAP2 Inhibitor, A832234",1
9091,SIDM00944,"MetAP2 Inhibitor, A832234",1
9092,SIDM01018,"MetAP2 Inhibitor, A832234",1
9093,SIDM00313,"MetAP2 Inhibitor, A832234",1
9094,SIDM00953,"MetAP2 Inhibitor, A832234",1
9095,SIDM00380,"MetAP2 Inhibitor, A832234",1
9096,SIDM01002,"MetAP2 Inhibitor, A832234",1
9097,SIDM01056,"MetAP2 Inhibitor, A832234",1
9098,SIDM01029,"MetAP2 Inhibitor, A832234",1
9099,SIDM00335,"MetAP2 Inhibitor, A832234",1
9100,SIDM00342,"MetAP2 Inhibitor, A832234",1
9101,SIDM00958,"MetAP2 Inhibitor, A832234",1
9102,SIDM01004,"MetAP2 Inhibitor, A832234",1
9103,SIDM00931,"MetAP2 Inhibitor, A832234",1
9104,SIDM00461,"MetAP2 Inhibitor, A832234",1
9105,SIDM00632,"MetAP2 Inhibitor, A832234",1
9106,SIDM00146,"MetAP2 Inhibitor, A832234",1
9107,SIDM00961,"MetAP2 Inhibitor, A832234",1
9108,SIDM00136,"MetAP2 Inhibitor, A832234",1
9109,SIDM00995,"MetAP2 Inhibitor, A832234",1
9110,SIDM00986,"MetAP2 Inhibitor, A832234",1
9111,SIDM00895,"MetAP2 Inhibitor, A832234",1
9112,SIDM01031,"MetAP2 Inhibitor, A832234",1
9113,SIDM00446,"MetAP2 Inhibitor, A832234",1
9114,SIDM00657,"MetAP2 Inhibitor, A832234",1
9115,SIDM00594,"MetAP2 Inhibitor, A832234",1
9116,SIDM00431,"MetAP2 Inhibitor, A832234",1
9117,SIDM00637,"MetAP2 Inhibitor, A832234",1
9118,SIDM01087,"MetAP2 Inhibitor, A832234",1
9119,SIDM00829,"MetAP2 Inhibitor, A832234",1
9120,SIDM00985,"MetAP2 Inhibitor, A832234",1
9121,SIDM01020,"MetAP2 Inhibitor, A832234",1
9122,SIDM00417,"MetAP2 Inhibitor, A832234",1
9123,SIDM00896,"MetAP2 Inhibitor, A832234",1
9124,SIDM00807,"MetAP2 Inhibitor, A832234",1
9125,SIDM00983,"MetAP2 Inhibitor, A832234",1
9126,SIDM01089,"MetAP2 Inhibitor, A832234",1
9127,SIDM00433,"MetAP2 Inhibitor, A832234",1
9128,SIDM00287,"MetAP2 Inhibitor, A832234",1
9129,SIDM00479,Methotrexate,1
9130,SIDM00661,Methotrexate,1
9131,SIDM01086,Methotrexate,1
9132,SIDM00386,Methotrexate,1
9133,SIDM00272,Methotrexate,1
9134,SIDM00419,Methotrexate,1
9135,SIDM00392,Methotrexate,1
9136,SIDM00422,Methotrexate,1
9137,SIDM01002,Methotrexate,1
9138,SIDM00428,Methotrexate,1
9139,SIDM00438,Methotrexate,1
9140,SIDM00402,Methotrexate,1
9141,SIDM00286,Methotrexate,1
9142,SIDM00412,Methotrexate,1
9143,SIDM00499,Methotrexate,1
9144,SIDM00447,Methotrexate,1
9145,SIDM00980,Methotrexate,1
9146,SIDM00451,Methotrexate,1
9147,SIDM00462,Methotrexate,1
9148,SIDM01020,Methotrexate,1
9149,SIDM00789,Methotrexate,1
9150,SIDM00993,Methotrexate,1
9151,SIDM00433,Methotrexate,1
9152,SIDM00391,Methotrexate,1
9153,SIDM01043,Methotrexate,1
9154,SIDM00930,Methotrexate,1
9155,SIDM00953,Methotrexate,1
9156,SIDM00312,Methotrexate,1
9157,SIDM01051,Methotrexate,1
9158,SIDM00785,Methotrexate,1
9159,SIDM01038,Methotrexate,1
9160,SIDM01060,Methotrexate,1
9161,SIDM01033,Methotrexate,1
9162,SIDM01067,Methotrexate,1
9163,SIDM00981,Methotrexate,1
9164,SIDM00403,Methotrexate,1
9165,SIDM00997,Methotrexate,1
9166,SIDM01026,Methotrexate,1
9167,SIDM01218,Methotrexate,1
9168,SIDM00087,Methotrexate,1
9169,SIDM01172,Methotrexate,1
9170,SIDM00460,Methotrexate,1
9171,SIDM00329,Methotrexate,1
9172,SIDM01111,Methotrexate,1
9173,SIDM00421,Methotrexate,1
9174,SIDM00994,Methotrexate,1
9175,SIDM00431,Midostaurin,1
9176,SIDM00999,Midostaurin,1
9177,SIDM00148,Midostaurin,1
9178,SIDM00990,Midostaurin,1
9179,SIDM00451,Midostaurin,1
9180,SIDM00938,Midostaurin,1
9181,SIDM00886,Midostaurin,1
9182,SIDM00124,Midostaurin,1
9183,SIDM00402,Midostaurin,1
9184,SIDM01154,Midostaurin,1
9185,SIDM00136,Midostaurin,1
9186,SIDM00657,Midostaurin,1
9187,SIDM00929,Midostaurin,1
9188,SIDM01059,Midostaurin,1
9189,SIDM01179,Midostaurin,1
9190,SIDM01045,Midostaurin,1
9191,SIDM00403,Midostaurin,1
9192,SIDM00896,Midostaurin,1
9193,SIDM00951,Midostaurin,1
9194,SIDM00453,Midostaurin,1
9195,SIDM00329,Midostaurin,1
9196,SIDM00438,Midostaurin,1
9197,SIDM00927,Midostaurin,1
9198,SIDM00120,Midostaurin,1
9199,SIDM00287,Midostaurin,1
9200,SIDM00416,Midostaurin,1
9201,SIDM00985,Midostaurin,1
9202,SIDM01004,Midostaurin,1
9203,SIDM00460,Midostaurin,1
9204,SIDM00339,Midostaurin,1
9205,SIDM00931,Midostaurin,1
9206,SIDM01191,Midostaurin,1
9207,SIDM01036,Midostaurin,1
9208,SIDM00388,Midostaurin,1
9209,SIDM01176,Midostaurin,1
9210,SIDM00247,Midostaurin,1
9211,SIDM01002,Midostaurin,1
9212,SIDM01015,Midostaurin,1
9213,SIDM00443,Midostaurin,1
9214,SIDM01076,Midostaurin,1
9215,SIDM00284,Midostaurin,1
9216,SIDM00333,Midostaurin,1
9217,SIDM00443,Mirin,1
9218,SIDM01148,Mirin,1
9219,SIDM01056,Mirin,1
9220,SIDM00930,Mirin,1
9221,SIDM01064,Mirin,1
9222,SIDM00331,Mirin,1
9223,SIDM00961,Mirin,1
9224,SIDM00227,Mirin,1
9225,SIDM00286,Mirin,1
9226,SIDM00422,Mirin,1
9227,SIDM00641,Mirin,1
9228,SIDM00329,Mirin,1
9229,SIDM00866,Mirin,1
9230,SIDM00948,Mirin,1
9231,SIDM01089,Mirin,1
9232,SIDM00936,Mirin,1
9233,SIDM00434,Mirin,1
9234,SIDM00980,Mirin,1
9235,SIDM00392,Mirin,1
9236,SIDM00706,Mirin,1
9237,SIDM00429,Mirin,1
9238,SIDM00798,Mirin,1
9239,SIDM00340,Mirin,1
9240,SIDM01005,Mirin,1
9241,SIDM01029,Mirin,1
9242,SIDM00420,Mirin,1
9243,SIDM00453,Mirin,1
9244,SIDM01070,Mirin,1
9245,SIDM00415,Mirin,1
9246,SIDM00450,Mirin,1
9247,SIDM00334,Mirin,1
9248,SIDM00940,Mirin,1
9249,SIDM01154,Mirin,1
9250,SIDM00928,Mirin,1
9251,SIDM00479,Mirin,1
9252,SIDM00963,Mirin,1
9253,SIDM00437,Mirin,1
9254,SIDM00463,Mirin,1
9255,SIDM00661,Mirin,1
9256,SIDM01072,Mirin,1
9257,SIDM00997,Mirin,1
9258,SIDM01069,Mirin,1
9259,SIDM00455,Mirin,1
9260,SIDM00411,Mirin,1
9261,SIDM00330,Mirin,1
9262,SIDM01059,Mirin,1
9263,SIDM00312,Mirin,1
9264,SIDM00499,Mirin,1
9265,SIDM01004,Mirin,1
9266,SIDM01031,Mirin,1
9267,SIDM00949,Mirin,1
9268,SIDM01040,Mirin,1
9269,SIDM01047,Mirin,1
9270,SIDM00313,Mirin,1
9271,SIDM01023,Mirin,1
9272,SIDM01027,Mirin,1
9273,SIDM00952,Mirin,1
9274,SIDM00962,Mirin,1
9275,SIDM00417,Mitomycin-C,1
9276,SIDM00327,Mitomycin-C,1
9277,SIDM00407,Mitomycin-C,1
9278,SIDM01002,Mitomycin-C,1
9279,SIDM00424,Mitomycin-C,1
9280,SIDM00810,Mitomycin-C,1
9281,SIDM00907,Mitomycin-C,1
9282,SIDM00402,Mitomycin-C,1
9283,SIDM00447,Mitomycin-C,1
9284,SIDM00477,Mitomycin-C,1
9285,SIDM00338,Mitomycin-C,1
9286,SIDM00798,Mitomycin-C,1
9287,SIDM00416,Mitomycin-C,1
9288,SIDM00461,Mitomycin-C,1
9289,SIDM00942,Mitomycin-C,1
9290,SIDM00460,Mitomycin-C,1
9291,SIDM00121,Mitomycin-C,1
9292,SIDM00628,Mitomycin-C,1
9293,SIDM00146,Mitomycin-C,1
9294,SIDM01179,Mitomycin-C,1
9295,SIDM00951,Mitomycin-C,1
9296,SIDM00941,Mitomycin-C,1
9297,SIDM00989,Mitomycin-C,1
9298,SIDM00458,Mitomycin-C,1
9299,SIDM01071,Mitomycin-C,1
9300,SIDM00953,Mitomycin-C,1
9301,SIDM00455,Mitomycin-C,1
9302,SIDM00935,Mitomycin-C,1
9303,SIDM00394,Mitomycin-C,1
9304,SIDM00401,Mitomycin-C,1
9305,SIDM00446,Mitomycin-C,1
9306,SIDM00657,Mitomycin-C,1
9307,SIDM00422,Mitomycin-C,1
9308,SIDM00671,Mitomycin-C,1
9309,SIDM00429,Mitomycin-C,1
9310,SIDM00512,Mitomycin-C,1
9311,SIDM00405,Mitomycin-C,1
9312,SIDM00386,Mitomycin-C,1
9313,SIDM01051,Mitomycin-C,1
9314,SIDM00443,Mitomycin-C,1
9315,SIDM00785,Mitomycin-C,1
9316,SIDM00936,Mitomycin-C,1
9317,SIDM00895,Mitomycin-C,1
9318,SIDM01066,Mitomycin-C,1
9319,SIDM00313,Mitomycin-C,1
9320,SIDM00877,Mitomycin-C,1
9321,SIDM01034,Mitomycin-C,1
9322,SIDM00332,Mitomycin-C,1
9323,SIDM00791,Mitomycin-C,1
9324,SIDM01218,Mitomycin-C,1
9325,SIDM00441,Mitomycin-C,1
9326,SIDM00948,Mitomycin-C,1
9327,SIDM01045,Mitomycin-C,1
9328,SIDM00988,Mitomycin-C,1
9329,SIDM00287,Mitomycin-C,1
9330,SIDM00798,Motesanib,1
9331,SIDM00483,Motesanib,1
9332,SIDM00947,Motesanib,1
9333,SIDM01019,Motesanib,1
9334,SIDM01024,Motesanib,1
9335,SIDM01069,Motesanib,1
9336,SIDM00389,Motesanib,1
9337,SIDM00402,Motesanib,1
9338,SIDM00962,Motesanib,1
9339,SIDM00339,Motesanib,1
9340,SIDM00886,Motesanib,1
9341,SIDM00453,Motesanib,1
9342,SIDM00285,Motesanib,1
9343,SIDM00341,Motesanib,1
9344,SIDM01042,Motesanib,1
9345,SIDM00929,Motesanib,1
9346,SIDM00333,Motesanib,1
9347,SIDM01148,Motesanib,1
9348,SIDM01110,NG-25,1
9349,SIDM01040,NG-25,1
9350,SIDM00980,NG-25,1
9351,SIDM00499,NG-25,1
9352,SIDM00982,NG-25,1
9353,SIDM00416,NG-25,1
9354,SIDM00810,NG-25,1
9355,SIDM00342,NG-25,1
9356,SIDM00526,NG-25,1
9357,SIDM01048,NG-25,1
9358,SIDM00390,NG-25,1
9359,SIDM00515,NG-25,1
9360,SIDM01052,NG-25,1
9361,SIDM00394,NG-25,1
9362,SIDM01015,NG-25,1
9363,SIDM00928,NG-25,1
9364,SIDM00395,NG-25,1
9365,SIDM00994,NG-25,1
9366,SIDM00954,NG-25,1
9367,SIDM00461,NG-25,1
9368,SIDM00386,NG-25,1
9369,SIDM01176,NG-25,1
9370,SIDM00930,NG-25,1
9371,SIDM01064,NG-25,1
9372,SIDM00285,NG-25,1
9373,SIDM01031,NG-25,1
9374,SIDM00903,NG-25,1
9375,SIDM00441,NG-25,1
9376,SIDM00936,NG-25,1
9377,SIDM00927,NG-25,1
9378,SIDM01032,NG-25,1
9379,SIDM00415,NG-25,1
9380,SIDM00989,NG-25,1
9381,SIDM01172,NG-25,1
9382,SIDM00949,NG-25,1
9383,SIDM00900,NG-25,1
9384,SIDM00332,NG-25,1
9385,SIDM00330,NG-25,1
9386,SIDM01131,NG-25,1
9387,SIDM00146,NG-25,1
9388,SIDM00671,NG-25,1
9389,SIDM00807,NG-25,1
9390,SIDM00389,NG-25,1
9391,SIDM00791,NG-25,1
9392,SIDM01087,NG-25,1
9393,SIDM00661,NG-25,1
9394,SIDM00874,NG-25,1
9395,SIDM00136,NG-25,1
9396,SIDM00434,NG-25,1
9397,SIDM00453,NG-25,1
9398,SIDM00932,NG-25,1
9399,SIDM01029,NG-25,1
9400,SIDM00706,NG-25,1
9401,SIDM00951,NG-25,1
9402,SIDM01009,NG-25,1
9403,SIDM00284,NG-25,1
9404,SIDM00329,NG-25,1
9405,SIDM00929,NG-25,1
9406,SIDM01068,NG-25,1
9407,SIDM01071,NG-25,1
9408,SIDM00828,NG-25,1
9409,SIDM00343,NG-25,1
9410,SIDM00121,NG-25,1
9411,SIDM00943,NG-25,1
9412,SIDM01082,NG-25,1
9413,SIDM00962,NG-25,1
9414,SIDM00931,NG-25,1
9415,SIDM01057,NG-25,1
9416,SIDM01019,NG-25,1
9417,SIDM00940,NG-25,1
9418,SIDM00088,NG-25,1
9419,SIDM00946,NPK76-II-72-1,1
9420,SIDM00345,NPK76-II-72-1,1
9421,SIDM01057,NPK76-II-72-1,1
9422,SIDM01015,NPK76-II-72-1,1
9423,SIDM00895,NPK76-II-72-1,1
9424,SIDM00515,NPK76-II-72-1,1
9425,SIDM00641,NPK76-II-72-1,1
9426,SIDM01131,NPK76-II-72-1,1
9427,SIDM00146,NPK76-II-72-1,1
9428,SIDM00434,NPK76-II-72-1,1
9429,SIDM00327,NPK76-II-72-1,1
9430,SIDM00783,NPK76-II-72-1,1
9431,SIDM01020,NPK76-II-72-1,1
9432,SIDM00313,NPK76-II-72-1,1
9433,SIDM00791,NPK76-II-72-1,1
9434,SIDM01076,NPK76-II-72-1,1
9435,SIDM00903,NPK76-II-72-1,1
9436,SIDM01042,NPK76-II-72-1,1
9437,SIDM00391,NPK76-II-72-1,1
9438,SIDM00932,NPK76-II-72-1,1
9439,SIDM00789,NPK76-II-72-1,1
9440,SIDM00512,NPK76-II-72-1,1
9441,SIDM00420,NPK76-II-72-1,1
9442,SIDM01154,NPK76-II-72-1,1
9443,SIDM00954,NPK76-II-72-1,1
9444,SIDM01004,NPK76-II-72-1,1
9445,SIDM00330,NPK76-II-72-1,1
9446,SIDM01191,NPK76-II-72-1,1
9447,SIDM01036,NPK76-II-72-1,1
9448,SIDM00997,NPK76-II-72-1,1
9449,SIDM00463,NPK76-II-72-1,1
9450,SIDM00886,NPK76-II-72-1,1
9451,SIDM01176,NPK76-II-72-1,1
9452,SIDM00334,NPK76-II-72-1,1
9453,SIDM01032,NPK76-II-72-1,1
9454,SIDM00996,NPK76-II-72-1,1
9455,SIDM01072,NPK76-II-72-1,1
9456,SIDM00396,NPK76-II-72-1,1
9457,SIDM01024,NPK76-II-72-1,1
9458,SIDM00447,NPK76-II-72-1,1
9459,SIDM00948,NPK76-II-72-1,1
9460,SIDM00995,NPK76-II-72-1,1
9461,SIDM00985,NPK76-II-72-1,1
9462,SIDM00410,NPK76-II-72-1,1
9463,SIDM00657,NPK76-II-72-1,1
9464,SIDM00411,NPK76-II-72-1,1
9465,SIDM00461,NPK76-II-72-1,1
9466,SIDM00272,NPK76-II-72-1,1
9467,SIDM00145,NPK76-II-72-1,1
9468,SIDM00441,NPK76-II-72-1,1
9469,SIDM00337,NPK76-II-72-1,1
9470,SIDM00457,NPK76-II-72-1,1
9471,SIDM00392,NPK76-II-72-1,1
9472,SIDM00344,NPK76-II-72-1,1
9473,SIDM00458,NPK76-II-72-1,1
9474,SIDM00448,NPK76-II-72-1,1
9475,SIDM01023,NPK76-II-72-1,1
9476,SIDM00580,NPK76-II-72-1,1
9477,SIDM00419,NPK76-II-72-1,1
9478,SIDM00422,NPK76-II-72-1,1
9479,SIDM01103,NPK76-II-72-1,1
9480,SIDM00948,NSC-207895,1
9481,SIDM01012,NSC-207895,1
9482,SIDM01068,NSC-207895,1
9483,SIDM00330,NSC-207895,1
9484,SIDM01024,NSC-207895,1
9485,SIDM00333,NSC-207895,1
9486,SIDM00791,NSC-207895,1
9487,SIDM01009,NSC-207895,1
9488,SIDM00886,NSC-207895,1
9489,SIDM00441,NSC-207895,1
9490,SIDM00327,NSC-207895,1
9491,SIDM00336,NSC-207895,1
9492,SIDM00424,NSC-207895,1
9493,SIDM01029,NSC-207895,1
9494,SIDM00594,NSC-207895,1
9495,SIDM00406,NSC-207895,1
9496,SIDM00312,NSC-207895,1
9497,SIDM00828,NSC-207895,1
9498,SIDM01089,NSC-207895,1
9499,SIDM00421,NSC-207895,1
9500,SIDM01110,NSC-207895,1
9501,SIDM01131,NSC-207895,1
9502,SIDM00339,NSC-207895,1
9503,SIDM00391,NSC-207895,1
9504,SIDM00423,NSC-207895,1
9505,SIDM00413,NSC-207895,1
9506,SIDM00932,NSC-207895,1
9507,SIDM00344,NSC-207895,1
9508,SIDM00463,NSC-207895,1
9509,SIDM01040,NSC-207895,1
9510,SIDM00895,NSC-207895,1
9511,SIDM01111,NSC-207895,1
9512,SIDM00927,NSC-207895,1
9513,SIDM00396,NSC-207895,1
9514,SIDM01042,NSC-207895,1
9515,SIDM00993,NSC-207895,1
9516,SIDM01028,NSC-207895,1
9517,SIDM00341,NSC-207895,1
9518,SIDM00457,NSC-207895,1
9519,SIDM01072,NSC-207895,1
9520,SIDM00997,NSC-207895,1
9521,SIDM01018,NSC-207895,1
9522,SIDM00450,NSC-207895,1
9523,SIDM00334,NSC-207895,1
9524,SIDM01062,NSC-207895,1
9525,SIDM00404,NSC-207895,1
9526,SIDM00458,NSC-207895,1
9527,SIDM00934,NSC-207895,1
9528,SIDM00247,NSC-207895,1
9529,SIDM00935,NSC-207895,1
9530,SIDM01015,NSC-207895,1
9531,SIDM00340,NSC-207895,1
9532,SIDM00963,NSC-207895,1
9533,SIDM00313,NSC-207895,1
9534,SIDM01027,NSC-207895,1
9535,SIDM00448,NSC-207895,1
9536,SIDM00387,NSC-207895,1
9537,SIDM00807,NSC-207895,1
9538,SIDM01082,NSC-207895,1
9539,SIDM01073,NSC-207895,1
9540,SIDM00939,NSC-207895,1
9541,SIDM00946,NSC-207895,1
9542,SIDM00941,NSC-207895,1
9543,SIDM01248,NSC-207895,1
9544,SIDM01052,NSC-207895,1
9545,SIDM01047,NSC-207895,1
9546,SIDM00087,NSC-87877,1
9547,SIDM00402,NSC-87877,1
9548,SIDM00410,NSC-87877,1
9549,SIDM01027,NSC-87877,1
9550,SIDM01131,NSC-87877,1
9551,SIDM00145,NSC-87877,1
9552,SIDM00580,NSC-87877,1
9553,SIDM00930,NSC-87877,1
9554,SIDM00632,NSC-87877,1
9555,SIDM00988,NSC-87877,1
9556,SIDM01052,NSC-87877,1
9557,SIDM01089,NSC-87877,1
9558,SIDM00526,NSC-87877,1
9559,SIDM00391,NSC-87877,1
9560,SIDM00121,NSC-87877,1
9561,SIDM00335,NSC-87877,1
9562,SIDM00088,NSC-87877,1
9563,SIDM00342,NSC-87877,1
9564,SIDM01069,NSC-87877,1
9565,SIDM00990,NSC-87877,1
9566,SIDM00407,NSC-87877,1
9567,SIDM00406,NSC-87877,1
9568,SIDM00420,NSC-87877,1
9569,SIDM00120,NSC-87877,1
9570,SIDM00340,NSC-87877,1
9571,SIDM00227,NSC-87877,1
9572,SIDM00411,NSC-87877,1
9573,SIDM00339,NSC-87877,1
9574,SIDM01172,NSC-87877,1
9575,SIDM01051,NSC-87877,1
9576,SIDM01015,NSC-87877,1
9577,SIDM00934,NSC-87877,1
9578,SIDM00424,NSC-87877,1
9579,SIDM01176,NSC-87877,1
9580,SIDM01191,NSC-87877,1
9581,SIDM00386,NSC-87877,1
9582,SIDM01179,NSC-87877,1
9583,SIDM01049,NSC-87877,1
9584,SIDM00993,NSC-87877,1
9585,SIDM01013,NSC-87877,1
9586,SIDM00929,NSC-87877,1
9587,SIDM00886,NSC-87877,1
9588,SIDM01019,NSC-87877,1
9589,SIDM00941,NSC-87877,1
9590,SIDM01004,NSC-87877,1
9591,SIDM00671,NSC-87877,1
9592,SIDM00982,NSC-87877,1
9593,SIDM01029,NSC-87877,1
9594,SIDM00403,NSC-87877,1
9595,SIDM01028,NSC-87877,1
9596,SIDM00462,NSC-87877,1
9597,SIDM00313,NSC-87877,1
9598,SIDM00867,NSC-87877,1
9599,SIDM00434,NSC-87877,1
9600,SIDM00936,NSC-87877,1
9601,SIDM01026,NSC-87877,1
9602,SIDM01055,NSC-87877,1
9603,SIDM00308,NSC-87877,1
9604,SIDM00860,NSC319726,1
9605,SIDM00907,NSC319726,1
9606,SIDM00987,NSC319726,1
9607,SIDM00982,NSC319726,1
9608,SIDM00428,NSC319726,1
9609,SIDM00454,NSC319726,1
9610,SIDM00985,NSC319726,1
9611,SIDM00937,NSC319726,1
9612,SIDM00458,NSC319726,1
9613,SIDM00957,NSC319726,1
9614,SIDM01030,NSC319726,1
9615,SIDM01072,NSC319726,1
9616,SIDM00999,NSC319726,1
9617,SIDM01066,NSC319726,1
9618,SIDM00874,NSC319726,1
9619,SIDM00343,NSC319726,1
9620,SIDM00421,NSC319726,1
9621,SIDM00877,NSC319726,1
9622,SIDM01004,NSC319726,1
9623,SIDM00333,NSC319726,1
9624,SIDM01089,NSC319726,1
9625,SIDM00594,NSC319726,1
9626,SIDM01034,NSC319726,1
9627,SIDM00807,NSC319726,1
9628,SIDM00344,NSC319726,1
9629,SIDM00419,NSC319726,1
9630,SIDM00954,NSC319726,1
9631,SIDM01009,NSC319726,1
9632,SIDM00791,NSC319726,1
9633,SIDM00832,NSC319726,1
9634,SIDM01052,NSC319726,1
9635,SIDM00785,NSC319726,1
9636,SIDM00940,NSC319726,1
9637,SIDM00953,NSC319726,1
9638,SIDM01026,NSC319726,1
9639,SIDM00392,NSC319726,1
9640,SIDM00416,NSC319726,1
9641,SIDM00632,NSC319726,1
9642,SIDM00980,NSC319726,1
9643,SIDM00449,NSC319726,1
9644,SIDM00477,NSC319726,1
9645,SIDM01154,NSC319726,1
9646,SIDM01001,NSC319726,1
9647,SIDM00943,NSC319726,1
9648,SIDM00450,NSC319726,1
9649,SIDM00997,NSC319726,1
9650,SIDM00423,NSC319726,1
9651,SIDM01071,NSC319726,1
9652,SIDM00964,NSC319726,1
9653,SIDM01131,NSC319726,1
9654,SIDM00422,NSC319726,1
9655,SIDM00461,NSC319726,1
9656,SIDM00996,NSC319726,1
9657,SIDM00930,NSC319726,1
9658,SIDM00424,NSC319726,1
9659,SIDM00988,NSC319726,1
9660,SIDM01087,NSC319726,1
9661,SIDM00446,NSC319726,1
9662,SIDM00460,NSC319726,1
9663,SIDM00327,NSC319726,1
9664,SIDM01062,NSC319726,1
9665,SIDM00657,NU7441,1
9666,SIDM00941,NU7441,1
9667,SIDM01001,NU7441,1
9668,SIDM00392,NU7441,1
9669,SIDM00829,NU7441,1
9670,SIDM01148,NU7441,1
9671,SIDM00434,NU7441,1
9672,SIDM00860,NU7441,1
9673,SIDM01026,NU7441,1
9674,SIDM01172,NU7441,1
9675,SIDM00329,NU7441,1
9676,SIDM00426,NU7441,1
9677,SIDM00930,NU7441,1
9678,SIDM00449,NU7441,1
9679,SIDM00387,NU7441,1
9680,SIDM00867,NU7441,1
9681,SIDM00388,NU7441,1
9682,SIDM01034,NU7441,1
9683,SIDM01013,NU7441,1
9684,SIDM01154,NU7441,1
9685,SIDM00287,NU7441,1
9686,SIDM01179,NU7441,1
9687,SIDM00982,NU7441,1
9688,SIDM00985,NU7441,1
9689,SIDM00413,NU7441,1
9690,SIDM01042,NU7441,1
9691,SIDM01004,NU7441,1
9692,SIDM01033,NU7441,1
9693,SIDM00380,NU7441,1
9694,SIDM00989,NU7441,1
9695,SIDM01067,NU7441,1
9696,SIDM00987,NU7441,1
9697,SIDM01111,NU7441,1
9698,SIDM00874,NVP-BHG712,1
9699,SIDM00342,NVP-BHG712,1
9700,SIDM00327,NVP-BHG712,1
9701,SIDM00285,NVP-BHG712,1
9702,SIDM01033,NVP-BHG712,1
9703,SIDM00434,NVP-BHG712,1
9704,SIDM00395,NVP-BHG712,1
9705,SIDM01047,NVP-BHG712,1
9706,SIDM00441,NVP-BHG712,1
9707,SIDM00993,NVP-BHG712,1
9708,SIDM00944,NVP-BHG712,1
9709,SIDM00457,NVP-BHG712,1
9710,SIDM00935,NVP-BHG712,1
9711,SIDM00330,NVP-BHG712,1
9712,SIDM00421,NVP-BHG712,1
9713,SIDM00391,NVP-BHG712,1
9714,SIDM00451,NVP-BHG712,1
9715,SIDM00832,NVP-BHG712,1
9716,SIDM01131,NVP-BHG712,1
9717,SIDM00929,NVP-BHG712,1
9718,SIDM01073,NVP-BHG712,1
9719,SIDM01058,NVP-BHG712,1
9720,SIDM01059,NVP-BHG712,1
9721,SIDM00964,NVP-BHG712,1
9722,SIDM00406,NVP-BHG712,1
9723,SIDM01034,NVP-BHG712,1
9724,SIDM00515,NVP-BHG712,1
9725,SIDM00907,NVP-BHG712,1
9726,SIDM00405,NVP-BHG712,1
9727,SIDM00410,NVP-BHG712,1
9728,SIDM00412,NVP-BHG712,1
9729,SIDM00996,NVP-BHG712,1
9730,SIDM00706,NVP-BHG712,1
9731,SIDM00829,NVP-BHG712,1
9732,SIDM01055,NVP-BHG712,1
9733,SIDM01024,NVP-BHG712,1
9734,SIDM01025,NVP-BHG712,1
9735,SIDM00340,NVP-BHG712,1
9736,SIDM00628,NVP-BHG712,1
9737,SIDM00950,NVP-BHG712,1
9738,SIDM00097,NVP-BHG712,1
9739,SIDM01071,NVP-BHG712,1
9740,SIDM00807,NVP-BHG712,1
9741,SIDM00390,NVP-BHG712,1
9742,SIDM00994,NVP-BHG712,1
9743,SIDM00120,NVP-BHG712,1
9744,SIDM01002,NVP-BHG712,1
9745,SIDM00477,NVP-BHG712,1
9746,SIDM00145,NVP-BHG712,1
9747,SIDM00900,NVP-BHG712,1
9748,SIDM01110,NVP-BHG712,1
9749,SIDM01089,NVP-BHG712,1
9750,SIDM00308,NVP-BHG712,1
9751,SIDM00227,NVP-BHG712,1
9752,SIDM01067,NVP-BHG712,1
9753,SIDM00637,NVP-BHG712,1
9754,SIDM01154,NVP-BHG712,1
9755,SIDM00404,NVP-BHG712,1
9756,SIDM01019,NVP-BHG712,1
9757,SIDM00942,NVP-BHG712,1
9758,SIDM00289,NVP-BHG712,1
9759,SIDM01052,NVP-BHG712,1
9760,SIDM00930,NVP-BHG712,1
9761,SIDM00344,NVP-BHG712,1
9762,SIDM00455,NVP-BHG712,1
9763,SIDM01076,NVP-TAE684,1
9764,SIDM01009,NVP-TAE684,1
9765,SIDM00087,NVP-TAE684,1
9766,SIDM00396,NVP-TAE684,1
9767,SIDM01003,NVP-TAE684,1
9768,SIDM00895,NVP-TAE684,1
9769,SIDM00954,NVP-TAE684,1
9770,SIDM00423,NVP-TAE684,1
9771,SIDM00951,NVP-TAE684,1
9772,SIDM00388,NVP-TAE684,1
9773,SIDM00329,NVP-TAE684,1
9774,SIDM00419,NVP-TAE684,1
9775,SIDM00949,NVP-TAE684,1
9776,SIDM00416,NVP-TAE684,1
9777,SIDM01019,NVP-TAE684,1
9778,SIDM00312,NVP-TAE684,1
9779,SIDM00287,NVP-TAE684,1
9780,SIDM00422,NVP-TAE684,1
9781,SIDM00953,NVP-TAE684,1
9782,SIDM01073,NVP-TAE684,1
9783,SIDM00451,NVP-TAE684,1
9784,SIDM00462,NVP-TAE684,1
9785,SIDM00896,NVP-TAE684,1
9786,SIDM01131,NVP-TAE684,1
9787,SIDM00448,Navitoclax,1
9788,SIDM00422,Navitoclax,1
9789,SIDM00458,Navitoclax,1
9790,SIDM00286,Navitoclax,1
9791,SIDM00437,Navitoclax,1
9792,SIDM00785,Navitoclax,1
9793,SIDM00944,Navitoclax,1
9794,SIDM01048,Navitoclax,1
9795,SIDM00934,Navitoclax,1
9796,SIDM00431,Navitoclax,1
9797,SIDM00447,Navitoclax,1
9798,SIDM00421,Navitoclax,1
9799,SIDM00308,Navitoclax,1
9800,SIDM00512,Navitoclax,1
9801,SIDM00443,Navitoclax,1
9802,SIDM01067,Navitoclax,1
9803,SIDM00896,Navitoclax,1
9804,SIDM01076,Navitoclax,1
9805,SIDM00936,Navitoclax,1
9806,SIDM00995,Navitoclax,1
9807,SIDM00958,Navitoclax,1
9808,SIDM01023,Navitoclax,1
9809,SIDM00428,Navitoclax,1
9810,SIDM01107,Navitoclax,1
9811,SIDM00340,Navitoclax,1
9812,SIDM00460,Navitoclax,1
9813,SIDM01003,Navitoclax,1
9814,SIDM00483,Navitoclax,1
9815,SIDM00380,Navitoclax,1
9816,SIDM00120,Navitoclax,1
9817,SIDM01111,Navitoclax,1
9818,SIDM00453,Navitoclax,1
9819,SIDM00341,Navitoclax,1
9820,SIDM01004,Navitoclax,1
9821,SIDM01015,Navitoclax,1
9822,SIDM00332,Navitoclax,1
9823,SIDM01191,Navitoclax,1
9824,SIDM00951,Navitoclax,1
9825,SIDM00987,Navitoclax,1
9826,SIDM00412,Navitoclax,1
9827,SIDM00121,Navitoclax,1
9828,SIDM00405,Navitoclax,1
9829,SIDM01001,Navitoclax,1
9830,SIDM01062,Navitoclax,1
9831,SIDM00407,Navitoclax,1
9832,SIDM00886,Nilotinib,1
9833,SIDM01004,Nilotinib,1
9834,SIDM01086,Nilotinib,1
9835,SIDM00121,Nilotinib,1
9836,SIDM00428,Nilotinib,1
9837,SIDM00946,Nilotinib,1
9838,SIDM00982,Nilotinib,1
9839,SIDM00951,Nilotinib,1
9840,SIDM01176,Nilotinib,1
9841,SIDM00637,Nilotinib,1
9842,SIDM01110,Nilotinib,1
9843,SIDM01057,Nilotinib,1
9844,SIDM00985,Nilotinib,1
9845,SIDM00798,Nilotinib,1
9846,SIDM00962,Nilotinib,1
9847,SIDM01248,Nilotinib,1
9848,SIDM00526,Nilotinib,1
9849,SIDM00412,Nilotinib,1
9850,SIDM01047,Nilotinib,1
9851,SIDM00987,Nilotinib,1
9852,SIDM00457,Nutlin-3a (-),1
9853,SIDM00346,Nutlin-3a (-),1
9854,SIDM01067,Nutlin-3a (-),1
9855,SIDM01031,Nutlin-3a (-),1
9856,SIDM00462,Nutlin-3a (-),1
9857,SIDM00937,Nutlin-3a (-),1
9858,SIDM00443,Nutlin-3a (-),1
9859,SIDM00934,Nutlin-3a (-),1
9860,SIDM01025,Nutlin-3a (-),1
9861,SIDM01004,Nutlin-3a (-),1
9862,SIDM00706,Nutlin-3a (-),1
9863,SIDM01015,Nutlin-3a (-),1
9864,SIDM00942,Nutlin-3a (-),1
9865,SIDM00434,Nutlin-3a (-),1
9866,SIDM01089,Nutlin-3a (-),1
9867,SIDM00388,Nutlin-3a (-),1
9868,SIDM00964,Nutlin-3a (-),1
9869,SIDM01248,Nutlin-3a (-),1
9870,SIDM00455,Nutlin-3a (-),1
9871,SIDM00329,Nutlin-3a (-),1
9872,SIDM00933,Nutlin-3a (-),1
9873,SIDM00449,Nutlin-3a (-),1
9874,SIDM01028,Nutlin-3a (-),1
9875,SIDM00395,Nutlin-3a (-),1
9876,SIDM01034,Nutlin-3a (-),1
9877,SIDM00939,Nutlin-3a (-),1
9878,SIDM01069,Nutlin-3a (-),1
9879,SIDM01026,Nutlin-3a (-),1
9880,SIDM00944,Nutlin-3a (-),1
9881,SIDM01103,Nutlin-3a (-),1
9882,SIDM00394,Nutlin-3a (-),1
9883,SIDM01073,Nutlin-3a (-),1
9884,SIDM00931,Nutlin-3a (-),1
9885,SIDM01051,Nutlin-3a (-),1
9886,SIDM00594,Nutlin-3a (-),1
9887,SIDM01085,Nutlin-3a (-),1
9888,SIDM01072,Nutlin-3a (-),1
9889,SIDM00896,Nutlin-3a (-),1
9890,SIDM00499,Nutlin-3a (-),1
9891,SIDM00088,Nutlin-3a (-),1
9892,SIDM00987,Nutlin-3a (-),1
9893,SIDM00343,Nutlin-3a (-),1
9894,SIDM01018,Nutlin-3a (-),1
9895,SIDM00428,Nutlin-3a (-),1
9896,SIDM00423,Nutlin-3a (-),1
9897,SIDM01012,Nutlin-3a (-),1
9898,SIDM00247,Nutlin-3a (-),1
9899,SIDM01131,Nutlin-3a (-),1
9900,SIDM00961,Nutlin-3a (-),1
9901,SIDM00957,Nutlin-3a (-),1
9902,SIDM00783,Nutlin-3a (-),1
9903,SIDM00327,Nutlin-3a (-),1
9904,SIDM00453,Nutlin-3a (-),1
9905,SIDM00941,Nutlin-3a (-),1
9906,SIDM01076,Nutlin-3a (-),1
9907,SIDM00463,OSI-027,1
9908,SIDM00789,OSI-027,1
9909,SIDM00417,OSI-027,1
9910,SIDM00877,OSI-027,1
9911,SIDM00403,OSI-027,1
9912,SIDM00286,OSI-027,1
9913,SIDM00950,OSI-027,1
9914,SIDM00453,OSI-027,1
9915,SIDM00389,OSI-027,1
9916,SIDM00997,OSI-027,1
9917,SIDM01051,OSI-027,1
9918,SIDM01013,OSI-027,1
9919,SIDM00388,OSI-027,1
9920,SIDM01019,OSI-027,1
9921,SIDM00934,OSI-027,1
9922,SIDM00931,OSI-027,1
9923,SIDM00394,OSI-027,1
9924,SIDM01059,OSI-027,1
9925,SIDM00961,OSI-027,1
9926,SIDM01055,OSI-027,1
9927,SIDM01009,OSI-027,1
9928,SIDM00395,OSI-027,1
9929,SIDM00988,OSI-027,1
9930,SIDM01033,OSI-027,1
9931,SIDM01047,OSI-027,1
9932,SIDM01056,OSI-027,1
9933,SIDM00289,OSI-027,1
9934,SIDM01024,OSI-027,1
9935,SIDM00396,OSI-027,1
9936,SIDM01036,OSI-027,1
9937,SIDM00953,OSI-027,1
9938,SIDM01073,OSI-027,1
9939,SIDM00429,OSI-027,1
9940,SIDM00433,OSI-027,1
9941,SIDM00980,OSI-027,1
9942,SIDM00990,OSI-027,1
9943,SIDM00413,OSI-027,1
9944,SIDM00933,OSI-027,1
9945,SIDM00791,OSI-027,1
9946,SIDM01001,OSI-027,1
9947,SIDM00447,OSI-027,1
9948,SIDM00993,OSI-027,1
9949,SIDM00386,OSI-027,1
9950,SIDM00401,OSI-027,1
9951,SIDM00442,OSI-027,1
9952,SIDM01085,OSI-027,1
9953,SIDM00943,OSI-027,1
9954,SIDM00964,OSI-027,1
9955,SIDM01030,OSI-027,1
9956,SIDM00145,OSI-027,1
9957,SIDM00896,OSI-027,1
9958,SIDM00957,OSI-027,1
9959,SIDM00336,OSI-027,1
9960,SIDM00458,OSI-027,1
9961,SIDM01076,OSI-027,1
9962,SIDM00994,OSI-027,1
9963,SIDM00411,OSI-027,1
9964,SIDM00512,OSI-027,1
9965,SIDM00124,OSI-027,1
9966,SIDM00345,OSI-027,1
9967,SIDM00443,OSI-027,1
9968,SIDM00421,OSI-930,1
9969,SIDM01042,OSI-930,1
9970,SIDM00877,OSI-930,1
9971,SIDM00346,OSI-930,1
9972,SIDM01020,OSI-930,1
9973,SIDM01013,OSI-930,1
9974,SIDM00455,OSI-930,1
9975,SIDM00339,OSI-930,1
9976,SIDM01055,OSI-930,1
9977,SIDM00120,OSI-930,1
9978,SIDM00980,OSI-930,1
9979,SIDM00332,OSI-930,1
9980,SIDM00671,OSI-930,1
9981,SIDM01009,OSI-930,1
9982,SIDM00783,OSI-930,1
9983,SIDM01026,OSI-930,1
9984,SIDM01069,OSI-930,1
9985,SIDM00932,OSI-930,1
9986,SIDM00933,OSI-930,1
9987,SIDM00895,OSI-930,1
9988,SIDM00460,OSI-930,1
9989,SIDM00395,OSI-930,1
9990,SIDM00433,OSI-930,1
9991,SIDM01029,OSI-930,1
9992,SIDM00389,OSI-930,1
9993,SIDM00929,OSI-930,1
9994,SIDM00403,OSI-930,1
9995,SIDM01058,OSI-930,1
9996,SIDM01034,OSI-930,1
9997,SIDM01248,OSI-930,1
9998,SIDM00706,OSI-930,1
9999,SIDM01027,OSI-930,1
10000,SIDM01052,OSI-930,1
10001,SIDM00313,OSI-930,1
10002,SIDM00937,OSI-930,1
10003,SIDM01062,OSI-930,1
10004,SIDM00327,OSI-930,1
10005,SIDM00422,OSI-930,1
10006,SIDM00458,OSI-930,1
10007,SIDM00946,OSI-930,1
10008,SIDM00386,OSI-930,1
10009,SIDM00401,OSI-930,1
10010,SIDM01072,OSI-930,1
10011,SIDM01176,OSI-930,1
10012,SIDM00415,OSI-930,1
10013,SIDM00450,OSI-930,1
10014,SIDM01033,OSI-930,1
10015,SIDM00088,OSI-930,1
10016,SIDM00994,OSI-930,1
10017,SIDM00391,OSI-930,1
10018,SIDM01131,OSI-930,1
10019,SIDM00434,OSI-930,1
10020,SIDM00394,OSI-930,1
10021,SIDM00402,OSI-930,1
10022,SIDM00341,OSI-930,1
10023,SIDM00413,OSI-930,1
10024,SIDM00886,OSI-930,1
10025,SIDM00437,OSI-930,1
10026,SIDM01015,OSI-930,1
10027,SIDM00988,OSI-930,1
10028,SIDM00930,OSI-930,1
10029,SIDM00989,OSI-930,1
10030,SIDM00136,OSI-930,1
10031,SIDM00954,OSI-930,1
10032,SIDM00657,OSU-03012,1
10033,SIDM00951,OSU-03012,1
10034,SIDM01071,OSU-03012,1
10035,SIDM00932,OSU-03012,1
10036,SIDM01069,OSU-03012,1
10037,SIDM00392,OSU-03012,1
10038,SIDM00671,OSU-03012,1
10039,SIDM00136,OSU-03012,1
10040,SIDM00986,OSU-03012,1
10041,SIDM00401,OSU-03012,1
10042,SIDM01013,OSU-03012,1
10043,SIDM00943,OSU-03012,1
10044,SIDM00334,OSU-03012,1
10045,SIDM00447,OSU-03012,1
10046,SIDM00785,OSU-03012,1
10047,SIDM00954,OSU-03012,1
10048,SIDM01055,OSU-03012,1
10049,SIDM00938,OSU-03012,1
10050,SIDM00402,OSU-03012,1
10051,SIDM00903,OSU-03012,1
10052,SIDM01059,OSU-03012,1
10053,SIDM01218,OSU-03012,1
10054,SIDM00450,OSU-03012,1
10055,SIDM00458,OSU-03012,1
10056,SIDM00327,OSU-03012,1
10057,SIDM00407,OSU-03012,1
10058,SIDM01024,OSU-03012,1
10059,SIDM01049,OSU-03012,1
10060,SIDM00953,OSU-03012,1
10061,SIDM00286,OSU-03012,1
10062,SIDM00962,OSU-03012,1
10063,SIDM00580,OSU-03012,1
10064,SIDM00391,OSU-03012,1
10065,SIDM01019,OSU-03012,1
10066,SIDM00628,OSU-03012,1
10067,SIDM00515,OSU-03012,1
10068,SIDM00957,OSU-03012,1
10069,SIDM01131,OSU-03012,1
10070,SIDM00148,OSU-03012,1
10071,SIDM01068,OSU-03012,1
10072,SIDM00999,OSU-03012,1
10073,SIDM00907,OSU-03012,1
10074,SIDM01009,OSU-03012,1
10075,SIDM00336,OSU-03012,1
10076,SIDM00395,OSU-03012,1
10077,SIDM00661,OSU-03012,1
10078,SIDM01111,OSU-03012,1
10079,SIDM00460,OSU-03012,1
10080,SIDM00526,OSU-03012,1
10081,SIDM00429,OSU-03012,1
10082,SIDM01248,OSU-03012,1
10083,SIDM00512,OSU-03012,1
10084,SIDM00289,OSU-03012,1
10085,SIDM00343,OSU-03012,1
10086,SIDM00330,OSU-03012,1
10087,SIDM00987,OSU-03012,1
10088,SIDM00455,OSU-03012,1
10089,SIDM01067,OSU-03012,1
10090,SIDM00942,OSU-03012,1
10091,SIDM00810,OSU-03012,1
10092,SIDM01060,OSU-03012,1
10093,SIDM00828,OSU-03012,1
10094,SIDM00896,OSU-03012,1
10095,SIDM00442,OSU-03012,1
10096,SIDM00396,OSU-03012,1
10097,SIDM00332,Obatoclax Mesylate,1
10098,SIDM00963,Obatoclax Mesylate,1
10099,SIDM00941,Obatoclax Mesylate,1
10100,SIDM00939,Obatoclax Mesylate,1
10101,SIDM01025,Obatoclax Mesylate,1
10102,SIDM00832,Obatoclax Mesylate,1
10103,SIDM01218,Obatoclax Mesylate,1
10104,SIDM01047,Obatoclax Mesylate,1
10105,SIDM00641,Obatoclax Mesylate,1
10106,SIDM00458,Obatoclax Mesylate,1
10107,SIDM00954,Obatoclax Mesylate,1
10108,SIDM00413,Obatoclax Mesylate,1
10109,SIDM01051,Obatoclax Mesylate,1
10110,SIDM00421,Obatoclax Mesylate,1
10111,SIDM01001,Obatoclax Mesylate,1
10112,SIDM00661,Obatoclax Mesylate,1
10113,SIDM00463,Obatoclax Mesylate,1
10114,SIDM01028,Obatoclax Mesylate,1
10115,SIDM00343,Obatoclax Mesylate,1
10116,SIDM01103,Obatoclax Mesylate,1
10117,SIDM00929,Obatoclax Mesylate,1
10118,SIDM00087,Obatoclax Mesylate,1
10119,SIDM00451,Obatoclax Mesylate,1
10120,SIDM01004,Obatoclax Mesylate,1
10121,SIDM00810,Obatoclax Mesylate,1
10122,SIDM00329,Obatoclax Mesylate,1
10123,SIDM00334,Obatoclax Mesylate,1
10124,SIDM00948,Obatoclax Mesylate,1
10125,SIDM00335,Obatoclax Mesylate,1
10126,SIDM00145,Obatoclax Mesylate,1
10127,SIDM00404,Obatoclax Mesylate,1
10128,SIDM00895,Obatoclax Mesylate,1
10129,SIDM01048,Obatoclax Mesylate,1
10130,SIDM00415,Obatoclax Mesylate,1
10131,SIDM01179,Obatoclax Mesylate,1
10132,SIDM00860,Obatoclax Mesylate,1
10133,SIDM00933,Obatoclax Mesylate,1
10134,SIDM00088,Obatoclax Mesylate,1
10135,SIDM01086,Obatoclax Mesylate,1
10136,SIDM00327,Obatoclax Mesylate,1
10137,SIDM01082,Obatoclax Mesylate,1
10138,SIDM00940,Obatoclax Mesylate,1
10139,SIDM00313,Obatoclax Mesylate,1
10140,SIDM01131,Obatoclax Mesylate,1
10141,SIDM00632,Obatoclax Mesylate,1
10142,SIDM00995,Obatoclax Mesylate,1
10143,SIDM00515,Obatoclax Mesylate,1
10144,SIDM00339,Obatoclax Mesylate,1
10145,SIDM00999,Obatoclax Mesylate,1
10146,SIDM01032,Obatoclax Mesylate,1
10147,SIDM01019,Obatoclax Mesylate,1
10148,SIDM00453,Obatoclax Mesylate,1
10149,SIDM00330,Obatoclax Mesylate,1
10150,SIDM01067,Obatoclax Mesylate,1
10151,SIDM00874,Obatoclax Mesylate,1
10152,SIDM01002,Obatoclax Mesylate,1
10153,SIDM00443,Obatoclax Mesylate,1
10154,SIDM00121,Obatoclax Mesylate,1
10155,SIDM00994,Olaparib,1
10156,SIDM00952,Olaparib,1
10157,SIDM00961,Olaparib,1
10158,SIDM00983,Olaparib,1
10159,SIDM01001,Olaparib,1
10160,SIDM01073,Olaparib,1
10161,SIDM01059,Olaparib,1
10162,SIDM00388,Olaparib,1
10163,SIDM01034,Olaparib,1
10164,SIDM01066,Olaparib,1
10165,SIDM01060,Olaparib,1
10166,SIDM01073,Olaparib,1
10167,SIDM01110,Olaparib,1
10168,SIDM00988,Olaparib,1
10169,SIDM00900,Olaparib,1
10170,SIDM00798,Olaparib,1
10171,SIDM00450,Olaparib,1
10172,SIDM00785,Olaparib,1
10173,SIDM00431,Olaparib,1
10174,SIDM01248,Olaparib,1
10175,SIDM00632,Olaparib,1
10176,SIDM00943,Olaparib,1
10177,SIDM00461,Olaparib,1
10178,SIDM00426,Olaparib,1
10179,SIDM00946,Olaparib,1
10180,SIDM00874,Olaparib,1
10181,SIDM00428,Olaparib,1
10182,SIDM00423,Olaparib,1
10183,SIDM00990,Olaparib,1
10184,SIDM00948,Olaparib,1
10185,SIDM01086,Olaparib,1
10186,SIDM00402,Olaparib,1
10187,SIDM00332,Olaparib,1
10188,SIDM00957,Olaparib,1
10189,SIDM00344,Olaparib,1
10190,SIDM00810,Olaparib,1
10191,SIDM00900,Olaparib,1
10192,SIDM01110,Olaparib,1
10193,SIDM01020,Olaparib,1
10194,SIDM01111,Olaparib,1
10195,SIDM01019,Olaparib,1
10196,SIDM00308,Olaparib,1
10197,SIDM00927,Olaparib,1
10198,SIDM01179,Olaparib,1
10199,SIDM00406,Olaparib,1
10200,SIDM01089,Olaparib,1
10201,SIDM00405,Olaparib,1
10202,SIDM01058,Olaparib,1
10203,SIDM00483,Olaparib,1
10204,SIDM00477,Olaparib,1
10205,SIDM00286,Olaparib,1
10206,SIDM00342,Olaparib,1
10207,SIDM01026,Olaparib,1
10208,SIDM00336,Olaparib,1
10209,SIDM00661,Olaparib,1
10210,SIDM01027,Olaparib,1
10211,SIDM00394,Olaparib,1
10212,SIDM00403,Olaparib,1
10213,SIDM01045,Olaparib,1
10214,SIDM00477,Olaparib,1
10215,SIDM00413,Olaparib,1
10216,SIDM00939,Olaparib,1
10217,SIDM00395,Olaparib,1
10218,SIDM01191,Olaparib,1
10219,SIDM00121,Olaparib,1
10220,SIDM01089,Olaparib,1
10221,SIDM00313,Olaparib,1
10222,SIDM01019,Olaparib,1
10223,SIDM00331,Olaparib,1
10224,SIDM00458,Olaparib,1
10225,SIDM00980,Olaparib,1
10226,SIDM00939,Olaparib,1
10227,SIDM01172,Olaparib,1
10228,SIDM00993,Olaparib,1
10229,SIDM00145,Olaparib,1
10230,SIDM00420,Olaparib,1
10231,SIDM00949,Olaparib,1
10232,SIDM00331,Olaparib,1
10233,SIDM00428,Olaparib,1
10234,SIDM00312,Olaparib,1
10235,SIDM00832,Olaparib,1
10236,SIDM01218,Olaparib,1
10237,SIDM00929,Olaparib,1
10238,SIDM00937,Olaparib,1
10239,SIDM01032,Olaparib,1
10240,SIDM00499,Olaparib,1
10241,SIDM00526,Olaparib,1
10242,SIDM00907,Olaparib,1
10243,SIDM00341,Olaparib,1
10244,SIDM01034,Olaparib,1
10245,SIDM00990,Olaparib,1
10246,SIDM00272,Olaparib,1
10247,SIDM00944,Olaparib,1
10248,SIDM00940,Olaparib,1
10249,SIDM01036,Olaparib,1
10250,SIDM00886,Olaparib,1
10251,SIDM00380,Olaparib,1
10252,SIDM00999,Olaparib,1
10253,SIDM01068,Olaparib,1
10254,SIDM01055,Olaparib,1
10255,SIDM00958,Olaparib,1
10256,SIDM00928,Olaparib,1
10257,SIDM00463,Olaparib,1
10258,SIDM01062,Olaparib,1
10259,SIDM00453,Olaparib,1
10260,SIDM00424,Olaparib,1
10261,SIDM01148,Olaparib,1
10262,SIDM01107,Olaparib,1
10263,SIDM00403,Olaparib,1
10264,SIDM00272,Olaparib,1
10265,SIDM01015,Olaparib,1
10266,SIDM00946,Olaparib,1
10267,SIDM00954,Olaparib,1
10268,SIDM00989,Olaparib,1
10269,SIDM01154,Olaparib,1
10270,SIDM00434,Olaparib,1
10271,SIDM00454,Olaparib,1
10272,SIDM00987,Olaparib,1
10273,SIDM01107,Olaparib,1
10274,SIDM00999,Olaparib,1
10275,SIDM00417,Olaparib,1
10276,SIDM00416,Olaparib,1
10277,SIDM00148,Olaparib,1
10278,SIDM00939,Omipalisib,1
10279,SIDM00462,Omipalisib,1
10280,SIDM00957,Omipalisib,1
10281,SIDM00706,Omipalisib,1
10282,SIDM00395,Omipalisib,1
10283,SIDM00342,Omipalisib,1
10284,SIDM00983,Omipalisib,1
10285,SIDM00461,Omipalisib,1
10286,SIDM00993,Omipalisib,1
10287,SIDM01026,Omipalisib,1
10288,SIDM00415,Omipalisib,1
10289,SIDM00963,Omipalisib,1
10290,SIDM01052,Omipalisib,1
10291,SIDM00247,Omipalisib,1
10292,SIDM01111,Omipalisib,1
10293,SIDM00419,Omipalisib,1
10294,SIDM00947,Omipalisib,1
10295,SIDM01023,Omipalisib,1
10296,SIDM01087,Omipalisib,1
10297,SIDM00951,Omipalisib,1
10298,SIDM00338,Omipalisib,1
10299,SIDM01004,Omipalisib,1
10300,SIDM00986,Omipalisib,1
10301,SIDM00120,Omipalisib,1
10302,SIDM00420,Omipalisib,1
10303,SIDM00479,Omipalisib,1
10304,SIDM01085,Omipalisib,1
10305,SIDM00526,Omipalisib,1
10306,SIDM00426,Omipalisib,1
10307,SIDM00388,Omipalisib,1
10308,SIDM00807,Omipalisib,1
10309,SIDM01068,Omipalisib,1
10310,SIDM00877,Omipalisib,1
10311,SIDM00628,Omipalisib,1
10312,SIDM01073,Omipalisib,1
10313,SIDM00980,Omipalisib,1
10314,SIDM00421,Omipalisib,1
10315,SIDM00961,Omipalisib,1
10316,SIDM01086,Omipalisib,1
10317,SIDM00345,Omipalisib,1
10318,SIDM00641,Omipalisib,1
10319,SIDM00453,Omipalisib,1
10320,SIDM00953,Omipalisib,1
10321,SIDM00900,Omipalisib,1
10322,SIDM01036,Omipalisib,1
10323,SIDM01110,Omipalisib,1
10324,SIDM00442,Omipalisib,1
10325,SIDM00994,Omipalisib,1
10326,SIDM01051,PAC-1,1
10327,SIDM00954,PAC-1,1
10328,SIDM00423,PAC-1,1
10329,SIDM00995,PAC-1,1
10330,SIDM00580,PAC-1,1
10331,SIDM01060,PAC-1,1
10332,SIDM00996,PAC-1,1
10333,SIDM01020,PAC-1,1
10334,SIDM00994,PAC-1,1
10335,SIDM00785,PAC-1,1
10336,SIDM01018,PAC-1,1
10337,SIDM01172,PAC-1,1
10338,SIDM01111,PAC-1,1
10339,SIDM00395,PAC-1,1
10340,SIDM00335,PAC-1,1
10341,SIDM00404,PAC-1,1
10342,SIDM00499,PAC-1,1
10343,SIDM00807,PAC-1,1
10344,SIDM00938,PAC-1,1
10345,SIDM00333,PAC-1,1
10346,SIDM01023,PAC-1,1
10347,SIDM00641,PAC-1,1
10348,SIDM00431,PAC-1,1
10349,SIDM00928,PAC-1,1
10350,SIDM00982,PAC-1,1
10351,SIDM00441,PAC-1,1
10352,SIDM00344,PAC-1,1
10353,SIDM00932,PAC-1,1
10354,SIDM01043,PAC-1,1
10355,SIDM00330,PAC-1,1
10356,SIDM00388,PAC-1,1
10357,SIDM00447,PAC-1,1
10358,SIDM00136,PAC-1,1
10359,SIDM01154,PAC-1,1
10360,SIDM00390,PAC-1,1
10361,SIDM01058,PD0325901,1
10362,SIDM00401,PD0325901,1
10363,SIDM00463,PD0325901,1
10364,SIDM00594,PD0325901,1
10365,SIDM00285,PD0325901,1
10366,SIDM00338,PD0325901,1
10367,SIDM00340,PD0325901,1
10368,SIDM01002,PD0325901,1
10369,SIDM01034,PD0325901,1
10370,SIDM00933,PD0325901,1
10371,SIDM00997,PD0325901,1
10372,SIDM00860,PD0325901,1
10373,SIDM00410,PD0325901,1
10374,SIDM01045,PD0325901,1
10375,SIDM00996,PD0325901,1
10376,SIDM00389,PD0325901,1
10377,SIDM00932,PD0325901,1
10378,SIDM01076,PD0325901,1
10379,SIDM01085,PD0325901,1
10380,SIDM00946,PD0325901,1
10381,SIDM00512,PD0325901,1
10382,SIDM00380,PD0325901,1
10383,SIDM00413,PD0325901,1
10384,SIDM00339,PD0325901,1
10385,SIDM00337,PD0325901,1
10386,SIDM00886,PD0325901,1
10387,SIDM00136,PD0325901,1
10388,SIDM00950,PD0325901,1
10389,SIDM01051,PD0325901,1
10390,SIDM01176,PD0325901,1
10391,SIDM00810,PD0325901,1
10392,SIDM00985,PD0325901,1
10393,SIDM00657,PD0325901,1
10394,SIDM01031,PD0325901,1
10395,SIDM00330,PD0325901,1
10396,SIDM00421,PD0325901,1
10397,SIDM00939,PD0325901,1
10398,SIDM00431,PD0325901,1
10399,SIDM00499,PD0325901,1
10400,SIDM00900,PD0325901,1
10401,SIDM00641,PD0325901,1
10402,SIDM00515,PD0325901,1
10403,SIDM00951,PD0325901,1
10404,SIDM01026,PD0325901,1
10405,SIDM01154,PD0325901,1
10406,SIDM00526,PD0325901,1
10407,SIDM00417,PD0325901,1
10408,SIDM01012,PD0325901,1
10409,SIDM00442,PD0325901,1
10410,SIDM01047,PD0325901,1
10411,SIDM00942,PD0325901,1
10412,SIDM00783,PD0325901,1
10413,SIDM00580,PD0325901,1
10414,SIDM00990,PD0325901,1
10415,SIDM00986,PD0325901,1
10416,SIDM00957,PD0325901,1
10417,SIDM00343,PD0325901,1
10418,SIDM01055,PD0325901,1
10419,SIDM00943,PD0325901,1
10420,SIDM01068,PD0325901,1
10421,SIDM00087,PD0325901,1
10422,SIDM00907,PD0325901,1
10423,SIDM00449,PD0325901,1
10424,SIDM00394,PD0325901,1
10425,SIDM01069,PD173074,1
10426,SIDM01076,PD173074,1
10427,SIDM00441,PD173074,1
10428,SIDM01191,PD173074,1
10429,SIDM00433,PD173074,1
10430,SIDM00961,PD173074,1
10431,SIDM01036,PD173074,1
10432,SIDM00410,PD173074,1
10433,SIDM00442,PD173074,1
10434,SIDM00443,PD173074,1
10435,SIDM00312,PD173074,1
10436,SIDM01176,PD173074,1
10437,SIDM00941,PD173074,1
10438,SIDM00832,PD173074,1
10439,SIDM00460,PD173074,1
10440,SIDM00404,PD173074,1
10441,SIDM00329,PD173074,1
10442,SIDM00930,PD173074,1
10443,SIDM01003,PD173074,1
10444,SIDM00402,PD173074,1
10445,SIDM00949,PD173074,1
10446,SIDM00148,PD173074,1
10447,SIDM00380,PD173074,1
10448,SIDM00798,PD173074,1
10449,SIDM00272,PD173074,1
10450,SIDM00145,PD173074,1
10451,SIDM01111,PD173074,1
10452,SIDM00405,PD173074,1
10453,SIDM00339,PD173074,1
10454,SIDM00886,PD173074,1
10455,SIDM00331,PD173074,1
10456,SIDM00928,PF-00299804,1
10457,SIDM00406,PF-00299804,1
10458,SIDM00403,PF-00299804,1
10459,SIDM00961,PF-00299804,1
10460,SIDM00284,PF-00299804,1
10461,SIDM00313,PF-00299804,1
10462,SIDM00903,PF-00299804,1
10463,SIDM00957,PF-00299804,1
10464,SIDM01030,PF-00299804,1
10465,SIDM00828,PF-00299804,1
10466,SIDM00340,PF-00299804,1
10467,SIDM00442,PF-00299804,1
10468,SIDM00941,PF-00299804,1
10469,SIDM01218,PF-00299804,1
10470,SIDM01110,PF-00299804,1
10471,SIDM01051,PF-00299804,1
10472,SIDM00940,PF-00299804,1
10473,SIDM00450,PF-00299804,1
10474,SIDM01082,PF-00299804,1
10475,SIDM01047,PF-00299804,1
10476,SIDM00990,PF-00299804,1
10477,SIDM00415,PF-00299804,1
10478,SIDM00423,PF-00299804,1
10479,SIDM00345,PF-00299804,1
10480,SIDM00962,PF-00299804,1
10481,SIDM00671,PF-00299804,1
10482,SIDM01068,PF-00299804,1
10483,SIDM00389,PF-00299804,1
10484,SIDM00413,PF-00299804,1
10485,SIDM00447,PF-00299804,1
10486,SIDM00896,PF-00299804,1
10487,SIDM00895,PF-00299804,1
10488,SIDM00124,PF-00299804,1
10489,SIDM01002,PF-00299804,1
10490,SIDM00287,PF-00299804,1
10491,SIDM00937,PF-00299804,1
10492,SIDM01131,PF-00299804,1
10493,SIDM00341,PF-00299804,1
10494,SIDM00785,PF-00299804,1
10495,SIDM00327,PF-00299804,1
10496,SIDM00121,PF-00299804,1
10497,SIDM01111,PF-00299804,1
10498,SIDM00392,PF-00299804,1
10499,SIDM00088,PF-00299804,1
10500,SIDM00419,PF-00299804,1
10501,SIDM01056,PF-00299804,1
10502,SIDM01034,PF-00299804,1
10503,SIDM01067,PF-00299804,1
10504,SIDM00935,PF-00299804,1
10505,SIDM00337,PF-00299804,1
10506,SIDM00930,PF-00299804,1
10507,SIDM01015,PF-00299804,1
10508,SIDM00594,PF-00299804,1
10509,SIDM00994,PF-00299804,1
10510,SIDM00448,PF-00299804,1
10511,SIDM00446,PF-00299804,1
10512,SIDM00451,PF-00299804,1
10513,SIDM01036,PF-00299804,1
10514,SIDM00989,PF-00299804,1
10515,SIDM00980,PF-00299804,1
10516,SIDM00386,PF-00299804,1
10517,SIDM00993,PF-00299804,1
10518,SIDM01009,PF-00299804,1
10519,SIDM00402,PF-00299804,1
10520,SIDM00927,PF-00299804,1
10521,SIDM01085,PF-00299804,1
10522,SIDM00987,PF-00299804,1
10523,SIDM00329,PF-00299804,1
10524,SIDM00947,PF-00299804,1
10525,SIDM01042,PF-00299804,1
10526,SIDM00333,PF-00299804,1
10527,SIDM00949,PF-4708671,1
10528,SIDM00964,PF-4708671,1
10529,SIDM00433,PF-4708671,1
10530,SIDM00954,PF-4708671,1
10531,SIDM00308,PF-4708671,1
10532,SIDM00338,PF-4708671,1
10533,SIDM00401,PF-4708671,1
10534,SIDM00932,PF-4708671,1
10535,SIDM00948,PF-4708671,1
10536,SIDM00982,PF-4708671,1
10537,SIDM01058,PF-4708671,1
10538,SIDM00284,PF-4708671,1
10539,SIDM00641,PF-4708671,1
10540,SIDM01176,PF-4708671,1
10541,SIDM00460,PF-4708671,1
10542,SIDM00783,PF-4708671,1
10543,SIDM00829,PF-4708671,1
10544,SIDM01003,PF-4708671,1
10545,SIDM00996,PF-4708671,1
10546,SIDM00989,PF-4708671,1
10547,SIDM01027,PF-4708671,1
10548,SIDM01069,PF-4708671,1
10549,SIDM00386,PF-4708671,1
10550,SIDM01057,PF-4708671,1
10551,SIDM00512,PF-4708671,1
10552,SIDM00939,PF-4708671,1
10553,SIDM00657,PF-4708671,1
10554,SIDM00097,PF-4708671,1
10555,SIDM00941,PF-4708671,1
10556,SIDM00706,PF-4708671,1
10557,SIDM00791,PF-4708671,1
10558,SIDM00929,PF-4708671,1
10559,SIDM01087,PF-4708671,1
10560,SIDM01148,PF-4708671,1
10561,SIDM00936,PF-4708671,1
10562,SIDM00121,PF-4708671,1
10563,SIDM00339,PF-4708671,1
10564,SIDM01042,PF-4708671,1
10565,SIDM01131,PF-4708671,1
10566,SIDM01107,PF-4708671,1
10567,SIDM01009,PF-4708671,1
10568,SIDM01052,PF-4708671,1
10569,SIDM00380,PF-4708671,1
10570,SIDM01005,PF-4708671,1
10571,SIDM00828,PF-4708671,1
10572,SIDM01002,PF-4708671,1
10573,SIDM01038,PF-4708671,1
10574,SIDM00461,PF-4708671,1
10575,SIDM00907,PF-4708671,1
10576,SIDM00451,PF-4708671,1
10577,SIDM01218,PF-4708671,1
10578,SIDM01076,PF-4708671,1
10579,SIDM00937,PF-4708671,1
10580,SIDM01049,PF-4708671,1
10581,SIDM00416,PF-4708671,1
10582,SIDM00428,PF-562271,1
10583,SIDM00391,PF-562271,1
10584,SIDM00942,PF-562271,1
10585,SIDM00441,PF-562271,1
10586,SIDM00903,PF-562271,1
10587,SIDM00308,PF-562271,1
10588,SIDM00900,PF-562271,1
10589,SIDM00395,PF-562271,1
10590,SIDM00453,PF-562271,1
10591,SIDM00895,PF-562271,1
10592,SIDM00637,PF-562271,1
10593,SIDM01059,PF-562271,1
10594,SIDM01020,PF-562271,1
10595,SIDM01131,PF-562271,1
10596,SIDM00345,PF-562271,1
10597,SIDM00272,PF-562271,1
10598,SIDM01103,PF-562271,1
10599,SIDM00936,PF-562271,1
10600,SIDM00785,PF-562271,1
10601,SIDM00949,PF-562271,1
10602,SIDM01019,PF-562271,1
10603,SIDM00388,PF-562271,1
10604,SIDM00594,PF-562271,1
10605,SIDM01248,PF-562271,1
10606,SIDM00451,PF-562271,1
10607,SIDM00426,PF-562271,1
10608,SIDM01055,PF-562271,1
10609,SIDM00344,PF-562271,1
10610,SIDM00460,PF-562271,1
10611,SIDM00455,PF-562271,1
10612,SIDM00146,PF-562271,1
10613,SIDM00411,PF-562271,1
10614,SIDM00401,PF-562271,1
10615,SIDM00286,PF-562271,1
10616,SIDM00783,PF-562271,1
10617,SIDM01009,PF-562271,1
10618,SIDM00671,PF-562271,1
10619,SIDM01025,PF-562271,1
10620,SIDM00404,PF-562271,1
10621,SIDM00947,PF-562271,1
10622,SIDM00807,PF-562271,1
10623,SIDM00335,PFI-1,1
10624,SIDM01019,PFI-1,1
10625,SIDM00866,PFI-1,1
10626,SIDM00227,PFI-1,1
10627,SIDM00994,PFI-1,1
10628,SIDM01023,PFI-1,1
10629,SIDM00403,PFI-1,1
10630,SIDM00426,PFI-1,1
10631,SIDM01055,PFI-1,1
10632,SIDM00407,PFI-1,1
10633,SIDM00515,PFI-1,1
10634,SIDM01005,PFI-1,1
10635,SIDM00340,PFI-1,1
10636,SIDM00932,PFI-1,1
10637,SIDM00423,PFI-1,1
10638,SIDM00785,PFI-1,1
10639,SIDM00136,PFI-1,1
10640,SIDM00988,PFI-1,1
10641,SIDM00462,PFI-1,1
10642,SIDM00416,PFI-1,1
10643,SIDM01012,PFI-1,1
10644,SIDM01082,PFI-1,1
10645,SIDM01076,PFI-1,1
10646,SIDM00990,PFI-1,1
10647,SIDM01027,PFI-1,1
10648,SIDM00437,PFI-1,1
10649,SIDM01028,PFI-1,1
10650,SIDM00657,PFI-1,1
10651,SIDM00405,PFI-1,1
10652,SIDM00661,PFI-1,1
10653,SIDM00671,PFI-1,1
10654,SIDM01148,PFI-1,1
10655,SIDM00333,PFI-1,1
10656,SIDM00286,PFI-1,1
10657,SIDM01069,PFI-1,1
10658,SIDM00996,PFI-1,1
10659,SIDM00935,PFI-1,1
10660,SIDM00395,PFI-1,1
10661,SIDM00441,PFI-1,1
10662,SIDM01036,PFI-1,1
10663,SIDM00580,PFI-1,1
10664,SIDM00947,PFI-1,1
10665,SIDM00415,PFI-1,1
10666,SIDM01015,PFI-1,1
10667,SIDM00429,PFI-1,1
10668,SIDM00867,PFI-1,1
10669,SIDM00454,PFI-1,1
10670,SIDM01056,PFI-1,1
10671,SIDM00339,PFI-1,1
10672,SIDM00963,PFI-1,1
10673,SIDM01131,PFI-1,1
10674,SIDM00810,PFI-1,1
10675,SIDM00828,PFI-1,1
10676,SIDM00287,PFI-1,1
10677,SIDM00431,PFI-1,1
10678,SIDM00807,PFI-1,1
10679,SIDM00860,PFI-1,1
10680,SIDM01048,PFI-1,1
10681,SIDM00628,PFI-1,1
10682,SIDM01025,PFI-3,1
10683,SIDM00406,PFI-3,1
10684,SIDM00935,PFI-3,1
10685,SIDM00433,PFI-3,1
10686,SIDM01013,PFI-3,1
10687,SIDM00932,PFI-3,1
10688,SIDM01089,PFI-3,1
10689,SIDM00948,PFI-3,1
10690,SIDM01218,PFI-3,1
10691,SIDM00949,PFI-3,1
10692,SIDM00331,PFI-3,1
10693,SIDM00339,PFI-3,1
10694,SIDM00449,PFI-3,1
10695,SIDM01154,PFI-3,1
10696,SIDM00954,PFI-3,1
10697,SIDM01052,PFI-3,1
10698,SIDM00426,PFI-3,1
10699,SIDM00308,PFI-3,1
10700,SIDM00580,PFI-3,1
10701,SIDM00628,PFI-3,1
10702,SIDM00088,PFI-3,1
10703,SIDM00983,PFI-3,1
10704,SIDM01029,PFI-3,1
10705,SIDM00461,PFI-3,1
10706,SIDM01026,PFI-3,1
10707,SIDM00227,PFI-3,1
10708,SIDM00929,PFI-3,1
10709,SIDM00345,PFI-3,1
10710,SIDM00462,PFI-3,1
10711,SIDM00392,PFI-3,1
10712,SIDM00313,PFI-3,1
10713,SIDM01066,PFI-3,1
10714,SIDM00962,PFI-3,1
10715,SIDM01024,PFI-3,1
10716,SIDM00829,PFI-3,1
10717,SIDM00389,PFI-3,1
10718,SIDM00953,PFI-3,1
10719,SIDM00334,PFI-3,1
10720,SIDM01027,PFI-3,1
10721,SIDM00424,PFI-3,1
10722,SIDM00332,PFI-3,1
10723,SIDM00460,PFI-3,1
10724,SIDM01072,PFI-3,1
10725,SIDM00412,PFI-3,1
10726,SIDM00941,PFI-3,1
10727,SIDM00330,PFI-3,1
10728,SIDM01107,PFI-3,1
10729,SIDM00087,PFI-3,1
10730,SIDM00933,PFI-3,1
10731,SIDM00443,PFI-3,1
10732,SIDM00987,PFI-3,1
10733,SIDM01067,PFI-3,1
10734,SIDM01110,PFI-3,1
10735,SIDM00339,PHA-665752,1
10736,SIDM01076,PHA-665752,1
10737,SIDM00994,PHA-665752,1
10738,SIDM00422,PHA-665752,1
10739,SIDM00896,PHA-665752,1
10740,SIDM00405,PHA-665752,1
10741,SIDM01154,PHA-665752,1
10742,SIDM00637,PHA-665752,1
10743,SIDM00985,PHA-665752,1
10744,SIDM01179,PHA-665752,1
10745,SIDM00951,PHA-665752,1
10746,SIDM00433,PHA-665752,1
10747,SIDM00641,PHA-793887,1
10748,SIDM01027,PHA-793887,1
10749,SIDM01176,PHA-793887,1
10750,SIDM00947,PHA-793887,1
10751,SIDM00121,PHA-793887,1
10752,SIDM00999,PHA-793887,1
10753,SIDM00829,PHA-793887,1
10754,SIDM00942,PHA-793887,1
10755,SIDM01131,PHA-793887,1
10756,SIDM00327,PHA-793887,1
10757,SIDM01004,PHA-793887,1
10758,SIDM00937,PHA-793887,1
10759,SIDM00798,PHA-793887,1
10760,SIDM00434,PHA-793887,1
10761,SIDM00580,PHA-793887,1
10762,SIDM01056,PHA-793887,1
10763,SIDM00957,PHA-793887,1
10764,SIDM00433,PHA-793887,1
10765,SIDM01154,PHA-793887,1
10766,SIDM01172,PHA-793887,1
10767,SIDM00477,PHA-793887,1
10768,SIDM01048,PHA-793887,1
10769,SIDM01043,PHA-793887,1
10770,SIDM00227,PHA-793887,1
10771,SIDM00895,PHA-793887,1
10772,SIDM00483,PHA-793887,1
10773,SIDM00343,PHA-793887,1
10774,SIDM00423,PHA-793887,1
10775,SIDM00946,PHA-793887,1
10776,SIDM00284,PHA-793887,1
10777,SIDM01002,PHA-793887,1
10778,SIDM00785,PHA-793887,1
10779,SIDM01028,PHA-793887,1
10780,SIDM00337,PHA-793887,1
10781,SIDM00961,PHA-793887,1
10782,SIDM00442,PHA-793887,1
10783,SIDM00334,PHA-793887,1
10784,SIDM00526,PHA-793887,1
10785,SIDM00341,PHA-793887,1
10786,SIDM00097,PHA-793887,1
10787,SIDM00927,PHA-793887,1
10788,SIDM00949,PHA-793887,1
10789,SIDM01066,PHA-793887,1
10790,SIDM00637,PHA-793887,1
10791,SIDM01055,PHA-793887,1
10792,SIDM01071,PHA-793887,1
10793,SIDM01057,PHA-793887,1
10794,SIDM00417,PHA-793887,1
10795,SIDM00989,PHA-793887,1
10796,SIDM00136,PHA-793887,1
10797,SIDM00313,PHA-793887,1
10798,SIDM00422,PHA-793887,1
10799,SIDM00943,PHA-793887,1
10800,SIDM00438,PHA-793887,1
10801,SIDM00391,PHA-793887,1
10802,SIDM00832,PHA-793887,1
10803,SIDM00413,PHA-793887,1
10804,SIDM00860,PHA-793887,1
10805,SIDM00396,PHA-793887,1
10806,SIDM00988,PHA-793887,1
10807,SIDM00287,PHA-793887,1
10808,SIDM00515,PHA-793887,1
10809,SIDM00867,PHA-793887,1
10810,SIDM00928,PHA-793887,1
10811,SIDM00412,PHA-793887,1
10812,SIDM00424,PHA-793887,1
10813,SIDM01042,PI-103,1
10814,SIDM01045,PI-103,1
10815,SIDM00148,PI-103,1
10816,SIDM01068,PI-103,1
10817,SIDM00580,PI-103,1
10818,SIDM00983,PI-103,1
10819,SIDM01086,PI-103,1
10820,SIDM01030,PI-103,1
10821,SIDM00932,PI-103,1
10822,SIDM00964,PI-103,1
10823,SIDM00499,PI-103,1
10824,SIDM00483,PI-103,1
10825,SIDM00413,PI-103,1
10826,SIDM00136,PI-103,1
10827,SIDM00867,PI-103,1
10828,SIDM00340,PI-103,1
10829,SIDM01064,PI-103,1
10830,SIDM00330,PI-103,1
10831,SIDM00657,PI-103,1
10832,SIDM01179,PI-103,1
10833,SIDM01009,PI-103,1
10834,SIDM00394,PI-103,1
10835,SIDM00526,PI-103,1
10836,SIDM00329,PI-103,1
10837,SIDM00928,PI-103,1
10838,SIDM00423,PI-103,1
10839,SIDM00406,PI-103,1
10840,SIDM00940,PI-103,1
10841,SIDM00411,PI-103,1
10842,SIDM00442,PI-103,1
10843,SIDM00429,PI-103,1
10844,SIDM00953,PI-103,1
10845,SIDM00903,PI-103,1
10846,SIDM00791,PI-103,1
10847,SIDM01036,PI-103,1
10848,SIDM01110,PI-103,1
10849,SIDM00285,PI-103,1
10850,SIDM01154,PI-103,1
10851,SIDM00515,PI-103,1
10852,SIDM00993,PI-103,1
10853,SIDM01067,PI-103,1
10854,SIDM00946,PI-103,1
10855,SIDM01019,PI-103,1
10856,SIDM00943,PI-103,1
10857,SIDM01059,PI-103,1
10858,SIDM00860,PI-103,1
10859,SIDM01107,PI-103,1
10860,SIDM00628,PI-103,1
10861,SIDM00455,PI-103,1
10862,SIDM00939,PI-103,1
10863,SIDM01089,PI-103,1
10864,SIDM00448,PI-103,1
10865,SIDM00896,PI-103,1
10866,SIDM01002,PI-103,1
10867,SIDM01248,PI-103,1
10868,SIDM00443,PI-103,1
10869,SIDM00450,PI-103,1
10870,SIDM00088,PI-103,1
10871,SIDM00345,PI-103,1
10872,SIDM00097,PI-103,1
10873,SIDM00441,PIK-93,1
10874,SIDM00932,PIK-93,1
10875,SIDM00962,PIK-93,1
10876,SIDM00327,PIK-93,1
10877,SIDM01131,PIK-93,1
10878,SIDM00447,PIK-93,1
10879,SIDM00938,PIK-93,1
10880,SIDM00391,PIK-93,1
10881,SIDM01042,PIK-93,1
10882,SIDM01110,PIK-93,1
10883,SIDM00388,PIK-93,1
10884,SIDM00867,PIK-93,1
10885,SIDM00338,PIK-93,1
10886,SIDM00954,PIK-93,1
10887,SIDM00944,PIK-93,1
10888,SIDM00946,PIK-93,1
10889,SIDM01067,PIK-93,1
10890,SIDM00989,PIK-93,1
10891,SIDM01055,PIK-93,1
10892,SIDM00336,PIK-93,1
10893,SIDM00312,PIK-93,1
10894,SIDM01012,PIK-93,1
10895,SIDM01023,PIK-93,1
10896,SIDM00308,PIK-93,1
10897,SIDM01060,PIK-93,1
10898,SIDM01029,PIK-93,1
10899,SIDM00340,PIK-93,1
10900,SIDM00332,PIK-93,1
10901,SIDM00443,PIK-93,1
10902,SIDM00930,PIK-93,1
10903,SIDM00515,PIK-93,1
10904,SIDM01076,PIK-93,1
10905,SIDM00907,PIK-93,1
10906,SIDM00433,PIK-93,1
10907,SIDM00419,PIK-93,1
10908,SIDM00999,PIK-93,1
10909,SIDM00896,PIK-93,1
10910,SIDM00345,PIK-93,1
10911,SIDM01030,PIK-93,1
10912,SIDM00463,PIK-93,1
10913,SIDM00982,PIK-93,1
10914,SIDM00451,PIK-93,1
10915,SIDM00927,PIK-93,1
10916,SIDM01058,PIK-93,1
10917,SIDM00594,PIK-93,1
10918,SIDM01002,PIK-93,1
10919,SIDM00413,PIK-93,1
10920,SIDM00387,PIK-93,1
10921,SIDM00272,PIK-93,1
10922,SIDM01032,PIK-93,1
10923,SIDM00146,PIK-93,1
10924,SIDM00995,PIK-93,1
10925,SIDM01004,PIK-93,1
10926,SIDM00948,PIK-93,1
10927,SIDM00983,PIK-93,1
10928,SIDM00441,PLX-4720,1
10929,SIDM00388,PLX-4720,1
10930,SIDM01111,PLX-4720,1
10931,SIDM01012,PLX-4720,1
10932,SIDM00957,PLX-4720,1
10933,SIDM00120,PLX-4720,1
10934,SIDM00401,PLX-4720,1
10935,SIDM01066,PLX-4720,1
10936,SIDM01069,PLX-4720,1
10937,SIDM00896,PLX-4720,1
10938,SIDM00342,PLX-4720,1
10939,SIDM01028,PLX-4720,1
10940,SIDM01056,PLX-4720,1
10941,SIDM00462,PLX-4720,1
10942,SIDM00463,PLX-4720,1
10943,SIDM01067,PLX-4720,1
10944,SIDM01049,PLX-4720,1
10945,SIDM00982,PLX-4720,1
10946,SIDM00453,PLX-4720,1
10947,SIDM01086,PLX-4720,1
10948,SIDM01031,PLX-4720,1
10949,SIDM00867,PLX-4720,1
10950,SIDM00874,PLX-4720,1
10951,SIDM00097,PLX-4720,1
10952,SIDM00333,PLX-4720,1
10953,SIDM00671,PLX-4720,1
10954,SIDM00413,PLX-4720,1
10955,SIDM00860,PLX-4720,1
10956,SIDM00934,PLX-4720,1
10957,SIDM00389,PLX-4720,1
10958,SIDM00433,PLX-4720,1
10959,SIDM00477,PLX-4720,1
10960,SIDM00954,PLX-4720,1
10961,SIDM00395,PLX-4720,1
10962,SIDM00999,PLX-4720,1
10963,SIDM00996,PLX-4720,1
10964,SIDM00450,PLX-4720,1
10965,SIDM00661,PLX-4720,1
10966,SIDM00438,PLX-4720,1
10967,SIDM00429,PLX-4720,1
10968,SIDM00416,PLX-4720,1
10969,SIDM00832,PLX-4720,1
10970,SIDM00272,PLX-4720,1
10971,SIDM00312,PLX-4720,1
10972,SIDM01048,PLX-4720,1
10973,SIDM00515,PLX-4720,1
10974,SIDM00461,PLX-4720,1
10975,SIDM00405,PLX-4720,1
10976,SIDM00940,PLX-4720,1
10977,SIDM00341,PLX-4720,1
10978,SIDM00403,PLX-4720,1
10979,SIDM00499,PLX-4720,1
10980,SIDM00950,PLX-4720,1
10981,SIDM00451,PLX-4720,1
10982,SIDM00783,PLX-4720,1
10983,SIDM00339,PLX-4720,1
10984,SIDM00337,PLX-4720,1
10985,SIDM00289,PLX-4720,1
10986,SIDM00287,PLX-4720,1
10987,SIDM00828,PLX-4720,1
10988,SIDM00312,PLX-4720,1
10989,SIDM00449,PLX-4720,1
10990,SIDM00448,PLX-4720,1
10991,SIDM00431,PLX-4720,1
10992,SIDM00928,PLX-4720,1
10993,SIDM00407,PLX-4720,1
10994,SIDM01148,PLX-4720,1
10995,SIDM00344,PLX-4720,1
10996,SIDM00329,PLX-4720,1
10997,SIDM00983,PLX-4720,1
10998,SIDM01110,PLX-4720,1
10999,SIDM01009,PLX-4720,1
11000,SIDM01034,PLX-4720,1
11001,SIDM00791,PLX-4720,1
11002,SIDM01060,PLX-4720,1
11003,SIDM00957,PLX-4720,1
11004,SIDM01042,PLX-4720,1
11005,SIDM00785,PLX-4720,1
11006,SIDM00451,PLX-4720,1
11007,SIDM00997,PLX-4720,1
11008,SIDM00657,PLX-4720,1
11009,SIDM00285,PLX-4720,1
11010,SIDM00341,PLX-4720,1
11011,SIDM00483,PLX-4720,1
11012,SIDM00434,PLX-4720,1
11013,SIDM00404,PLX-4720,1
11014,SIDM00332,PLX-4720,1
11015,SIDM01052,PLX-4720,1
11016,SIDM00512,PLX-4720,1
11017,SIDM00401,PLX-4720,1
11018,SIDM00442,PLX-4720,1
11019,SIDM00963,PLX-4720,1
11020,SIDM00424,PLX-4720,1
11021,SIDM00807,PLX-4720,1
11022,SIDM00483,PLX-4720,1
11023,SIDM00949,PLX-4720,1
11024,SIDM00462,PLX-4720,1
11025,SIDM01058,PLX-4720,1
11026,SIDM00340,PLX-4720,1
11027,SIDM00949,PLX-4720,1
11028,SIDM00985,PLX-4720,1
11029,SIDM01045,PLX-4720,1
11030,SIDM00948,PLX-4720,1
11031,SIDM00395,PLX-4720,1
11032,SIDM00087,PLX-4720,1
11033,SIDM01030,PLX-4720,1
11034,SIDM00308,PLX-4720,1
11035,SIDM01154,PLX-4720,1
11036,SIDM00907,PLX-4720,1
11037,SIDM00661,PLX-4720,1
11038,SIDM01172,PLX-4720,1
11039,SIDM00499,PLX-4720,1
11040,SIDM00449,PLX-4720,1
11041,SIDM00454,PLX-4720,1
11042,SIDM00327,Paclitaxel,1
11043,SIDM00461,Paclitaxel,1
11044,SIDM00145,Paclitaxel,1
11045,SIDM00450,Paclitaxel,1
11046,SIDM01023,Paclitaxel,1
11047,SIDM01034,Paclitaxel,1
11048,SIDM00390,Paclitaxel,1
11049,SIDM00877,Paclitaxel,1
11050,SIDM00286,Paclitaxel,1
11051,SIDM00330,Paclitaxel,1
11052,SIDM00433,Paclitaxel,1
11053,SIDM00443,Paclitaxel,1
11054,SIDM00900,Paclitaxel,1
11055,SIDM00423,Paclitaxel,1
11056,SIDM00954,Paclitaxel,1
11057,SIDM00404,Paclitaxel,1
11058,SIDM00338,Paclitaxel,1
11059,SIDM00428,Paclitaxel,1
11060,SIDM00342,Paclitaxel,1
11061,SIDM01048,Paclitaxel,1
11062,SIDM01172,Paclitaxel,1
11063,SIDM00421,Paclitaxel,1
11064,SIDM00927,Paclitaxel,1
11065,SIDM00346,Paclitaxel,1
11066,SIDM00412,Paclitaxel,1
11067,SIDM00312,Paclitaxel,1
11068,SIDM00895,Paclitaxel,1
11069,SIDM00526,Paclitaxel,1
11070,SIDM00953,Paclitaxel,1
11071,SIDM00671,Paclitaxel,1
11072,SIDM00227,Paclitaxel,1
11073,SIDM00424,Paclitaxel,1
11074,SIDM01026,Palbociclib,1
11075,SIDM00866,Palbociclib,1
11076,SIDM01032,Palbociclib,1
11077,SIDM01107,Palbociclib,1
11078,SIDM00334,Palbociclib,1
11079,SIDM00637,Palbociclib,1
11080,SIDM01051,Palbociclib,1
11081,SIDM00421,Palbociclib,1
11082,SIDM00336,Palbociclib,1
11083,SIDM00927,Palbociclib,1
11084,SIDM01068,Palbociclib,1
11085,SIDM00993,Palbociclib,1
11086,SIDM00415,Palbociclib,1
11087,SIDM00933,Palbociclib,1
11088,SIDM00896,Palbociclib,1
11089,SIDM00433,Palbociclib,1
11090,SIDM01003,Palbociclib,1
11091,SIDM00407,Palbociclib,1
11092,SIDM00948,Palbociclib,1
11093,SIDM00286,Palbociclib,1
11094,SIDM00342,Palbociclib,1
11095,SIDM01029,Palbociclib,1
11096,SIDM01028,Palbociclib,1
11097,SIDM00785,Palbociclib,1
11098,SIDM00964,Palbociclib,1
11099,SIDM00387,Palbociclib,1
11100,SIDM01025,Palbociclib,1
11101,SIDM00339,Palbociclib,1
11102,SIDM00401,Palbociclib,1
11103,SIDM00997,Palbociclib,1
11104,SIDM00448,Palbociclib,1
11105,SIDM00285,Palbociclib,1
11106,SIDM00460,Palbociclib,1
11107,SIDM01043,Palbociclib,1
11108,SIDM00987,Palbociclib,1
11109,SIDM00463,Palbociclib,1
11110,SIDM00944,Palbociclib,1
11111,SIDM00272,Palbociclib,1
11112,SIDM00951,Palbociclib,1
11113,SIDM00455,Palbociclib,1
11114,SIDM01082,Palbociclib,1
11115,SIDM01038,Palbociclib,1
11116,SIDM01072,Palbociclib,1
11117,SIDM00405,Palbociclib,1
11118,SIDM00449,Palbociclib,1
11119,SIDM01154,Palbociclib,1
11120,SIDM01049,Palbociclib,1
11121,SIDM01056,Palbociclib,1
11122,SIDM01031,Palbociclib,1
11123,SIDM00457,Palbociclib,1
11124,SIDM00395,Palbociclib,1
11125,SIDM00412,Palbociclib,1
11126,SIDM00434,Palbociclib,1
11127,SIDM00437,Palbociclib,1
11128,SIDM00860,Palbociclib,1
11129,SIDM00950,Palbociclib,1
11130,SIDM00512,Palbociclib,1
11131,SIDM01131,Palbociclib,1
11132,SIDM00706,Panobinostat,1
11133,SIDM01191,Panobinostat,1
11134,SIDM01082,Panobinostat,1
11135,SIDM00961,Panobinostat,1
11136,SIDM00867,Panobinostat,1
11137,SIDM00632,Panobinostat,1
11138,SIDM00136,Panobinostat,1
11139,SIDM00412,Panobinostat,1
11140,SIDM00446,Panobinostat,1
11141,SIDM00327,Panobinostat,1
11142,SIDM00628,Panobinostat,1
11143,SIDM01032,Panobinostat,1
11144,SIDM00950,Panobinostat,1
11145,SIDM00448,Panobinostat,1
11146,SIDM00406,Panobinostat,1
11147,SIDM01018,Panobinostat,1
11148,SIDM00927,Panobinostat,1
11149,SIDM01029,Panobinostat,1
11150,SIDM00874,Panobinostat,1
11151,SIDM00877,Panobinostat,1
11152,SIDM01045,Panobinostat,1
11153,SIDM00426,Panobinostat,1
11154,SIDM01055,Panobinostat,1
11155,SIDM00928,Panobinostat,1
11156,SIDM00443,Panobinostat,1
11157,SIDM00313,Panobinostat,1
11158,SIDM00789,Panobinostat,1
11159,SIDM00453,Panobinostat,1
11160,SIDM01034,Panobinostat,1
11161,SIDM00983,Panobinostat,1
11162,SIDM01040,Panobinostat,1
11163,SIDM00428,Panobinostat,1
11164,SIDM00410,Panobinostat,1
11165,SIDM00438,Panobinostat,1
11166,SIDM01103,Panobinostat,1
11167,SIDM00308,Panobinostat,1
11168,SIDM00997,Panobinostat,1
11169,SIDM00939,Panobinostat,1
11170,SIDM00958,Panobinostat,1
11171,SIDM01052,Panobinostat,1
11172,SIDM00422,Panobinostat,1
11173,SIDM00483,Panobinostat,1
11174,SIDM01085,Panobinostat,1
11175,SIDM00995,Panobinostat,1
11176,SIDM01069,Panobinostat,1
11177,SIDM00929,Panobinostat,1
11178,SIDM00451,Panobinostat,1
11179,SIDM01024,Panobinostat,1
11180,SIDM00931,Panobinostat,1
11181,SIDM00413,Panobinostat,1
11182,SIDM00526,Panobinostat,1
11183,SIDM01218,Panobinostat,1
11184,SIDM00999,Panobinostat,1
11185,SIDM00798,Panobinostat,1
11186,SIDM00272,Panobinostat,1
11187,SIDM00942,Panobinostat,1
11188,SIDM00988,Panobinostat,1
11189,SIDM00512,Panobinostat,1
11190,SIDM00411,Panobinostat,1
11191,SIDM00449,Panobinostat,1
11192,SIDM00332,Panobinostat,1
11193,SIDM00895,Panobinostat,1
11194,SIDM00148,Panobinostat,1
11195,SIDM00087,Parthenolide,1
11196,SIDM00461,Parthenolide,1
11197,SIDM01172,Parthenolide,1
11198,SIDM00286,Parthenolide,1
11199,SIDM00412,Parthenolide,1
11200,SIDM01048,Parthenolide,1
11201,SIDM00637,Parthenolide,1
11202,SIDM00451,Parthenolide,1
11203,SIDM00993,Parthenolide,1
11204,SIDM00948,Parthenolide,1
11205,SIDM01004,Parthenolide,1
11206,SIDM00907,Parthenolide,1
11207,SIDM00441,Parthenolide,1
11208,SIDM01013,Parthenolide,1
11209,SIDM01020,Parthenolide,1
11210,SIDM01001,Parthenolide,1
11211,SIDM00434,Parthenolide,1
11212,SIDM00632,Parthenolide,1
11213,SIDM00312,Parthenolide,1
11214,SIDM01005,Parthenolide,1
11215,SIDM00416,Parthenolide,1
11216,SIDM00340,Parthenolide,1
11217,SIDM00330,Parthenolide,1
11218,SIDM00900,Parthenolide,1
11219,SIDM01042,Parthenolide,1
11220,SIDM01064,Parthenolide,1
11221,SIDM01111,Parthenolide,1
11222,SIDM00429,Parthenolide,1
11223,SIDM00877,Parthenolide,1
11224,SIDM00706,Parthenolide,1
11225,SIDM01047,Parthenolide,1
11226,SIDM00313,Parthenolide,1
11227,SIDM01073,Parthenolide,1
11228,SIDM00453,Pazopanib,1
11229,SIDM00637,Pazopanib,1
11230,SIDM00641,Pazopanib,1
11231,SIDM01110,Pazopanib,1
11232,SIDM00392,Pazopanib,1
11233,SIDM00985,Pazopanib,1
11234,SIDM00406,Pazopanib,1
11235,SIDM00928,Pazopanib,1
11236,SIDM00387,Pazopanib,1
11237,SIDM01107,Pazopanib,1
11238,SIDM00962,Pazopanib,1
11239,SIDM00333,Pazopanib,1
11240,SIDM00957,Pazopanib,1
11241,SIDM00443,Pazopanib,1
11242,SIDM00395,Pazopanib,1
11243,SIDM01043,Pazopanib,1
11244,SIDM00404,Pazopanib,1
11245,SIDM01030,Pazopanib,1
11246,SIDM00936,Pazopanib,1
11247,SIDM00336,Pazopanib,1
11248,SIDM00986,Pazopanib,1
11249,SIDM00424,Pazopanib,1
11250,SIDM00930,Pazopanib,1
11251,SIDM00995,Pazopanib,1
11252,SIDM00886,Pazopanib,1
11253,SIDM01015,Pazopanib,1
11254,SIDM01064,Pazopanib,1
11255,SIDM00949,Pazopanib,1
11256,SIDM00327,Pazopanib,1
11257,SIDM01034,Pazopanib,1
11258,SIDM01176,Pazopanib,1
11259,SIDM00671,Pazopanib,1
11260,SIDM00954,Pazopanib,1
11261,SIDM00401,Pazopanib,1
11262,SIDM00335,Pazopanib,1
11263,SIDM00657,Pazopanib,1
11264,SIDM01071,Pazopanib,1
11265,SIDM00900,Pazopanib,1
11266,SIDM00789,Pazopanib,1
11267,SIDM00448,Pazopanib,1
11268,SIDM01068,Pazopanib,1
11269,SIDM01085,Pazopanib,1
11270,SIDM01004,Pazopanib,1
11271,SIDM00339,Pazopanib,1
11272,SIDM00388,Pazopanib,1
11273,SIDM00929,Pazopanib,1
11274,SIDM00963,Pazopanib,1
11275,SIDM00120,Pazopanib,1
11276,SIDM00391,Pazopanib,1
11277,SIDM01049,Pazopanib,1
11278,SIDM00946,Pazopanib,1
11279,SIDM00828,Pazopanib,1
11280,SIDM00951,Pazopanib,1
11281,SIDM00446,Pazopanib,1
11282,SIDM00987,Pelitinib,1
11283,SIDM00332,Pelitinib,1
11284,SIDM00124,Pelitinib,1
11285,SIDM00964,Pelitinib,1
11286,SIDM00940,Pelitinib,1
11287,SIDM00989,Pelitinib,1
11288,SIDM00939,Pelitinib,1
11289,SIDM01052,Pelitinib,1
11290,SIDM00441,Pelitinib,1
11291,SIDM01001,Pelitinib,1
11292,SIDM00088,Pelitinib,1
11293,SIDM00930,Pelitinib,1
11294,SIDM00390,Pelitinib,1
11295,SIDM00428,Pelitinib,1
11296,SIDM00935,Pelitinib,1
11297,SIDM00336,Pelitinib,1
11298,SIDM00931,Pelitinib,1
11299,SIDM00333,Pelitinib,1
11300,SIDM01082,Pelitinib,1
11301,SIDM00443,Pelitinib,1
11302,SIDM01004,Pelitinib,1
11303,SIDM00447,Pelitinib,1
11304,SIDM00997,Pelitinib,1
11305,SIDM00419,Pelitinib,1
11306,SIDM00946,Pelitinib,1
11307,SIDM00671,Pelitinib,1
11308,SIDM00810,Pelitinib,1
11309,SIDM01018,Pelitinib,1
11310,SIDM00342,Pelitinib,1
11311,SIDM00657,Pelitinib,1
11312,SIDM00429,Pelitinib,1
11313,SIDM00308,Pelitinib,1
11314,SIDM01068,Pelitinib,1
11315,SIDM01019,Pelitinib,1
11316,SIDM00628,Pelitinib,1
11317,SIDM00789,Pelitinib,1
11318,SIDM00389,Pelitinib,1
11319,SIDM00450,Pelitinib,1
11320,SIDM00431,Pelitinib,1
11321,SIDM00988,Pelitinib,1
11322,SIDM00340,Pelitinib,1
11323,SIDM00957,Pelitinib,1
11324,SIDM01191,Pelitinib,1
11325,SIDM00832,Pelitinib,1
11326,SIDM01064,Pelitinib,1
11327,SIDM00928,Pelitinib,1
11328,SIDM00999,Pelitinib,1
11329,SIDM00391,Pelitinib,1
11330,SIDM00455,Pelitinib,1
11331,SIDM01024,Pelitinib,1
11332,SIDM01131,Pelitinib,1
11333,SIDM00580,Pelitinib,1
11334,SIDM01056,Pelitinib,1
11335,SIDM00434,Pelitinib,1
11336,SIDM00121,Pelitinib,1
11337,SIDM01076,Pelitinib,1
11338,SIDM00785,Pemetrexed,1
11339,SIDM00395,Pemetrexed,1
11340,SIDM00477,Pemetrexed,1
11341,SIDM00087,Pemetrexed,1
11342,SIDM00997,Pemetrexed,1
11343,SIDM01020,Pemetrexed,1
11344,SIDM00637,Pemetrexed,1
11345,SIDM00428,Pemetrexed,1
11346,SIDM00415,Pemetrexed,1
11347,SIDM00948,Pemetrexed,1
11348,SIDM00951,Pemetrexed,1
11349,SIDM00417,Pemetrexed,1
11350,SIDM00121,Pemetrexed,1
11351,SIDM00807,Pemetrexed,1
11352,SIDM00980,Pemetrexed,1
11353,SIDM00403,Pemetrexed,1
11354,SIDM00334,Pemetrexed,1
11355,SIDM00867,Pemetrexed,1
11356,SIDM00145,Pemetrexed,1
11357,SIDM00136,Pemetrexed,1
11358,SIDM00442,Pemetrexed,1
11359,SIDM01087,Pemetrexed,1
11360,SIDM00341,Pemetrexed,1
11361,SIDM00388,Pemetrexed,1
11362,SIDM00935,Pemetrexed,1
11363,SIDM00860,Pemetrexed,1
11364,SIDM01072,Pemetrexed,1
11365,SIDM01030,Pemetrexed,1
11366,SIDM00957,Pemetrexed,1
11367,SIDM00424,Pemetrexed,1
11368,SIDM01073,Pemetrexed,1
11369,SIDM00327,Pemetrexed,1
11370,SIDM00958,Pemetrexed,1
11371,SIDM00342,Pemetrexed,1
11372,SIDM00429,Pemetrexed,1
11373,SIDM00928,Pemetrexed,1
11374,SIDM00657,Pemetrexed,1
11375,SIDM00416,Pemetrexed,1
11376,SIDM01018,Pemetrexed,1
11377,SIDM00329,Pemetrexed,1
11378,SIDM01028,Pemetrexed,1
11379,SIDM00437,Pemetrexed,1
11380,SIDM00950,Pemetrexed,1
11381,SIDM01057,Pemetrexed,1
11382,SIDM00993,Pemetrexed,1
11383,SIDM00930,Pemetrexed,1
11384,SIDM00450,Pemetrexed,1
11385,SIDM00389,Pemetrexed,1
11386,SIDM01066,Pemetrexed,1
11387,SIDM00333,Pemetrexed,1
11388,SIDM00380,Pemetrexed,1
11389,SIDM00426,Pemetrexed,1
11390,SIDM01045,Pemetrexed,1
11391,SIDM00671,Pemetrexed,1
11392,SIDM00874,Pemetrexed,1
11393,SIDM00422,Pemetrexed,1
11394,SIDM00337,Pemetrexed,1
11395,SIDM00412,Pevonedistat,1
11396,SIDM01001,Pevonedistat,1
11397,SIDM00994,Pevonedistat,1
11398,SIDM00949,Pevonedistat,1
11399,SIDM00983,Pevonedistat,1
11400,SIDM01073,Pevonedistat,1
11401,SIDM00406,Pevonedistat,1
11402,SIDM00404,Pevonedistat,1
11403,SIDM01103,Pevonedistat,1
11404,SIDM00954,Pevonedistat,1
11405,SIDM00313,Pevonedistat,1
11406,SIDM00988,Pevonedistat,1
11407,SIDM00526,Pevonedistat,1
11408,SIDM00900,Pevonedistat,1
11409,SIDM00431,Pevonedistat,1
11410,SIDM00980,Pevonedistat,1
11411,SIDM01027,Pevonedistat,1
11412,SIDM00450,Pevonedistat,1
11413,SIDM00907,Pevonedistat,1
11414,SIDM01111,Pevonedistat,1
11415,SIDM00136,Pevonedistat,1
11416,SIDM01023,Pevonedistat,1
11417,SIDM00953,Pevonedistat,1
11418,SIDM01086,Pevonedistat,1
11419,SIDM00458,Pevonedistat,1
11420,SIDM00443,Pevonedistat,1
11421,SIDM01013,Pevonedistat,1
11422,SIDM00995,Pevonedistat,1
11423,SIDM00413,Pevonedistat,1
11424,SIDM00334,Pevonedistat,1
11425,SIDM00985,Pevonedistat,1
11426,SIDM00453,Pevonedistat,1
11427,SIDM00632,Pevonedistat,1
11428,SIDM00930,Pevonedistat,1
11429,SIDM01027,Phenformin,1
11430,SIDM00657,Phenformin,1
11431,SIDM01019,Phenformin,1
11432,SIDM01059,Phenformin,1
11433,SIDM01064,Phenformin,1
11434,SIDM01131,Phenformin,1
11435,SIDM01045,Phenformin,1
11436,SIDM01009,Phenformin,1
11437,SIDM00453,Phenformin,1
11438,SIDM01004,Phenformin,1
11439,SIDM00341,Phenformin,1
11440,SIDM00441,Phenformin,1
11441,SIDM00526,Phenformin,1
11442,SIDM00327,Phenformin,1
11443,SIDM00671,Phenformin,1
11444,SIDM00949,Phenformin,1
11445,SIDM00424,Phenformin,1
11446,SIDM01034,Phenformin,1
11447,SIDM00284,Phenformin,1
11448,SIDM00928,Phenformin,1
11449,SIDM01082,Phenformin,1
11450,SIDM00088,Phenformin,1
11451,SIDM00227,Phenformin,1
11452,SIDM01068,Phenformin,1
11453,SIDM00313,Phenformin,1
11454,SIDM00450,Phenformin,1
11455,SIDM00332,Phenformin,1
11456,SIDM00810,Phenformin,1
11457,SIDM00942,Phenformin,1
11458,SIDM00442,Phenformin,1
11459,SIDM00390,Phenformin,1
11460,SIDM00339,Phenformin,1
11461,SIDM00405,Phenformin,1
11462,SIDM00395,Phenformin,1
11463,SIDM01024,Phenformin,1
11464,SIDM01057,Phenformin,1
11465,SIDM00391,Phenformin,1
11466,SIDM00993,Phenformin,1
11467,SIDM01026,Phenformin,1
11468,SIDM00415,Phenformin,1
11469,SIDM00927,Phenformin,1
11470,SIDM01107,Phenformin,1
11471,SIDM00437,Phenformin,1
11472,SIDM00860,Phenformin,1
11473,SIDM00338,Phenformin,1
11474,SIDM00886,Phenformin,1
11475,SIDM00628,Phenformin,1
11476,SIDM01110,Phenformin,1
11477,SIDM00337,Phenformin,1
11478,SIDM01172,Phenformin,1
11479,SIDM00447,Phenformin,1
11480,SIDM01051,Phenformin,1
11481,SIDM00403,Phenformin,1
11482,SIDM00410,Phenformin,1
11483,SIDM01087,Phenformin,1
11484,SIDM00941,Phenformin,1
11485,SIDM00387,Phenformin,1
11486,SIDM00930,Phenformin,1
11487,SIDM01001,Phenformin,1
11488,SIDM00962,Phenformin,1
11489,SIDM00661,Phenformin,1
11490,SIDM00416,Phenformin,1
11491,SIDM00312,Phenformin,1
11492,SIDM01042,Phenformin,1
11493,SIDM01031,Pictilisib,1
11494,SIDM01019,Pictilisib,1
11495,SIDM01069,Pictilisib,1
11496,SIDM00962,Pictilisib,1
11497,SIDM00935,Pictilisib,1
11498,SIDM00866,Pictilisib,1
11499,SIDM00329,Pictilisib,1
11500,SIDM00313,Pictilisib,1
11501,SIDM00937,Pictilisib,1
11502,SIDM00120,Pictilisib,1
11503,SIDM01052,Pictilisib,1
11504,SIDM01002,Pictilisib,1
11505,SIDM01003,Pictilisib,1
11506,SIDM00329,Pictilisib,1
11507,SIDM00641,Pictilisib,1
11508,SIDM00943,Pictilisib,1
11509,SIDM00336,Pictilisib,1
11510,SIDM00121,Pictilisib,1
11511,SIDM01131,Pictilisib,1
11512,SIDM00344,Pictilisib,1
11513,SIDM00900,Pictilisib,1
11514,SIDM01055,Pictilisib,1
11515,SIDM01030,Pictilisib,1
11516,SIDM01089,Pictilisib,1
11517,SIDM00146,Pictilisib,1
11518,SIDM01073,Pictilisib,1
11519,SIDM00896,Pictilisib,1
11520,SIDM01034,Pictilisib,1
11521,SIDM00798,Pictilisib,1
11522,SIDM00443,Pictilisib,1
11523,SIDM00483,Pictilisib,1
11524,SIDM01051,Pictilisib,1
11525,SIDM01047,Pictilisib,1
11526,SIDM01067,Pictilisib,1
11527,SIDM00136,Pictilisib,1
11528,SIDM01110,Pictilisib,1
11529,SIDM00419,Pictilisib,1
11530,SIDM00900,Pictilisib,1
11531,SIDM00380,Pictilisib,1
11532,SIDM01218,Pictilisib,1
11533,SIDM00402,Pictilisib,1
11534,SIDM00097,Pictilisib,1
11535,SIDM01248,Pictilisib,1
11536,SIDM01068,Pictilisib,1
11537,SIDM00443,Pictilisib,1
11538,SIDM00433,Pictilisib,1
11539,SIDM00389,Pictilisib,1
11540,SIDM01004,Pictilisib,1
11541,SIDM00431,Pictilisib,1
11542,SIDM00428,Pictilisib,1
11543,SIDM01015,Pictilisib,1
11544,SIDM00706,Pictilisib,1
11545,SIDM00962,Pictilisib,1
11546,SIDM00405,Pictilisib,1
11547,SIDM01004,Pictilisib,1
11548,SIDM00285,Pictilisib,1
11549,SIDM00462,Pictilisib,1
11550,SIDM00331,Pictilisib,1
11551,SIDM00958,Pictilisib,1
11552,SIDM00479,Pictilisib,1
11553,SIDM00958,Pictilisib,1
11554,SIDM00594,Pictilisib,1
11555,SIDM00415,Pictilisib,1
11556,SIDM00442,Pictilisib,1
11557,SIDM00671,Pictilisib,1
11558,SIDM00429,Pictilisib,1
11559,SIDM00395,Pictilisib,1
11560,SIDM00450,Pictilisib,1
11561,SIDM01001,Pictilisib,1
11562,SIDM01040,Pictilisib,1
11563,SIDM00272,Pictilisib,1
11564,SIDM00401,Pictilisib,1
11565,SIDM00941,Pictilisib,1
11566,SIDM00334,Pictilisib,1
11567,SIDM01040,Pictilisib,1
11568,SIDM01019,Pictilisib,1
11569,SIDM01107,Pictilisib,1
11570,SIDM00874,Pictilisib,1
11571,SIDM00146,Pictilisib,1
11572,SIDM01059,Pictilisib,1
11573,SIDM00247,Pictilisib,1
11574,SIDM00953,Pictilisib,1
11575,SIDM00948,Pictilisib,1
11576,SIDM00289,Pictilisib,1
11577,SIDM00937,Pictilisib,1
11578,SIDM00789,Pictilisib,1
11579,SIDM00417,Pictilisib,1
11580,SIDM00437,Pictilisib,1
11581,SIDM00947,Pictilisib,1
11582,SIDM00951,Pictilisib,1
11583,SIDM00943,Pictilisib,1
11584,SIDM00312,Pictilisib,1
11585,SIDM00783,Pictilisib,1
11586,SIDM01082,Pictilisib,1
11587,SIDM00413,Pictilisib,1
11588,SIDM01033,Pictilisib,1
11589,SIDM00284,Pictilisib,1
11590,SIDM00438,Pictilisib,1
11591,SIDM00345,Pictilisib,1
11592,SIDM00337,Pictilisib,1
11593,SIDM01148,Pictilisib,1
11594,SIDM00477,Pictilisib,1
11595,SIDM00341,Pictilisib,1
11596,SIDM00145,Pictilisib,1
11597,SIDM01028,Pictilisib,1
11598,SIDM00462,Pictilisib,1
11599,SIDM00657,Pictilisib,1
11600,SIDM00989,Pictilisib,1
11601,SIDM00791,Pictilisib,1
11602,SIDM01033,Pictilisib,1
11603,SIDM01131,Pictilisib,1
11604,SIDM00286,Pictilisib,1
11605,SIDM00933,Pictilisib,1
11606,SIDM00810,Pictilisib,1
11607,SIDM00387,Pictilisib,1
11608,SIDM01024,Pictilisib,1
11609,SIDM01033,Pilaralisib,1
11610,SIDM00987,Pilaralisib,1
11611,SIDM01069,Pilaralisib,1
11612,SIDM01058,Pilaralisib,1
11613,SIDM00437,Pilaralisib,1
11614,SIDM00413,Pilaralisib,1
11615,SIDM00933,Pilaralisib,1
11616,SIDM00900,Pilaralisib,1
11617,SIDM00403,Pilaralisib,1
11618,SIDM00148,Pilaralisib,1
11619,SIDM00415,Pilaralisib,1
11620,SIDM01218,Pilaralisib,1
11621,SIDM00985,Pilaralisib,1
11622,SIDM00961,Pilaralisib,1
11623,SIDM01031,Pilaralisib,1
11624,SIDM01089,Pilaralisib,1
11625,SIDM00949,Pilaralisib,1
11626,SIDM01111,Pilaralisib,1
11627,SIDM00512,Pilaralisib,1
11628,SIDM00390,Pilaralisib,1
11629,SIDM01073,Pilaralisib,1
11630,SIDM00927,Pilaralisib,1
11631,SIDM01048,Pilaralisib,1
11632,SIDM00285,Pilaralisib,1
11633,SIDM01131,Pilaralisib,1
11634,SIDM00943,Pilaralisib,1
11635,SIDM01015,Pilaralisib,1
11636,SIDM00951,Pilaralisib,1
11637,SIDM00401,Pilaralisib,1
11638,SIDM01107,Pilaralisib,1
11639,SIDM01086,Pilaralisib,1
11640,SIDM00433,Pilaralisib,1
11641,SIDM00419,Pilaralisib,1
11642,SIDM00832,Pilaralisib,1
11643,SIDM01034,Pilaralisib,1
11644,SIDM01064,Pilaralisib,1
11645,SIDM00446,Pilaralisib,1
11646,SIDM00346,Pilaralisib,1
11647,SIDM00336,Pilaralisib,1
11648,SIDM00136,Pilaralisib,1
11649,SIDM00284,Pilaralisib,1
11650,SIDM00981,Pilaralisib,1
11651,SIDM00387,Pilaralisib,1
11652,SIDM01062,Pilaralisib,1
11653,SIDM01179,Pilaralisib,1
11654,SIDM01110,Pilaralisib,1
11655,SIDM01056,Pilaralisib,1
11656,SIDM01055,Pilaralisib,1
11657,SIDM00810,Pilaralisib,1
11658,SIDM01051,Pilaralisib,1
11659,SIDM01049,Pilaralisib,1
11660,SIDM00431,Pilaralisib,1
11661,SIDM00423,Pilaralisib,1
11662,SIDM00964,Pilaralisib,1
11663,SIDM01057,Pilaralisib,1
11664,SIDM01172,Pilaralisib,1
11665,SIDM01103,Pilaralisib,1
11666,SIDM00344,Pilaralisib,1
11667,SIDM00289,Pilaralisib,1
11668,SIDM00329,Pilaralisib,1
11669,SIDM00944,Pilaralisib,1
11670,SIDM01023,Pilaralisib,1
11671,SIDM00458,Pilaralisib,1
11672,SIDM00930,Pilaralisib,1
11673,SIDM00087,Pilaralisib,1
11674,SIDM01027,Pilaralisib,1
11675,SIDM00380,Pilaralisib,1
11676,SIDM00938,Pilaralisib,1
11677,SIDM01131,Piperlongumine,1
11678,SIDM00394,Piperlongumine,1
11679,SIDM01048,Piperlongumine,1
11680,SIDM00443,Piperlongumine,1
11681,SIDM00828,Piperlongumine,1
11682,SIDM00949,Piperlongumine,1
11683,SIDM00637,Piperlongumine,1
11684,SIDM00964,Piperlongumine,1
11685,SIDM00406,Piperlongumine,1
11686,SIDM00395,Piperlongumine,1
11687,SIDM01045,Piperlongumine,1
11688,SIDM01076,Piperlongumine,1
11689,SIDM00346,Piperlongumine,1
11690,SIDM00424,Piperlongumine,1
11691,SIDM01111,Piperlongumine,1
11692,SIDM00457,Piperlongumine,1
11693,SIDM01004,Piperlongumine,1
11694,SIDM00580,Piperlongumine,1
11695,SIDM00343,Piperlongumine,1
11696,SIDM00121,Piperlongumine,1
11697,SIDM00434,Piperlongumine,1
11698,SIDM00990,Piperlongumine,1
11699,SIDM00386,Piperlongumine,1
11700,SIDM00416,Piperlongumine,1
11701,SIDM01086,Piperlongumine,1
11702,SIDM00391,Piperlongumine,1
11703,SIDM00937,Piperlongumine,1
11704,SIDM00986,Piperlongumine,1
11705,SIDM00940,Piperlongumine,1
11706,SIDM00404,Piperlongumine,1
11707,SIDM00934,Piperlongumine,1
11708,SIDM00289,Piperlongumine,1
11709,SIDM01069,Piperlongumine,1
11710,SIDM00980,Piperlongumine,1
11711,SIDM01073,Piperlongumine,1
11712,SIDM01033,Piperlongumine,1
11713,SIDM00941,Piperlongumine,1
11714,SIDM00929,Piperlongumine,1
11715,SIDM00431,Piperlongumine,1
11716,SIDM00994,Piperlongumine,1
11717,SIDM00933,Piperlongumine,1
11718,SIDM00461,Piperlongumine,1
11719,SIDM00947,Piperlongumine,1
11720,SIDM00996,Piperlongumine,1
11721,SIDM00907,Piperlongumine,1
11722,SIDM00928,Piperlongumine,1
11723,SIDM00810,Piperlongumine,1
11724,SIDM01172,Piperlongumine,1
11725,SIDM00422,Piperlongumine,1
11726,SIDM00420,Piperlongumine,1
11727,SIDM00438,Ponatinib,1
11728,SIDM00996,Ponatinib,1
11729,SIDM01030,Ponatinib,1
11730,SIDM01029,Ponatinib,1
11731,SIDM01047,Ponatinib,1
11732,SIDM01179,Ponatinib,1
11733,SIDM00785,Ponatinib,1
11734,SIDM01073,Ponatinib,1
11735,SIDM00136,Ponatinib,1
11736,SIDM01176,Ponatinib,1
11737,SIDM00338,Ponatinib,1
11738,SIDM01015,Ponatinib,1
11739,SIDM00457,Ponatinib,1
11740,SIDM00951,Ponatinib,1
11741,SIDM00932,Ponatinib,1
11742,SIDM01248,Ponatinib,1
11743,SIDM00341,Ponatinib,1
11744,SIDM00289,Ponatinib,1
11745,SIDM00453,Ponatinib,1
11746,SIDM00900,Ponatinib,1
11747,SIDM01082,Ponatinib,1
11748,SIDM00989,Ponatinib,1
11749,SIDM00997,Ponatinib,1
11750,SIDM00404,Ponatinib,1
11751,SIDM01051,Ponatinib,1
11752,SIDM01111,Ponatinib,1
11753,SIDM00442,Ponatinib,1
11754,SIDM00148,Ponatinib,1
11755,SIDM00327,Ponatinib,1
11756,SIDM00431,Ponatinib,1
11757,SIDM00947,Ponatinib,1
11758,SIDM00396,Ponatinib,1
11759,SIDM01191,Ponatinib,1
11760,SIDM00329,Ponatinib,1
11761,SIDM00985,Ponatinib,1
11762,SIDM00431,Pyrimethamine,1
11763,SIDM01004,Pyrimethamine,1
11764,SIDM00641,Pyrimethamine,1
11765,SIDM01023,Pyrimethamine,1
11766,SIDM01179,Pyrimethamine,1
11767,SIDM01005,Pyrimethamine,1
11768,SIDM00526,Pyrimethamine,1
11769,SIDM00429,Pyrimethamine,1
11770,SIDM00952,Pyrimethamine,1
11771,SIDM00994,Pyrimethamine,1
11772,SIDM00330,Pyrimethamine,1
11773,SIDM00313,Pyrimethamine,1
11774,SIDM00907,Pyrimethamine,1
11775,SIDM00329,Pyrimethamine,1
11776,SIDM00671,Pyrimethamine,1
11777,SIDM00441,Pyrimethamine,1
11778,SIDM01071,Pyrimethamine,1
11779,SIDM00308,Pyrimethamine,1
11780,SIDM00963,Pyrimethamine,1
11781,SIDM01020,Pyrimethamine,1
11782,SIDM00390,Pyrimethamine,1
11783,SIDM01076,Pyrimethamine,1
11784,SIDM01012,Pyrimethamine,1
11785,SIDM00948,Pyrimethamine,1
11786,SIDM00087,Pyrimethamine,1
11787,SIDM00339,Pyrimethamine,1
11788,SIDM00434,Pyrimethamine,1
11789,SIDM00423,Pyrimethamine,1
11790,SIDM00938,Pyrimethamine,1
11791,SIDM01057,Pyrimethamine,1
11792,SIDM00407,Pyrimethamine,1
11793,SIDM00410,Pyrimethamine,1
11794,SIDM00632,Pyrimethamine,1
11795,SIDM01042,Pyrimethamine,1
11796,SIDM00330,QL-VIII-58,1
11797,SIDM00867,QL-VIII-58,1
11798,SIDM00994,QL-VIII-58,1
11799,SIDM00832,QL-VIII-58,1
11800,SIDM01087,QL-VIII-58,1
11801,SIDM00136,QL-VIII-58,1
11802,SIDM01060,QL-VIII-58,1
11803,SIDM00423,QL-VIII-58,1
11804,SIDM00416,QL-VIII-58,1
11805,SIDM00628,QL-VIII-58,1
11806,SIDM00389,QL-VIII-58,1
11807,SIDM01036,QL-VIII-58,1
11808,SIDM01033,QL-VIII-58,1
11809,SIDM00942,QL-VIII-58,1
11810,SIDM00499,QL-VIII-58,1
11811,SIDM00948,QL-VIII-58,1
11812,SIDM00993,QL-VIII-58,1
11813,SIDM00344,QL-VIII-58,1
11814,SIDM01002,QL-VIII-58,1
11815,SIDM00327,QL-VIII-58,1
11816,SIDM00460,QL-VIII-58,1
11817,SIDM00462,QL-VIII-58,1
11818,SIDM00996,QL-VIII-58,1
11819,SIDM00124,QL-VIII-58,1
11820,SIDM00999,QL-VIII-58,1
11821,SIDM01059,QL-X-138,1
11822,SIDM00962,QL-X-138,1
11823,SIDM01024,QL-X-138,1
11824,SIDM00990,QL-X-138,1
11825,SIDM00415,QL-X-138,1
11826,SIDM01019,QL-X-138,1
11827,SIDM00515,QL-X-138,1
11828,SIDM00907,QL-X-138,1
11829,SIDM00405,QL-X-138,1
11830,SIDM01058,QL-X-138,1
11831,SIDM00120,QL-X-138,1
11832,SIDM00136,QL-X-138,1
11833,SIDM01048,QL-X-138,1
11834,SIDM00628,QL-X-138,1
11835,SIDM01018,QL-X-138,1
11836,SIDM00637,QL-X-138,1
11837,SIDM00947,QL-X-138,1
11838,SIDM00989,QL-X-138,1
11839,SIDM00483,QL-X-138,1
11840,SIDM00088,QL-X-138,1
11841,SIDM00954,QL-X-138,1
11842,SIDM00327,QL-X-138,1
11843,SIDM00903,QL-X-138,1
11844,SIDM00401,QL-X-138,1
11845,SIDM01023,QL-X-138,1
11846,SIDM00940,QL-X-138,1
11847,SIDM00336,QL-X-138,1
11848,SIDM00932,QL-X-138,1
11849,SIDM00335,QL-X-138,1
11850,SIDM00512,QL-X-138,1
11851,SIDM00406,QL-X-138,1
11852,SIDM01110,QL-X-138,1
11853,SIDM00900,QL-X-138,1
11854,SIDM00942,QL-X-138,1
11855,SIDM01089,QL-X-138,1
11856,SIDM00341,QL-X-138,1
11857,SIDM00433,QL-X-138,1
11858,SIDM01172,QL-X-138,1
11859,SIDM00342,QL-X-138,1
11860,SIDM00402,QL-X-138,1
11861,SIDM01029,QL-X-138,1
11862,SIDM00580,QL-X-138,1
11863,SIDM00416,QL-X-138,1
11864,SIDM01066,QL-X-138,1
11865,SIDM01056,QL-X-138,1
11866,SIDM00943,QL-X-138,1
11867,SIDM00428,QL-X-138,1
11868,SIDM00832,QL-X-138,1
11869,SIDM00641,QL-X-138,1
11870,SIDM00783,QL-X-138,1
11871,SIDM00344,QL-X-138,1
11872,SIDM01060,QL-X-138,1
11873,SIDM00877,QL-X-138,1
11874,SIDM01015,QL-X-138,1
11875,SIDM01154,QL-X-138,1
11876,SIDM00953,QL-X-138,1
11877,SIDM00931,QL-X-138,1
11878,SIDM00785,QL-XI-92,1
11879,SIDM01073,QL-XI-92,1
11880,SIDM00829,QL-XI-92,1
11881,SIDM00344,QL-XI-92,1
11882,SIDM00227,QL-XI-92,1
11883,SIDM01085,QL-XI-92,1
11884,SIDM01087,QL-XI-92,1
11885,SIDM00388,QL-XI-92,1
11886,SIDM00446,QL-XI-92,1
11887,SIDM00954,QL-XI-92,1
11888,SIDM00146,QL-XI-92,1
11889,SIDM00386,QL-XI-92,1
11890,SIDM00929,QL-XI-92,1
11891,SIDM00463,QL-XI-92,1
11892,SIDM00962,QL-XI-92,1
11893,SIDM00438,QL-XI-92,1
11894,SIDM00088,QL-XI-92,1
11895,SIDM00453,QL-XI-92,1
11896,SIDM00594,QL-XI-92,1
11897,SIDM01013,QL-XI-92,1
11898,SIDM00949,QL-XI-92,1
11899,SIDM00930,QL-XI-92,1
11900,SIDM00628,QL-XI-92,1
11901,SIDM01172,QL-XI-92,1
11902,SIDM00706,QL-XI-92,1
11903,SIDM00947,QL-XI-92,1
11904,SIDM00395,QL-XI-92,1
11905,SIDM00410,QL-XI-92,1
11906,SIDM00943,QL-XI-92,1
11907,SIDM01064,QL-XI-92,1
11908,SIDM00458,QL-XI-92,1
11909,SIDM01015,QL-XI-92,1
11910,SIDM01030,QL-XI-92,1
11911,SIDM00997,QL-XI-92,1
11912,SIDM00333,QL-XI-92,1
11913,SIDM00334,QL-XI-92,1
11914,SIDM00986,QL-XI-92,1
11915,SIDM00657,QL-XI-92,1
11916,SIDM01052,QL-XI-92,1
11917,SIDM00928,QL-XI-92,1
11918,SIDM00391,QL-XI-92,1
11919,SIDM01131,QL-XI-92,1
11920,SIDM00434,QL-XI-92,1
11921,SIDM00946,QL-XI-92,1
11922,SIDM00996,QL-XI-92,1
11923,SIDM00337,QL-XI-92,1
11924,SIDM00951,QL-XI-92,1
11925,SIDM00431,QL-XI-92,1
11926,SIDM00346,QL-XI-92,1
11927,SIDM01029,QL-XI-92,1
11928,SIDM00935,QL-XI-92,1
11929,SIDM01176,QL-XI-92,1
11930,SIDM00412,QL-XI-92,1
11931,SIDM01047,QL-XI-92,1
11932,SIDM00580,QL-XI-92,1
11933,SIDM00886,QL-XI-92,1
11934,SIDM01033,QL-XI-92,1
11935,SIDM00327,QL-XI-92,1
11936,SIDM00932,QL-XI-92,1
11937,SIDM01040,QL-XI-92,1
11938,SIDM00136,QL-XI-92,1
11939,SIDM01089,QL-XI-92,1
11940,SIDM01082,QL-XI-92,1
11941,SIDM00392,QL-XI-92,1
11942,SIDM00421,QL-XI-92,1
11943,SIDM00874,QL-XI-92,1
11944,SIDM00120,QL-XI-92,1
11945,SIDM00661,QL-XI-92,1
11946,SIDM00285,QL-XI-92,1
11947,SIDM00339,QL-XI-92,1
11948,SIDM00389,QL-XI-92,1
11949,SIDM00937,QL-XII-47,1
11950,SIDM00961,QL-XII-47,1
11951,SIDM00954,QL-XII-47,1
11952,SIDM00463,QL-XII-47,1
11953,SIDM00994,QL-XII-47,1
11954,SIDM00810,QL-XII-47,1
11955,SIDM00995,QL-XII-47,1
11956,SIDM01034,QL-XII-47,1
11957,SIDM00442,QL-XII-47,1
11958,SIDM00346,QL-XII-47,1
11959,SIDM00420,QL-XII-47,1
11960,SIDM00877,QL-XII-47,1
11961,SIDM01072,QL-XII-47,1
11962,SIDM00657,QL-XII-47,1
11963,SIDM01012,QL-XII-47,1
11964,SIDM00419,QL-XII-47,1
11965,SIDM01052,QL-XII-47,1
11966,SIDM00900,QL-XII-47,1
11967,SIDM00247,QL-XII-47,1
11968,SIDM00943,QL-XII-47,1
11969,SIDM00458,QL-XII-47,1
11970,SIDM01032,QL-XII-47,1
11971,SIDM01040,QL-XII-47,1
11972,SIDM00982,QL-XII-47,1
11973,SIDM00403,QL-XII-47,1
11974,SIDM00964,QL-XII-47,1
11975,SIDM00453,QL-XII-47,1
11976,SIDM00628,QL-XII-47,1
11977,SIDM01024,QL-XII-47,1
11978,SIDM01060,QL-XII-47,1
11979,SIDM00124,QL-XII-47,1
11980,SIDM00417,QL-XII-47,1
11981,SIDM00990,QL-XII-47,1
11982,SIDM00447,QL-XII-47,1
11983,SIDM00272,QL-XII-47,1
11984,SIDM01032,QL-XII-47,1
11985,SIDM00927,QL-XII-47,1
11986,SIDM00783,QL-XII-47,1
11987,SIDM00343,QL-XII-47,1
11988,SIDM00391,QL-XII-47,1
11989,SIDM01248,QL-XII-47,1
11990,SIDM00860,QL-XII-47,1
11991,SIDM00479,QL-XII-47,1
11992,SIDM01110,QL-XII-47,1
11993,SIDM00483,QL-XII-47,1
11994,SIDM00410,QL-XII-47,1
11995,SIDM00386,QL-XII-47,1
11996,SIDM01103,QL-XII-47,1
11997,SIDM00930,QL-XII-47,1
11998,SIDM00957,QL-XII-47,1
11999,SIDM00941,QL-XII-47,1
12000,SIDM00989,QL-XII-47,1
12001,SIDM00389,QL-XII-47,1
12002,SIDM01107,QL-XII-47,1
12003,SIDM00402,QL-XII-47,1
12004,SIDM00948,QL-XII-47,1
12005,SIDM00413,QL-XII-47,1
12006,SIDM00461,QL-XII-47,1
12007,SIDM00996,QL-XII-47,1
12008,SIDM00526,QS11,1
12009,SIDM01015,QS11,1
12010,SIDM00982,QS11,1
12011,SIDM00499,QS11,1
12012,SIDM00335,QS11,1
12013,SIDM00462,QS11,1
12014,SIDM00706,QS11,1
12015,SIDM00413,QS11,1
12016,SIDM00124,QS11,1
12017,SIDM01058,QS11,1
12018,SIDM00874,QS11,1
12019,SIDM00661,QS11,1
12020,SIDM00997,QS11,1
12021,SIDM01064,QS11,1
12022,SIDM00937,QS11,1
12023,SIDM00313,QS11,1
12024,SIDM01066,QS11,1
12025,SIDM01085,QS11,1
12026,SIDM00088,QS11,1
12027,SIDM00949,QS11,1
12028,SIDM01002,QS11,1
12029,SIDM00339,QS11,1
12030,SIDM01019,QS11,1
12031,SIDM00387,QS11,1
12032,SIDM01045,QS11,1
12033,SIDM00289,QS11,1
12034,SIDM00985,QS11,1
12035,SIDM00929,QS11,1
12036,SIDM01057,QS11,1
12037,SIDM01103,QS11,1
12038,SIDM01172,QS11,1
12039,SIDM00996,QS11,1
12040,SIDM00422,QS11,1
12041,SIDM00345,QS11,1
12042,SIDM00424,QS11,1
12043,SIDM00340,QS11,1
12044,SIDM00346,QS11,1
12045,SIDM00402,QS11,1
12046,SIDM00980,QS11,1
12047,SIDM00936,QS11,1
12048,SIDM00947,QS11,1
12049,SIDM00934,QS11,1
12050,SIDM01068,QS11,1
12051,SIDM00946,QS11,1
12052,SIDM00594,QS11,1
12053,SIDM01089,QS11,1
12054,SIDM00401,QS11,1
12055,SIDM00343,QS11,1
12056,SIDM00953,QS11,1
12057,SIDM00860,QS11,1
12058,SIDM01071,QS11,1
12059,SIDM00395,QS11,1
12060,SIDM00807,QS11,1
12061,SIDM00935,QS11,1
12062,SIDM00951,QS11,1
12063,SIDM00447,QS11,1
12064,SIDM00657,QS11,1
12065,SIDM01023,Quizartinib,1
12066,SIDM00461,Quizartinib,1
12067,SIDM00985,Quizartinib,1
12068,SIDM00962,Quizartinib,1
12069,SIDM01111,Quizartinib,1
12070,SIDM01073,Quizartinib,1
12071,SIDM00437,Quizartinib,1
12072,SIDM00396,Quizartinib,1
12073,SIDM00458,Quizartinib,1
12074,SIDM00429,Quizartinib,1
12075,SIDM00433,Quizartinib,1
12076,SIDM00946,Quizartinib,1
12077,SIDM00594,Quizartinib,1
12078,SIDM00657,RO-3306,1
12079,SIDM00337,RO-3306,1
12080,SIDM00345,RO-3306,1
12081,SIDM01059,RO-3306,1
12082,SIDM00329,RO-3306,1
12083,SIDM00437,RO-3306,1
12084,SIDM00416,RO-3306,1
12085,SIDM00431,RO-3306,1
12086,SIDM00447,RO-3306,1
12087,SIDM00637,RO-3306,1
12088,SIDM01148,RO-3306,1
12089,SIDM00874,RO-3306,1
12090,SIDM00121,RO-3306,1
12091,SIDM00429,RO-3306,1
12092,SIDM00477,RO-3306,1
12093,SIDM00983,RO-3306,1
12094,SIDM00961,RO-3306,1
12095,SIDM01042,RO-3306,1
12096,SIDM00286,RO-3306,1
12097,SIDM00929,RO-3306,1
12098,SIDM01070,RO-3306,1
12099,SIDM00087,RO-3306,1
12100,SIDM00448,RO-3306,1
12101,SIDM01055,RO-3306,1
12102,SIDM00985,RO-3306,1
12103,SIDM00389,RO-3306,1
12104,SIDM00407,RO-3306,1
12105,SIDM01154,RO-3306,1
12106,SIDM00783,RO-3306,1
12107,SIDM00442,RO-3306,1
12108,SIDM00145,RO-3306,1
12109,SIDM01087,RO-3306,1
12110,SIDM00886,RO-3306,1
12111,SIDM01110,RO-3306,1
12112,SIDM00227,RO-3306,1
12113,SIDM01052,RO-3306,1
12114,SIDM00931,RO-3306,1
12115,SIDM00146,RO-3306,1
12116,SIDM00512,RO-3306,1
12117,SIDM01030,RO-3306,1
12118,SIDM00097,RO-3306,1
12119,SIDM01069,RO-3306,1
12120,SIDM00948,RO-3306,1
12121,SIDM00896,RO-3306,1
12122,SIDM00981,RO-3306,1
12123,SIDM00785,RO-3306,1
12124,SIDM00272,RO-3306,1
12125,SIDM01082,RO-3306,1
12126,SIDM01131,RO-3306,1
12127,SIDM01057,RO-3306,1
12128,SIDM00339,RO-3306,1
12129,SIDM00810,RU-SKI 43,1
12130,SIDM01026,RU-SKI 43,1
12131,SIDM01111,RU-SKI 43,1
12132,SIDM00313,RU-SKI 43,1
12133,SIDM00392,RU-SKI 43,1
12134,SIDM00477,RU-SKI 43,1
12135,SIDM00943,RU-SKI 43,1
12136,SIDM00405,RU-SKI 43,1
12137,SIDM00932,RU-SKI 43,1
12138,SIDM00791,RU-SKI 43,1
12139,SIDM00136,RU-SKI 43,1
12140,SIDM00499,RU-SKI 43,1
12141,SIDM00867,RU-SKI 43,1
12142,SIDM00423,RU-SKI 43,1
12143,SIDM00987,RU-SKI 43,1
12144,SIDM00330,RU-SKI 43,1
12145,SIDM00657,RU-SKI 43,1
12146,SIDM00097,RU-SKI 43,1
12147,SIDM01218,RU-SKI 43,1
12148,SIDM00789,RU-SKI 43,1
12149,SIDM01073,RU-SKI 43,1
12150,SIDM00247,RU-SKI 43,1
12151,SIDM00433,RU-SKI 43,1
12152,SIDM01087,RU-SKI 43,1
12153,SIDM01179,RU-SKI 43,1
12154,SIDM00285,RU-SKI 43,1
12155,SIDM01024,RU-SKI 43,1
12156,SIDM00403,RU-SKI 43,1
12157,SIDM00937,RU-SKI 43,1
12158,SIDM00954,RU-SKI 43,1
12159,SIDM00451,RU-SKI 43,1
12160,SIDM00951,RU-SKI 43,1
12161,SIDM00953,RU-SKI 43,1
12162,SIDM00124,RU-SKI 43,1
12163,SIDM01067,RU-SKI 43,1
12164,SIDM00420,RU-SKI 43,1
12165,SIDM00958,RU-SKI 43,1
12166,SIDM00411,RU-SKI 43,1
12167,SIDM00395,RU-SKI 43,1
12168,SIDM00460,RU-SKI 43,1
12169,SIDM00515,RU-SKI 43,1
12170,SIDM01042,RU-SKI 43,1
12171,SIDM00949,RU-SKI 43,1
12172,SIDM01051,RU-SKI 43,1
12173,SIDM00312,RU-SKI 43,1
12174,SIDM01047,RU-SKI 43,1
12175,SIDM00929,RU-SKI 43,1
12176,SIDM00329,RU-SKI 43,1
12177,SIDM01048,RU-SKI 43,1
12178,SIDM00962,RU-SKI 43,1
12179,SIDM01131,RU-SKI 43,1
12180,SIDM00391,RU-SKI 43,1
12181,SIDM00148,RU-SKI 43,1
12182,SIDM00407,RU-SKI 43,1
12183,SIDM00332,RU-SKI 43,1
12184,SIDM01057,RU-SKI 43,1
12185,SIDM00446,RU-SKI 43,1
12186,SIDM00995,RU-SKI 43,1
12187,SIDM00931,RU-SKI 43,1
12188,SIDM00417,RU-SKI 43,1
12189,SIDM00944,RU-SKI 43,1
12190,SIDM00988,RU-SKI 43,1
12191,SIDM00996,RU-SKI 43,1
12192,SIDM01191,RU-SKI 43,1
12193,SIDM01049,RU-SKI 43,1
12194,SIDM01043,RU-SKI 43,1
12195,SIDM01056,RU-SKI 43,1
12196,SIDM01066,RU-SKI 43,1
12197,SIDM00896,RU-SKI 43,1
12198,SIDM00338,RU-SKI 43,1
12199,SIDM00401,RU-SKI 43,1
12200,SIDM01082,RU-SKI 43,1
12201,SIDM01027,RU-SKI 43,1
12202,SIDM00087,RU-SKI 43,1
12203,SIDM01036,RU-SKI 43,1
12204,SIDM00479,RU-SKI 43,1
12205,SIDM00410,RU-SKI 43,1
12206,SIDM00985,RU-SKI 43,1
12207,SIDM00950,RU-SKI 43,1
12208,SIDM01060,RU-SKI 43,1
12209,SIDM00957,RU-SKI 43,1
12210,SIDM00121,RU-SKI 43,1
12211,SIDM01031,RU-SKI 43,1
12212,SIDM00829,RU-SKI 43,1
12213,SIDM00286,Rapamycin,1
12214,SIDM00437,Rapamycin,1
12215,SIDM00413,Rapamycin,1
12216,SIDM00428,Rapamycin,1
12217,SIDM01036,Rapamycin,1
12218,SIDM00948,Rapamycin,1
12219,SIDM00785,Rapamycin,1
12220,SIDM00637,Rapamycin,1
12221,SIDM00949,Rapamycin,1
12222,SIDM00886,Rapamycin,1
12223,SIDM01107,Rapamycin,1
12224,SIDM00289,Rapamycin,1
12225,SIDM00087,Rapamycin,1
12226,SIDM00407,Rapamycin,1
12227,SIDM00900,Rapamycin,1
12228,SIDM01005,Rapamycin,1
12229,SIDM00877,Rapamycin,1
12230,SIDM00993,Rapamycin,1
12231,SIDM00312,Rapamycin,1
12232,SIDM01004,Rapamycin,1
12233,SIDM00308,Rapamycin,1
12234,SIDM01064,Rapamycin,1
12235,SIDM00429,Rapamycin,1
12236,SIDM00121,Rapamycin,1
12237,SIDM00412,Rapamycin,1
12238,SIDM00344,Refametinib,1
12239,SIDM01067,Refametinib,1
12240,SIDM00964,Refametinib,1
12241,SIDM00937,Refametinib,1
12242,SIDM00438,Refametinib,1
12243,SIDM01062,Refametinib,1
12244,SIDM00413,Refametinib,1
12245,SIDM01172,Refametinib,1
12246,SIDM00479,Refametinib,1
12247,SIDM00986,Refametinib,1
12248,SIDM00950,Refametinib,1
12249,SIDM00448,Refametinib,1
12250,SIDM00993,Refametinib,1
12251,SIDM00272,Refametinib,1
12252,SIDM01131,Refametinib,1
12253,SIDM01027,Refametinib,1
12254,SIDM00594,Refametinib,1
12255,SIDM00946,Refametinib,1
12256,SIDM01107,Refametinib,1
12257,SIDM00339,Refametinib,1
12258,SIDM01029,Refametinib,1
12259,SIDM00087,Refametinib,1
12260,SIDM00580,Refametinib,1
12261,SIDM01036,Refametinib,1
12262,SIDM00941,Refametinib,1
12263,SIDM00289,Refametinib,1
12264,SIDM00433,Refametinib,1
12265,SIDM00437,Refametinib,1
12266,SIDM00628,Refametinib,1
12267,SIDM00989,Refametinib,1
12268,SIDM00526,Refametinib,1
12269,SIDM00946,Refametinib,1
12270,SIDM00329,Refametinib,1
12271,SIDM00932,Refametinib,1
12272,SIDM01148,Refametinib,1
12273,SIDM00340,Refametinib,1
12274,SIDM00907,Refametinib,1
12275,SIDM01001,Refametinib,1
12276,SIDM01034,Refametinib,1
12277,SIDM00327,Refametinib,1
12278,SIDM00936,Refametinib,1
12279,SIDM00829,Refametinib,1
12280,SIDM00944,Refametinib,1
12281,SIDM00463,Refametinib,1
12282,SIDM00948,Refametinib,1
12283,SIDM00423,Refametinib,1
12284,SIDM00783,Refametinib,1
12285,SIDM00948,Refametinib,1
12286,SIDM00515,Refametinib,1
12287,SIDM00896,Refametinib,1
12288,SIDM00434,Refametinib,1
12289,SIDM00990,Refametinib,1
12290,SIDM00406,Refametinib,1
12291,SIDM00286,Refametinib,1
12292,SIDM00285,Refametinib,1
12293,SIDM00441,Refametinib,1
12294,SIDM00460,Refametinib,1
12295,SIDM00947,Refametinib,1
12296,SIDM00580,Refametinib,1
12297,SIDM01029,Refametinib,1
12298,SIDM00962,Refametinib,1
12299,SIDM00438,Refametinib,1
12300,SIDM00146,Refametinib,1
12301,SIDM01062,Refametinib,1
12302,SIDM00628,Refametinib,1
12303,SIDM00395,Refametinib,1
12304,SIDM00342,Refametinib,1
12305,SIDM00386,Refametinib,1
12306,SIDM00867,Refametinib,1
12307,SIDM00957,Refametinib,1
12308,SIDM00331,Refametinib,1
12309,SIDM00121,Refametinib,1
12310,SIDM00789,Refametinib,1
12311,SIDM00284,Refametinib,1
12312,SIDM00785,Refametinib,1
12313,SIDM00798,Refametinib,1
12314,SIDM01110,Refametinib,1
12315,SIDM01023,Refametinib,1
12316,SIDM00391,Refametinib,1
12317,SIDM01028,Refametinib,1
12318,SIDM01049,Refametinib,1
12319,SIDM01076,Refametinib,1
12320,SIDM00453,Refametinib,1
12321,SIDM01070,Refametinib,1
12322,SIDM00454,Refametinib,1
12323,SIDM00995,Refametinib,1
12324,SIDM01031,Refametinib,1
12325,SIDM01086,Refametinib,1
12326,SIDM00980,Refametinib,1
12327,SIDM00903,Refametinib,1
12328,SIDM00947,Refametinib,1
12329,SIDM01191,Refametinib,1
12330,SIDM01057,Refametinib,1
12331,SIDM00454,Refametinib,1
12332,SIDM00387,Refametinib,1
12333,SIDM00983,Refametinib,1
12334,SIDM01107,Refametinib,1
12335,SIDM00394,Refametinib,1
12336,SIDM01034,Refametinib,1
12337,SIDM00982,Refametinib,1
12338,SIDM00907,Refametinib,1
12339,SIDM00927,Refametinib,1
12340,SIDM00930,Refametinib,1
12341,SIDM00407,Refametinib,1
12342,SIDM00447,Refametinib,1
12343,SIDM00429,Refametinib,1
12344,SIDM00413,Refametinib,1
12345,SIDM00951,Refametinib,1
12346,SIDM00395,Refametinib,1
12347,SIDM01191,Refametinib,1
12348,SIDM01172,Refametinib,1
12349,SIDM00957,Refametinib,1
12350,SIDM01248,Refametinib,1
12351,SIDM00442,Refametinib,1
12352,SIDM00986,Refametinib,1
12353,SIDM00312,Refametinib,1
12354,SIDM01056,Refametinib,1
12355,SIDM00308,Refametinib,1
12356,SIDM01018,Refametinib,1
12357,SIDM01070,Refametinib,1
12358,SIDM00343,Refametinib,1
12359,SIDM00458,Refametinib,1
12360,SIDM00874,Refametinib,1
12361,SIDM00939,Refametinib,1
12362,SIDM00993,Rucaparib,1
12363,SIDM00946,Rucaparib,1
12364,SIDM01056,Rucaparib,1
12365,SIDM00637,Rucaparib,1
12366,SIDM01058,Rucaparib,1
12367,SIDM01069,Rucaparib,1
12368,SIDM01045,Rucaparib,1
12369,SIDM00087,Rucaparib,1
12370,SIDM00411,Rucaparib,1
12371,SIDM01154,Rucaparib,1
12372,SIDM00442,Rucaparib,1
12373,SIDM00121,Rucaparib,1
12374,SIDM00446,Rucaparib,1
12375,SIDM01059,Rucaparib,1
12376,SIDM00332,Rucaparib,1
12377,SIDM00939,Rucaparib,1
12378,SIDM00580,Rucaparib,1
12379,SIDM00903,Rucaparib,1
12380,SIDM00463,Rucaparib,1
12381,SIDM00088,Rucaparib,1
12382,SIDM01020,Rucaparib,1
12383,SIDM00438,Rucaparib,1
12384,SIDM00402,Rucaparib,1
12385,SIDM00403,Rucaparib,1
12386,SIDM00947,Rucaparib,1
12387,SIDM01176,Rucaparib,1
12388,SIDM00828,Rucaparib,1
12389,SIDM01131,Rucaparib,1
12390,SIDM00944,Rucaparib,1
12391,SIDM00451,Rucaparib,1
12392,SIDM00458,Rucaparib,1
12393,SIDM00330,Rucaparib,1
12394,SIDM00431,Rucaparib,1
12395,SIDM00942,Rucaparib,1
12396,SIDM00927,Rucaparib,1
12397,SIDM00443,Rucaparib,1
12398,SIDM01002,Rucaparib,1
12399,SIDM00308,Rucaparib,1
12400,SIDM00453,Rucaparib,1
12401,SIDM01148,Rucaparib,1
12402,SIDM01029,Rucaparib,1
12403,SIDM01191,Rucaparib,1
12404,SIDM00948,Rucaparib,1
12405,SIDM00389,Rucaparib,1
12406,SIDM01064,Rucaparib,1
12407,SIDM00340,Rucaparib,1
12408,SIDM01040,Rucaparib,1
12409,SIDM00499,Rucaparib,1
12410,SIDM00860,Rucaparib,1
12411,SIDM00594,Rucaparib,1
12412,SIDM00284,Rucaparib,1
12413,SIDM00146,Rucaparib,1
12414,SIDM00460,Rucaparib,1
12415,SIDM00286,Rucaparib,1
12416,SIDM00388,Rucaparib,1
12417,SIDM00950,Rucaparib,1
12418,SIDM00415,Rucaparib,1
12419,SIDM01012,Rucaparib,1
12420,SIDM01024,Rucaparib,1
12421,SIDM00999,Rucaparib,1
12422,SIDM00990,Rucaparib,1
12423,SIDM00983,Ruxolitinib,1
12424,SIDM00448,Ruxolitinib,1
12425,SIDM01051,Ruxolitinib,1
12426,SIDM01087,Ruxolitinib,1
12427,SIDM00333,Ruxolitinib,1
12428,SIDM00247,Ruxolitinib,1
12429,SIDM00661,Ruxolitinib,1
12430,SIDM00145,Ruxolitinib,1
12431,SIDM00798,Ruxolitinib,1
12432,SIDM00339,Ruxolitinib,1
12433,SIDM00421,Ruxolitinib,1
12434,SIDM00402,Ruxolitinib,1
12435,SIDM00401,Ruxolitinib,1
12436,SIDM00999,Ruxolitinib,1
12437,SIDM00946,Ruxolitinib,1
12438,SIDM01036,Ruxolitinib,1
12439,SIDM01003,Ruxolitinib,1
12440,SIDM00396,Ruxolitinib,1
12441,SIDM00942,Ruxolitinib,1
12442,SIDM00953,Ruxolitinib,1
12443,SIDM00429,Ruxolitinib,1
12444,SIDM00345,Ruxolitinib,1
12445,SIDM00895,Ruxolitinib,1
12446,SIDM01064,Ruxolitinib,1
12447,SIDM01043,Ruxolitinib,1
12448,SIDM00985,Ruxolitinib,1
12449,SIDM01012,Ruxolitinib,1
12450,SIDM00334,Ruxolitinib,1
12451,SIDM00405,Ruxolitinib,1
12452,SIDM01179,Ruxolitinib,1
12453,SIDM00980,Ruxolitinib,1
12454,SIDM00943,Ruxolitinib,1
12455,SIDM01040,Ruxolitinib,1
12456,SIDM00939,Ruxolitinib,1
12457,SIDM00327,Ruxolitinib,1
12458,SIDM01218,Ruxolitinib,1
12459,SIDM00947,Ruxolitinib,1
12460,SIDM00903,Ruxolitinib,1
12461,SIDM00272,Ruxolitinib,1
12462,SIDM01068,Ruxolitinib,1
12463,SIDM00423,Ruxolitinib,1
12464,SIDM00657,Ruxolitinib,1
12465,SIDM00343,Ruxolitinib,1
12466,SIDM00458,Ruxolitinib,1
12467,SIDM01029,Ruxolitinib,1
12468,SIDM00832,Ruxolitinib,1
12469,SIDM00594,Ruxolitinib,1
12470,SIDM01030,Ruxolitinib,1
12471,SIDM00628,Ruxolitinib,1
12472,SIDM00940,Ruxolitinib,1
12473,SIDM00706,Ruxolitinib,1
12474,SIDM01019,Ruxolitinib,1
12475,SIDM00434,Ruxolitinib,1
12476,SIDM00332,Ruxolitinib,1
12477,SIDM01020,Ruxolitinib,1
12478,SIDM00420,Ruxolitinib,1
12479,SIDM00410,Ruxolitinib,1
12480,SIDM00342,Ruxolitinib,1
12481,SIDM00088,Ruxolitinib,1
12482,SIDM00284,Ruxolitinib,1
12483,SIDM00706,S-Trityl-L-cysteine,1
12484,SIDM00953,S-Trityl-L-cysteine,1
12485,SIDM00954,S-Trityl-L-cysteine,1
12486,SIDM00443,S-Trityl-L-cysteine,1
12487,SIDM01005,S-Trityl-L-cysteine,1
12488,SIDM01248,S-Trityl-L-cysteine,1
12489,SIDM01023,S-Trityl-L-cysteine,1
12490,SIDM00327,S-Trityl-L-cysteine,1
12491,SIDM00994,S-Trityl-L-cysteine,1
12492,SIDM01086,S-Trityl-L-cysteine,1
12493,SIDM00458,S-Trityl-L-cysteine,1
12494,SIDM01036,S-Trityl-L-cysteine,1
12495,SIDM00346,S-Trityl-L-cysteine,1
12496,SIDM00087,S-Trityl-L-cysteine,1
12497,SIDM00404,S-Trityl-L-cysteine,1
12498,SIDM01172,S-Trityl-L-cysteine,1
12499,SIDM01089,S-Trityl-L-cysteine,1
12500,SIDM00387,S-Trityl-L-cysteine,1
12501,SIDM00632,S-Trityl-L-cysteine,1
12502,SIDM00396,S-Trityl-L-cysteine,1
12503,SIDM00434,S-Trityl-L-cysteine,1
12504,SIDM00287,S-Trityl-L-cysteine,1
12505,SIDM00657,S-Trityl-L-cysteine,1
12506,SIDM00340,S-Trityl-L-cysteine,1
12507,SIDM00447,S-Trityl-L-cysteine,1
12508,SIDM00877,S-Trityl-L-cysteine,1
12509,SIDM00342,S-Trityl-L-cysteine,1
12510,SIDM00927,S-Trityl-L-cysteine,1
12511,SIDM01004,S-Trityl-L-cysteine,1
12512,SIDM00329,S-Trityl-L-cysteine,1
12513,SIDM00391,S-Trityl-L-cysteine,1
12514,SIDM00403,S-Trityl-L-cysteine,1
12515,SIDM00451,S-Trityl-L-cysteine,1
12516,SIDM00829,S-Trityl-L-cysteine,1
12517,SIDM00431,S-Trityl-L-cysteine,1
12518,SIDM00428,S-Trityl-L-cysteine,1
12519,SIDM00948,SB216763,1
12520,SIDM00446,SB216763,1
12521,SIDM00935,SB216763,1
12522,SIDM00867,SB216763,1
12523,SIDM00982,SB216763,1
12524,SIDM00387,SB216763,1
12525,SIDM00594,SB216763,1
12526,SIDM01076,SB216763,1
12527,SIDM00336,SB216763,1
12528,SIDM00954,SB216763,1
12529,SIDM00810,SB216763,1
12530,SIDM01009,SB216763,1
12531,SIDM00460,SB216763,1
12532,SIDM00087,SB216763,1
12533,SIDM00448,SB216763,1
12534,SIDM00785,SB216763,1
12535,SIDM00422,SB216763,1
12536,SIDM00332,SB216763,1
12537,SIDM01056,SB216763,1
12538,SIDM01059,SB216763,1
12539,SIDM01068,SB216763,1
12540,SIDM01073,SB216763,1
12541,SIDM00405,SB216763,1
12542,SIDM00343,SB216763,1
12543,SIDM00402,SB216763,1
12544,SIDM00145,SB216763,1
12545,SIDM00461,SB216763,1
12546,SIDM01148,SB216763,1
12547,SIDM00450,SB216763,1
12548,SIDM00993,SB216763,1
12549,SIDM01013,SB216763,1
12550,SIDM00443,SB216763,1
12551,SIDM00661,SB216763,1
12552,SIDM00334,SB216763,1
12553,SIDM00927,SB216763,1
12554,SIDM00342,SB216763,1
12555,SIDM01087,SB216763,1
12556,SIDM00454,SB216763,1
12557,SIDM00333,SB216763,1
12558,SIDM00458,SB216763,1
12559,SIDM00964,SB216763,1
12560,SIDM01049,SB216763,1
12561,SIDM00990,SB216763,1
12562,SIDM00499,SB216763,1
12563,SIDM00798,SB216763,1
12564,SIDM01218,SB216763,1
12565,SIDM01004,SB216763,1
12566,SIDM00999,SB216763,1
12567,SIDM00515,SB216763,1
12568,SIDM00896,SB216763,1
12569,SIDM01031,SB216763,1
12570,SIDM01034,SB216763,1
